--==========================================================================================================================	
-- PROMOTIONS
--==========================================================================================================================	
-- UnitPromotions
------------------------------
INSERT OR REPLACE INTO UnitPromotions 
		(Type, 									AdjacentMod,	AdjacentTileHealChange,	AlwaysHeal,	Amphib,	River,	AttackFortifiedMod,	AttackMod,	AttackWoundedMod,	BarbarianCombatBonus,	CanMoveAfterAttacking,	CapitalDefenseModifier,	CapitalDefenseFalloff,	CaptureDefeatedEnemy,	CityAttack,	CityDefense,	CityAttackPlunderModifier,	DefenseMod,	ExtraAttacks,	ExtraNavalMovement,	EmbarkExtraVisibility,		FlankAttackModifier,	FreePillageMoves,	HeavyCharge,	HillsDoubleMove,	HealOutsideFriendly,	FriendlyHealChange,	NeutralHealChange,	EnemyHealChange,	GreatGeneralModifier,	GoldenAgeValueFromKills,	HPHealedIfDestroyEnemy,	IgnoreTerrainCost,	IgnoreZOC,	InterceptionDefenseDamageModifier,	MaxHitPointsChange,	MovesChange,	NumInterceptionChange,	RangeAttackIgnoreLOS,	NearbyEnemyCombatMod,	NearbyEnemyCombatRange,	OpenAttack,	RoughAttack,	OutsideFriendlyLandsModifier,	FriendlyLandsModifier,	DropRange,	RangeChange, RangedDefenseMod,	RivalTerritory,	VisibilityChange,	Description, 									Help, 												JFD_Mercenary,	ExperiencePercent,	IgnoreGreatGeneralBenefit,	CannotBeChosen,		Sound,				PortraitIndex,	IconAtlas, 						PediaType, 				PediaEntry)
VALUES	('PROMOTION_JFD_MERCENARY', 			0,				0,						0,			0,		0,		0,					0,			0,					0,						0,						0,						0,						0,						0,			0,				0,							0,			0,				0,					0,							0,						0,					0,				0,					0,						0,					0,					0,					0,						0,							0,						0,					0,			0,									0,					0,				0,						0,						0,						0,						0,			0,				0,								0,						0,			0,			 0,					0,				0,					'TXT_KEY_PROMOTION_JFD_MERCENARY',				'TXT_KEY_PROMOTION_JFD_MERCENARY_HELP', 			1,				0,					0,							0, 					NULL,				59, 			'ABILITY_ATLAS', 				'PEDIA_ATTRIBUTES',		'TXT_KEY_PROMOTION_JFD_MERCENARY'),
 		('PROMOTION_JFD_MERCENARY_IGNORE_GG', 	0,				0,						0,			0,		0,		0,					0,			0,					0,						0,						0,						0,						0,						0,			0,				0,							0,			0,				0,					0,							0,						0,					0,				0,					0,						0,					0,					0,					0,						0,							0,						0,					0,			0,									0,					0,				0,						0,						0,						0,						0,			0,				0,								0,						0,			0,			 0,					0,				0,					'TXT_KEY_PROMOTION_JFD_MERCENARY_IGNORE_GG',	'TXT_KEY_PROMOTION_JFD_MERCENARY_IGNORE_GG_HELP', 	0,				0,					1,							0, 					NULL,				59, 			'ABILITY_ATLAS', 				'PEDIA_ATTRIBUTES',		'TXT_KEY_PROMOTION_JFD_MERCENARY_IGNORE_GG'),
		('PROMOTION_JFD_MERCENARY_1', 			0,				0,						0,			0,		0,		0,					5,			0,					0,						0,						0,						0,						0,						0,			0,				0,							5,			0,				0,					0,							0,						0,					0,				0,					0,						0,					0,					0,					0,						0,							0,						0,					0,			0,									0,					0,				0,						0,						0,						0,						0,			0,				0,								0,						0,			0,			 0,					0,				0,					'TXT_KEY_PROMOTION_JFD_MERCENARY_1',			'TXT_KEY_PROMOTION_JFD_MERCENARY_1_HELP', 			0,				0,					0,							0, 					NULL,				59, 			'ABILITY_ATLAS', 				'PEDIA_ATTRIBUTES',		'TXT_KEY_PROMOTION_JFD_MERCENARY_1'),
		('PROMOTION_JFD_MERCENARY_2', 			0,				0,						0,			0,		0,		0,					5,			0,					0,						0,						0,						0,						0,						0,			0,				0,							5,			0,				0,					0,							0,						0,					0,				0,					0,						0,					0,					0,					0,						0,							0,						0,					0,			0,									0,					0,				0,						0,						0,						0,						0,			0,				0,								0,						0,			0,			 0,					0,				0,					'TXT_KEY_PROMOTION_JFD_MERCENARY_2',			'TXT_KEY_PROMOTION_JFD_MERCENARY_1_HELP', 			0,				0,					0,							0, 					NULL,				59, 			'ABILITY_ATLAS', 				'PEDIA_ATTRIBUTES',		'TXT_KEY_PROMOTION_JFD_MERCENARY_2'),
		('PROMOTION_JFD_MERCENARY_3', 			0,				0,						0,			0,		0,		0,					5,			0,					0,						0,						0,						0,						0,						0,			0,				0,							5,			0,				0,					0,							0,						0,					0,				0,					0,						0,					0,					0,					0,						0,							0,						0,					0,			0,									0,					0,				0,						0,						0,						0,						0,			0,				0,								0,						0,			0,			 0,					0,				0,					'TXT_KEY_PROMOTION_JFD_MERCENARY_3',			'TXT_KEY_PROMOTION_JFD_MERCENARY_1_HELP', 			0,				0,					0,							0, 					NULL,				59, 			'ABILITY_ATLAS', 				'PEDIA_ATTRIBUTES',		'TXT_KEY_PROMOTION_JFD_MERCENARY_3'),
		('PROMOTION_JFD_MERCENARY_4', 			0,				0,						0,			0,		0,		0,					5,			0,					0,						0,						0,						0,						0,						0,			0,				0,							5,			0,				0,					0,							0,						0,					0,				0,					0,						0,					0,					0,					0,						0,							0,						0,					0,			0,									0,					0,				0,						0,						0,						0,						0,			0,				0,								0,						0,			0,			 0,					0,				0,					'TXT_KEY_PROMOTION_JFD_MERCENARY_4',			'TXT_KEY_PROMOTION_JFD_MERCENARY_1_HELP', 			0,				0,					0,							0, 					NULL,				59, 			'ABILITY_ATLAS', 				'PEDIA_ATTRIBUTES',		'TXT_KEY_PROMOTION_JFD_MERCENARY_4'),
		('PROMOTION_JFD_MERCENARY_5', 			0,				0,						0,			0,		0,		0,					5,			0,					0,						0,						0,						0,						0,						0,			0,				0,							5,			0,				0,					0,							0,						0,					0,				0,					0,						0,					0,					0,					0,						0,							0,						0,					0,			0,									0,					0,				0,						0,						0,						0,						0,			0,				0,								0,						0,			0,			 0,					0,				0,					'TXT_KEY_PROMOTION_JFD_MERCENARY_5',			'TXT_KEY_PROMOTION_JFD_MERCENARY_1_HELP', 			0,				0,					0,							0, 					NULL,				59, 			'ABILITY_ATLAS', 				'PEDIA_ATTRIBUTES',		'TXT_KEY_PROMOTION_JFD_MERCENARY_5'),
		('PROMOTION_JFD_MERCENARY_6', 			0,				0,						0,			0,		0,		0,					5,			0,					0,						0,						0,						0,						0,						0,			0,				0,							5,			0,				0,					0,							0,						0,					0,				0,					0,						0,					0,					0,					0,						0,							0,						0,					0,			0,									0,					0,				0,						0,						0,						0,						0,			0,				0,								0,						0,			0,			 0,					0,				0,					'TXT_KEY_PROMOTION_JFD_MERCENARY_6',			'TXT_KEY_PROMOTION_JFD_MERCENARY_1_HELP', 			0,				0,					0,							0, 					NULL,				59, 			'ABILITY_ATLAS', 				'PEDIA_ATTRIBUTES',		'TXT_KEY_PROMOTION_JFD_MERCENARY_6'),
		('PROMOTION_JFD_MERCENARY_7', 			0,				0,						0,			0,		0,		0,					5,			0,					0,						0,						0,						0,						0,						0,			0,				0,							5,			0,				0,					0,							0,						0,					0,				0,					0,						0,					0,					0,					0,						0,							0,						0,					0,			0,									0,					0,				0,						0,						0,						0,						0,			0,				0,								0,						0,			0,			 0,					0,				0,					'TXT_KEY_PROMOTION_JFD_MERCENARY_7',			'TXT_KEY_PROMOTION_JFD_MERCENARY_1_HELP', 			0,				0,					0,							0, 					NULL,				59, 			'ABILITY_ATLAS', 				'PEDIA_ATTRIBUTES',		'TXT_KEY_PROMOTION_JFD_MERCENARY_7'),
		('PROMOTION_JFD_MERCENARY_8', 			0,				0,						0,			0,		0,		0,					5,			0,					0,						0,						0,						0,						0,						0,			0,				0,							5,			0,				0,					0,							0,						0,					0,				0,					0,						0,					0,					0,					0,						0,							0,						0,					0,			0,									0,					0,				0,						0,						0,						0,						0,			0,				0,								0,						0,			0,			 0,					0,				0,					'TXT_KEY_PROMOTION_JFD_MERCENARY_8',			'TXT_KEY_PROMOTION_JFD_MERCENARY_1_HELP', 			0,				0,					0,							0, 					NULL,				59, 			'ABILITY_ATLAS', 				'PEDIA_ATTRIBUTES',		'TXT_KEY_PROMOTION_JFD_MERCENARY_8'),
		('PROMOTION_JFD_AIRSCAN', 				0,				0,						0,			0,		0,		0,					0,			0,					0,						0,						0,						0,						0,						0,			0,				0,							0,			0,				0,					0,							0,						0,					0,				0,					0,						0,					0,					0,					0,						0,							0,						0,					0,			0,									0,					0,				0,						0,						0,						0,						0,			0,				0,								0,						0,			2,			 0,					0,				4,					'TXT_KEY_CONTRACT_JFD_AIRSCAN_DESC',			'TXT_KEY_PROMOTION_JFD_AIRSCAN_HELP', 				0,				-100,				0,							1, 					NULL,				58, 			'ABILITY_ATLAS', 				'PEDIA_ATTRIBUTES',		'TXT_KEY_CONTRACT_JFD_AIRSCAN_DESC'),
		('PROMOTION_JFD_AL_TARSUSI', 			0,				0,						0,			0,		0,		0,					0,			0,					0,						0,						0,						0,						0,						0,			0,				0,							0,			0,				0,					0,							0,						0,					0,				0,					0,						0,					0,					0,					0,						0,							0,						0,					0,			0,									0,					0,				0,						0,						0,						0,						0,			0,				0,								0,						0,			0,			 20,				0,				0,					'TXT_KEY_CONTRACT_JFD_AL_TARSUSI_DESC',			'TXT_KEY_PROMOTION_JFD_AL_TARSUSI_HELP', 			0,				-100,				0,							1, 					NULL,				58, 			'ABILITY_ATLAS', 				'PEDIA_ATTRIBUTES',		'TXT_KEY_CONTRACT_JFD_AL_TARSUSI_DESC'),
		('PROMOTION_JFD_AMSAIG', 				0,				0,						0,			0,		0,		0,					0,			0,					0,						0,						0,						0,						0,						0,			0,				0,							0,			0,				0,					0,							0,						0,					0,				0,					0,						0,					0,					0,					0,						0,							0,						0,					0,			0,									0,					0,				0,						0,						0,						0,						0,			0,				0,								0,						0,			0,			 0,					0,				0,					'TXT_KEY_CONTRACT_JFD_AMSAIG_DESC',				'TXT_KEY_PROMOTION_JFD_AMSAIG_HELP', 				0,				-100,				0,							1, 					NULL,				58, 			'ABILITY_ATLAS', 				'PEDIA_ATTRIBUTES',		'TXT_KEY_CONTRACT_JFD_AMSAIG_DESC'),
		('PROMOTION_JFD_ARCHIMEDES', 			0,				0,						0,			0,		0,		0,					0,			0,					0,						0,						0,						0,						0,						0,			0,				0,							0,			0,				0,					0,							0,						0,					0,				0,					0,						0,					0,					0,					0,						0,							0,						0,					0,			0,									0,					0,				0,						1,						0,						0,						0,			0,				0,								0,						0,			0,			 0,					0,				0,					'TXT_KEY_CONTRACT_JFD_ARCHIMEDES_DESC',			'TXT_KEY_PROMOTION_JFD_ARCHIMEDES_HELP', 			0,				-100,				0,							1, 					NULL,				58, 			'ABILITY_ATLAS', 				'PEDIA_ATTRIBUTES',		'TXT_KEY_CONTRACT_JFD_ARCHIMEDES_DESC'),
		('PROMOTION_JFD_ATHOLL', 				0,				0,						0,			0,		0,		0,					0,			0,					0,						0,						0,						0,						0,						0,			0,				0,							0,			0,				0,					0,							0,						0,					0,				0,					0,						0,					0,					0,					0,						0,							0,						0,					0,			0,									0,					0,				0,						0,						0,						0,						0,			0,				0,								0,						0,			0,			 0,					0,				0,					'TXT_KEY_CONTRACT_JFD_ATHOLL_DESC',				'TXT_KEY_PROMOTION_JFD_ATHOLL_HELP', 				0,				-100,				0,							1, 					NULL,				58, 			'ABILITY_ATLAS', 				'PEDIA_ATTRIBUTES',		'TXT_KEY_CONTRACT_JFD_ATHOLL_DESC'),
		('PROMOTION_JFD_ATTACOTTI', 			0,				0,						0,			0,		0,		0,					0,			0,					0,						0,						0,						0,						0,						0,			0,				0,							0,			0,				0,					0,							0,						0,					0,				0,					0,						0,					0,					0,					0,						0,							10,						0,					0,			0,									0,					0,				0,						0,						0,						0,						0,			0,				0,								0,						0,			0,			 0,					0,				0,					'TXT_KEY_CONTRACT_JFD_ATTACOTTI_DESC',			'TXT_KEY_PROMOTION_JFD_ATTACOTTI_HELP', 			0,				-100,				0,							1, 					NULL,				58, 			'ABILITY_ATLAS', 				'PEDIA_ATTRIBUTES',		'TXT_KEY_CONTRACT_JFD_ATTACOTTI_DESC'),
		('PROMOTION_JFD_BAE_SYSTEMS', 			0,				0,						0,			0,		0,		0,					0,			0,					0,						0,						0,						0,						0,						0,			0,				0,							0,			0,				0,					0,							0,						0,					0,				0,					0,						10,					10,					10,					0,						0,							0,						0,					0,			0,									0,					0,				0,						0,						0,						0,						0,			0,				0,								0,						0,			0,			 0,					0,				0,					'TXT_KEY_CONTRACT_JFD_BAE_SYSTEMS_DESC',		'TXT_KEY_PROMOTION_JFD_BAE_SYSTEMS_HELP', 			0,				-100,				0,							1, 					NULL,				58, 			'ABILITY_ATLAS', 				'PEDIA_ATTRIBUTES',		'TXT_KEY_CONTRACT_JFD_BAE_SYSTEMS_DESC'),
		('PROMOTION_JFD_BANDEIRANTES', 			0,				0,						0,			0,		0,		0,					0,			0,					0,						0,						0,						0,						0,						0,			0,				0,							0,			0,				0,					0,							0,						0,					0,				0,					0,						0,					0,					0,					0,						0,							0,						1,					0,			0,									0,					0,				0,						0,						0,						0,						0,			0,				0,								0,						0,			0,			 0,					0,				0,					'TXT_KEY_CONTRACT_JFD_BANDEIRANTES_DESC',		'TXT_KEY_PROMOTION_JFD_BANDEIRANTES_HELP', 			0,				-100,				0,							1, 					NULL,				58, 			'ABILITY_ATLAS', 				'PEDIA_ATTRIBUTES',		'TXT_KEY_CONTRACT_JFD_BANDEIRANTES_DESC'),
		('PROMOTION_JFD_BARBARY_CORSAIRS', 		0,				0,						0,			0,		0,		0,					0,			0,					0,						0,						0,						0,						1,						0,			0,				0,							0,			0,				0,					0,							0,						0,					0,				0,					0,						0,					0,					0,					0,						0,							0,						0,					0,			0,									0,					0,				0,						0,						0,						0,						0,			0,				0,								0,						0,			0,			 0,					0,				0,					'TXT_KEY_CONTRACT_JFD_BARBARY_CORSAIRS_DESC',	'TXT_KEY_PROMOTION_JFD_BARBARY_CORSAIRS_HELP', 		0,				-100,				0,							1, 					NULL,				58, 			'ABILITY_ATLAS', 				'PEDIA_ATTRIBUTES',		'TXT_KEY_CONTRACT_JFD_BARBARY_CORSAIRS_DESC'),
		('PROMOTION_JFD_BASHI_BAZOUK', 			0,				0,						0,			0,		0,		0,					10,			0,					0,						0,						0,						0,						0,						0,			0,				0,							0,			0,				0,					0,							0,						0,					0,				0,					0,						0,					0,					0,					0,						0,							0,						0,					0,			0,									0,					0,				0,						0,						0,						0,						0,			0,				0,								0,						0,			0,			 0,					0,				0,					'TXT_KEY_CONTRACT_JFD_BASHI_BAZOUK_DESC',		'TXT_KEY_PROMOTION_JFD_BASHI_BAZOUK_HELP', 			0,				-100,				0,							1, 					NULL,				58, 			'ABILITY_ATLAS', 				'PEDIA_ATTRIBUTES',		'TXT_KEY_CONTRACT_JFD_BASHI_BAZOUK_DESC'),
		('PROMOTION_JFD_BELEARIC', 				0,				0,						0,			0,		0,		0,					0,			0,					0,						0,						0,						0,						0,						0,			0,				0,							0,			0,				0,					0,							0,						0,					0,				0,					0,						0,					0,					0,					0,						0,							0,						0,					0,			0,									0,					0,				0,						0,						0,						0,						0,			0,				0,								0,						0,			0,			 0,					0,				1,					'TXT_KEY_CONTRACT_JFD_BELEARIC_DESC',			'TXT_KEY_PROMOTION_JFD_BELEARIC_HELP',				0,				-100,				0,							1, 					NULL,				58, 			'ABILITY_ATLAS', 				'PEDIA_ATTRIBUTES',		'TXT_KEY_CONTRACT_JFD_BELEARIC_DESC'),
		('PROMOTION_JFD_BERDAN', 				0,				0,						0,			0,		0,		0,					0,			0,					0,						0,						0,						0,						0,						0,			0,				0,							0,			0,				0,					0,							0,						0,					0,				0,					0,						0,					0,					0,					0,						0,							0,						0,					0,			0,									0,					0,				0,						0,						0,						0,						15,			0,				0,								0,						0,			0,			 0,					0,				0,					'TXT_KEY_CONTRACT_JFD_BERDAN_DESC',				'TXT_KEY_PROMOTION_JFD_BERDAN_HELP', 				0,				-100,				0,							1, 					NULL,				58, 			'ABILITY_ATLAS', 				'PEDIA_ATTRIBUTES',		'TXT_KEY_CONTRACT_JFD_BERDAN_DESC'),
		('PROMOTION_JFD_BESSI', 				0,				0,						0,			0,		0,		0,					0,			0,					0,						0,						0,						0,						0,						10,			0,				33,							0,			0,				0,					0,							0,						0,					0,				0,					0,						0,					0,					0,					0,						0,							0,						0,					0,			0,									0,					0,				0,						0,						0,						0,						0,			0,				0,								0,						0,			0,			 0,					0,				0,					'TXT_KEY_CONTRACT_JFD_BESSI_DESC',				'TXT_KEY_PROMOTION_JFD_BESSI_HELP',					0,				-100,				0,							1, 					NULL,				58, 			'ABILITY_ATLAS', 				'PEDIA_ATTRIBUTES',		'TXT_KEY_CONTRACT_JFD_BESSI_DESC'),
		('PROMOTION_JFD_BLACK_BANDS', 			0,				0,						0,			0,		0,		0,					0,			0,					0,						0,						0,						0,						0,						0,			0,				0,							0,			0,				0,					0,							0,						0,					0,				0,					0,						0,					0,					0,					0,						0,							0,						0,					0,			0,									0,					0,				0,						0,						0,						0,						0,			0,				0,								0,						0,			0,			 0,					0,				0,					'TXT_KEY_CONTRACT_JFD_BLACK_BANDS_DESC',		'TXT_KEY_PROMOTION_JFD_BLACK_BANDS_HELP', 			0,				-100,				0,							1, 					NULL,				58, 			'ABILITY_ATLAS', 				'PEDIA_ATTRIBUTES',		'TXT_KEY_CONTRACT_JFD_BLACK_BANDS_DESC'),
		('PROMOTION_JFD_BLACKWATER', 			0,				0,						0,			0,		0,		0,					0,			0,					0,						0,						0,						0,						0,						0,			0,				0,							0,			0,				0,					0,							0,						0,					0,				0,					0,						0,					0,					0,					0,						0,							0,						0,					0,			0,									0,					0,				0,						0,						0,						0,						0,			0,				0,								0,						0,			0,			 0,					0,				0,					'TXT_KEY_CONTRACT_JFD_BLACKWATER_DESC',			'TXT_KEY_PROMOTION_JFD_BLACKWATER_HELP', 			0,				-100,				0,							1, 					NULL,				58, 			'ABILITY_ATLAS', 				'PEDIA_ATTRIBUTES',		'TXT_KEY_CONTRACT_JFD_BLACKWATER_DESC'),
		('PROMOTION_JFD_BLUE_GUARDS', 			0,				0,						0,			0,		0,		0,					0,			0,					0,						1,						0,						0,						0,						0,			0,				0,							0,			0,				0,					0,							0,						0,					0,				0,					0,						0,					0,					0,					0,						0,							0,						0,					0,			0,									0,					0,				0,						0,						0,						0,						0,			0,				0,								0,						0,			0,			 0,					0,				0,					'TXT_KEY_CONTRACT_JFD_BLUE_GUARDS_DESC',		'TXT_KEY_PROMOTION_JFD_BLUE_GUARDS_HELP', 			0,				-100,				0,							1, 					NULL,				58, 			'ABILITY_ATLAS', 				'PEDIA_ATTRIBUTES',		'TXT_KEY_CONTRACT_JFD_BLUE_GUARDS_DESC'),
		('PROMOTION_JFD_BOEING', 				0,				0,						1,			0,		0,		0,					0,			0,					0,						0,						0,						0,						0,						0,			0,				0,							0,			0,				0,					0,							0,						0,					0,				0,					0,						0,					0,					0,					0,						0,							0,						0,					0,			0,									0,					0,				0,						0,						0,						0,						0,			0,				0,								0,						0,			0,			 0,					0,				0,					'TXT_KEY_CONTRACT_JFD_BOEING_DESC',				'TXT_KEY_PROMOTION_JFD_BOEING_HELP', 				0,				-100,				0,							1, 					NULL,				58, 			'ABILITY_ATLAS', 				'PEDIA_ATTRIBUTES',		'TXT_KEY_CONTRACT_JFD_BOEING_DESC'),
		('PROMOTION_JFD_BOFORS', 				0,				0,						0,			0,		0,		0,					0,			0,					0,						0,						0,						0,						0,						0,			0,				0,							0,			0,				0,					0,							0,						0,					0,				0,					0,						0,					0,					0,					0,						0,							0,						0,					0,			0,									0,					1,				0,						0,						0,						0,						0,			0,				0,								0,						0,			0,			 0,					0,				0,					'TXT_KEY_CONTRACT_JFD_BOFORS_DESC',				'TXT_KEY_PROMOTION_JFD_BOFORS_HELP', 				0,				-100,				0,							1, 					NULL,				58, 			'ABILITY_ATLAS', 				'PEDIA_ATTRIBUTES',		'TXT_KEY_CONTRACT_JFD_BOFORS_DESC'),
		('PROMOTION_JFD_CATALAN_COMPANY', 		0,				0,						0,			0,		0,		0,					0,			0,					0,						0,						0,						0,						0,						15,			0,				0,							0,			0,				0,					0,							0,						0,					0,				0,					0,						0,					0,					0,					0,						0,							0,						0,					0,			0,									0,					0,				0,						0,						0,						0,						0,			0,				0,								0,						0,			0,			 0,					0,				0,					'TXT_KEY_CONTRACT_JFD_CATALAN_COMPANY_DESC',	'TXT_KEY_PROMOTION_JFD_CATALAN_COMPANY_HELP', 		0,				-100,				0,							1, 					NULL,				58, 			'ABILITY_ATLAS', 				'PEDIA_ATTRIBUTES',		'TXT_KEY_CONTRACT_JFD_CATALAN_COMPANY_DESC'),
		('PROMOTION_JFD_CEBEILLE', 				0,				0,						0,			0,		0,		0,					0,			0,					0,						0,						0,						0,						0,						0,			0,				0,							0,			0,				0,					0,							0,						0,					0,				0,					0,						0,					0,					0,					0,						0,							0,						0,					0,			-25,								0,					0,				0,						0,						0,						0,						0,			0,				0,								0,						0,			0,			 0,					0,				0,					'TXT_KEY_CONTRACT_JFD_CEBEILLE_DESC',			'TXT_KEY_PROMOTION_JFD_CEBEILLE_HELP', 				0,				-100,				0,							1, 					NULL,				58, 			'ABILITY_ATLAS', 				'PEDIA_ATTRIBUTES',		'TXT_KEY_CONTRACT_JFD_CEBEILLE_DESC'),
		('PROMOTION_JFD_CHELA', 				0,				0,						0,			0,		0,		0,					0,			10,					0,						0,						0,						0,						0,						0,			0,				0,							0,			0,				0,					0,							0,						0,					0,				0,					0,						0,					0,					0,					0,						0,							0,						0,					0,			0,									0,					0,				0,						0,						0,						0,						0,			0,				0,								0,						0,			0,			 0,					0,				0,					'TXT_KEY_CONTRACT_JFD_CHELA_DESC',				'TXT_KEY_PROMOTION_JFD_CHELA_HELP', 				0,				-100,				0,							1, 					NULL,				58, 			'ABILITY_ATLAS', 				'PEDIA_ATTRIBUTES',		'TXT_KEY_CONTRACT_JFD_CHELA_DESC'),
		('PROMOTION_JFD_CLAN_SWEENY', 			0,				0,						0,			0,		0,		0,					0,			0,					0,						0,						0,						0,						0,						0,			0,				0,							0,			0,				0,					0,							0,						0,					0,				1,					0,						0,					0,					0,					0,						0,							0,						0,					0,			0,									0,					0,				0,						0,						0,						0,						0,			0,				0,								0,						0,			0,			 0,					0,				0,					'TXT_KEY_CONTRACT_JFD_CLAN_SWEENY_DESC',		'TXT_KEY_PROMOTION_JFD_CLAN_SWEENY_HELP', 			0,				-100,				0,							1, 					NULL,				58, 			'ABILITY_ATLAS', 				'PEDIA_ATTRIBUTES',		'TXT_KEY_CONTRACT_JFD_CLAN_SWEENY_DESC'),
		('PROMOTION_JFD_CINQUE', 				0,				0,						0,			0,		0,		0,					0,			0,					0,						0,						0,						0,						0,						0,			0,				0,							0,			0,				0,					0,							0,						0,					0,				0,					0,						0,					0,					0,					0,						0,							0,						0,					0,			0,									0,					2,				0,						0,						0,						0,						0,			0,				0,								0,						0,			0,			 0,					0,				0,					'TXT_KEY_CONTRACT_JFD_CINQUE_DESC',				'TXT_KEY_PROMOTION_JFD_CINQUE_HELP', 				0,				-100,				0,							1, 					NULL,				58, 			'ABILITY_ATLAS', 				'PEDIA_ATTRIBUTES',		'TXT_KEY_CONTRACT_JFD_CINQUE_DESC'),
		('PROMOTION_JFD_COLONIAL_MARINES', 		0,				0,						0,			1,		1,		0,					0,			0,					0,						0,						0,						0,						0,						0,			0,				0,							0,			0,				0,					0,							0,						0,					0,				0,					0,						0,					0,					0,					0,						0,							0,						0,					0,			0,									0,					0,				0,						0,						0,						0,						0,			0,				0,								0,						0,			0,			 0,					0,				0,					'TXT_KEY_CONTRACT_JFD_COLONIAL_MARINES_DESC',	'TXT_KEY_PROMOTION_JFD_COLONIAL_MARINES_HELP', 		0,				-100,				0,							1, 					NULL,				58, 			'ABILITY_ATLAS', 				'PEDIA_ATTRIBUTES',		'TXT_KEY_CONTRACT_JFD_COLONIAL_MARINES_DESC'),
		('PROMOTION_JFD_CORP_ENGINEER', 		0,				0,						1,			0,		0,		0,					0,			0,					0,						0,						0,						0,						0,						0,			0,				0,							0,			0,				0,					0,							0,						0,					0,				0,					0,						0,					0,					0,					0,						0,							0,						0,					0,			0,									0,					0,				0,						0,						0,						0,						0,			0,				0,								0,						0,			0,			 0,					0,				0,					'TXT_KEY_CONTRACT_JFD_CORP_ENGINEER_DESC',		'TXT_KEY_PROMOTION_JFD_CORP_ENGINEER_HELP', 		0,				-100,				0,							1, 					NULL,				58, 			'ABILITY_ATLAS', 				'PEDIA_ATTRIBUTES',		'TXT_KEY_CONTRACT_JFD_CORP_ENGINEER_DESC'),
		('PROMOTION_JFD_COMPANY_ADVENTURERS', 	0,				0,						0,			0,		0,		0,					0,			0,					0,						0,						0,						0,						0,						0,			0,				0,							0,			0,				2,					2,							0,						0,					0,				0,					0,						0,					0,					0,					0,						0,							0,						0,					0,			0,									0,					0,				0,						0,						0,						0,						0,			0,				0,								0,						0,			0,			 0,					0,				0,					'TXT_KEY_CONTRACT_JFD_COMPANY_ADVENTURERS_DESC','TXT_KEY_PROMOTION_JFD_COMPANY_ADVENTURERS_HELP', 	0,				-100,				0,							1, 					NULL,				58, 			'ABILITY_ATLAS', 				'PEDIA_ATTRIBUTES',		'TXT_KEY_CONTRACT_JFD_COMPANY_ADVENTURERS_DESC'),
		('PROMOTION_JFD_COMPANY_HAT', 			0,				0,						0,			0,		0,		0,					0,			0,					0,						0,						0,						0,						0,						0,			0,				0,							0,			0,				0,					0,							0,						0,					0,				0,					0,						0,					0,					0,					0,						100,						0,						0,					0,			0,									0,					0,				0,						0,						0,						0,						0,			0,				0,								0,						0,			0,			 0,					0,				0,					'TXT_KEY_CONTRACT_JFD_COMPANY_HAT_DESC',		'TXT_KEY_PROMOTION_JFD_COMPANY_HAT_HELP', 			0,				-100,				0,							1, 					NULL,				58, 			'ABILITY_ATLAS', 				'PEDIA_ATTRIBUTES',		'TXT_KEY_CONTRACT_JFD_COMPANY_HAT_DESC'),
		('PROMOTION_JFD_DE_MEURON', 			0,				5,						0,			0,		0,		0,					0,			0,					0,						0,						0,						0,						0,						0,			0,				0,							0,			0,				0,					0,							0,						0,					0,				0,					0,						0,					0,					0,					0,						0,							0,						0,					1,			0,									0,					0,				0,						0,						0,						0,						0,			0,				0,								0,						0,			0,			 0,					0,				0,					'TXT_KEY_CONTRACT_JFD_DE_MEURON_DESC',			'TXT_KEY_PROMOTION_JFD_DE_MEURON_HELP', 			0,				-100,				0,							1, 					NULL,				58, 			'ABILITY_ATLAS', 				'PEDIA_ATTRIBUTES',		'TXT_KEY_CONTRACT_JFD_DE_MEURON_DESC'),
		('PROMOTION_JFD_DE_WATTEVILLE', 		0,				0,						0,			0,		0,		0,					0,			0,					0,						0,						0,						0,						0,						0,			0,				0,							0,			0,				0,					0,							25,						0,					0,				0,					0,						0,					0,					0,					0,						0,							0,						0,					0,			0,									0,					0,				0,						0,						0,						0,						0,			0,				0,								0,						0,			0,			 0,					0,				0,					'TXT_KEY_CONTRACT_JFD_DE_WATTEVILLE_DESC',		'TXT_KEY_PROMOTION_JFD_DE_WATTEVILLE_HELP', 		0,				-100,				0,							1, 					NULL,				58, 			'ABILITY_ATLAS', 				'PEDIA_ATTRIBUTES',		'TXT_KEY_CONTRACT_JFD_DE_WATTEVILLE_DESC'),
		('PROMOTION_JFD_DIAMOND_DOGS', 			0,				0,						0,			0,		0,		25,					0,			0,					0,						0,						0,						0,						0,						0,			0,				0,							0,			0,				0,					0,							0,						0,					0,				0,					0,						0,					0,					0,					0,						0,							0,						0,					0,			0,									0,					0,				0,						0,						0,						0,						0,			0,				0,								0,						0,			0,			 0,					0,				0,					'TXT_KEY_CONTRACT_JFD_DIAMOND_DOGS_DESC',		'TXT_KEY_PROMOTION_JFD_DIAMOND_DOGS_HELP', 			0,				-100,				0,							1, 					NULL,				58, 			'ABILITY_ATLAS', 				'PEDIA_ATTRIBUTES',		'TXT_KEY_CONTRACT_JFD_DIAMOND_DOGS_DESC'),
		('PROMOTION_JFD_DYNCORP', 				0,				0,						0,			0,		0,		0,					0,			0,					0,						0,						0,						0,						0,						0,			0,				0,							0,			0,				0,					0,							0,						0,					0,				0,					0,						0,					0,					0,					0,						0,							0,						0,					0,			0,									0,					0,				0,						0,						0,						0,						0,			0,				20,								0,						0,			0,			 0,					0,				0,					'TXT_KEY_CONTRACT_JFD_DYNCORP_DESC',			'TXT_KEY_PROMOTION_JFD_DYNCORP_HELP', 				0,				-100,				0,							1, 					NULL,				58, 			'ABILITY_ATLAS', 				'PEDIA_ATTRIBUTES',		'TXT_KEY_CONTRACT_JFD_DYNCORP_DESC'),
		('PROMOTION_JFD_EAGLE_WARRIORS', 		0,				0,						0,			0,		0,		0,					0,			0,					0,						0,						0,						0,						0,						0,			0,				0,							0,			0,				0,					0,							0,						0,					0,				0,					0,						0,					0,					0,					0,						0,							0,						0,					0,			0,									0,					0,				0,						0,						0,						0,						0,			0,				0,								0,						0,			0,			 0,					0,				0,					'TXT_KEY_CONTRACT_JFD_EAGLE_WARRIORS_DESC',		'TXT_KEY_PROMOTION_JFD_EAGLE_WARRIORS_HELP', 		0,				-100,				0,							1, 					NULL,				58, 			'ABILITY_ATLAS', 				'PEDIA_ATTRIBUTES',		'TXT_KEY_CONTRACT_JFD_EAGLE_WARRIORS_DESC'),
		('PROMOTION_JFD_ELSWICK', 				0,				0,						0,			0,		0,		0,					0,			0,					0,						0,						0,						0,						0,						0,			0,				0,							0,			0,				0,					0,							0,						0,					0,				0,					0,						0,					0,					0,					0,						0,							0,						0,					0,			0,									0,					0,				0,						0,						0,						0,						0,			0,				0,								0,						0,			0,			 0,					0,				0,					'TXT_KEY_CONTRACT_JFD_ELSWICK_DESC',			'TXT_KEY_PROMOTION_JFD_ELSWICK_HELP', 				0,				-100,				0,							1, 					NULL,				58, 			'ABILITY_ATLAS', 				'PEDIA_ATTRIBUTES',		'TXT_KEY_CONTRACT_JFD_ELSWICK_DESC'),
		('PROMOTION_JFD_EXECUTIVE_OUTCOMES', 	0,				0,						0,			0,		0,		0,					0,			0,					0,						0,						0,						0,						0,						0,			0,				0,							0,			0,				0,					0,							0,						0,					0,				0,					0,						0,					0,					0,					0,						0,							0,						0,					0,			0,									0,					0,				0,						0,						0,						0,						0,			0,				0,								20,						0,			0,			 0,					0,				0,					'TXT_KEY_CONTRACT_JFD_EXECUTIVE_OUTCOMES_DESC',	'TXT_KEY_PROMOTION_JFD_EXECUTIVE_OUTCOMES_HELP', 	0,				-100,				0,							1, 					NULL,				58, 			'ABILITY_ATLAS', 				'PEDIA_ATTRIBUTES',		'TXT_KEY_CONTRACT_JFD_EXECUTIVE_OUTCOMES_DESC'),
		('PROMOTION_JFD_FLYING_TIGERS', 		0,				0,						0,			0,		0,		0,					0,			0,					0,						0,						0,						0,						0,						0,			0,				0,							0,			0,				0,					0,							0,						0,					0,				0,					0,						0,					0,					0,					0,						0,							0,						0,					0,			0,									0,					0,				1,						0,						0,						0,						0,			0,				0,								0,						0,			0,			 0,					0,				0,					'TXT_KEY_CONTRACT_JFD_FLYING_TIGERS_DESC',		'TXT_KEY_PROMOTION_JFD_FLYING_TIGERS_HELP', 		0,				-100,				0,							1, 					NULL,				58, 			'ABILITY_ATLAS', 				'PEDIA_ATTRIBUTES',		'TXT_KEY_CONTRACT_JFD_FLYING_TIGERS_DESC'),
		('PROMOTION_JFD_FORTIT_INDUSTRIES', 	0,				0,						0,			0,		0,		25,					0,			0,					0,						0,						0,						0,						0,						0,			0,				0,							0,			0,				0,					0,							0,						0,					0,				0,					0,						0,					0,					0,					0,						0,							0,						0,					0,			0,									0,					0,				0,						0,						0,						0,						0,			0,				0,								0,						0,			0,			 0,					0,				0,					'TXT_KEY_CONTRACT_JFD_FORTIT_INDUSTRIES_DESC',	'TXT_KEY_PROMOTION_JFD_FORTIT_INDUSTRIES_HELP', 	0,				-100,				0,							1, 					NULL,				58, 			'ABILITY_ATLAS', 				'PEDIA_ATTRIBUTES',		'TXT_KEY_CONTRACT_JFD_FORTIT_INDUSTRIES_DESC'),
		('PROMOTION_JFD_FOREIGN_LEGION', 		0,				0,						0,			0,		0,		0,					0,			0,					0,						0,						0,						0,						0,						0,			0,				0,							0,			0,				0,					0,							0,						0,					0,				0,					0,						0,					0,					0,					0,						0,							0,						0,					0,			0,									0,					0,				0,						0,						0,						0,						0,			0,				0,								0,						0,			0,			 0,					0,				0,					'TXT_KEY_CONTRACT_JFD_FOREIGN_LEGION_DESC',		'TXT_KEY_PROMOTION_JFD_FOREIGN_LEGION_HELP', 		0,				-100,				0,							1, 					NULL,				58, 			'ABILITY_ATLAS', 				'PEDIA_ATTRIBUTES',		'TXT_KEY_CONTRACT_JFD_FOREIGN_LEGION_DESC'),
		('PROMOTION_JFD_FULTON', 				0,				0,						0,			0,		0,		0,					0,			0,					0,						0,						0,						0,						0,						0,			0,				0,							0,			0,				0,					0,							0,						0,					0,				0,					1,						0,					5,					5,					0,						0,							0,						0,					0,			0,									0,					0,				0,						0,						0,						0,						0,			0,				0,								0,						0,			0,			 0,					0,				0,					'TXT_KEY_CONTRACT_JFD_FULTON_DESC',				'TXT_KEY_PROMOTION_JFD_FULTON_HELP', 				0,				-100,				0,							1, 					NULL,				58, 			'ABILITY_ATLAS', 				'PEDIA_ATTRIBUTES',		'TXT_KEY_CONTRACT_JFD_FULTON_DESC'),
		('PROMOTION_JFD_GAESATAE', 				0,				0,						0,			0,		0,		0,					0,			0,					0,						0,						0,						0,						0,						0,			0,				100,						0,			0,				0,					0,							0,						0,					0,				0,					0,						0,					0,					0,					0,						0,							0,						0,					0,			0,									0,					0,				0,						0,						0,						0,						0,			0,				0,								0,						0,			0,			 0,					0,				0,					'TXT_KEY_CONTRACT_JFD_GAESATAE_DESC',			'TXT_KEY_PROMOTION_JFD_GAESATAE_HELP', 				0,				-100,				0,							1, 					NULL,				58, 			'ABILITY_ATLAS', 				'PEDIA_ATTRIBUTES',		'TXT_KEY_CONTRACT_JFD_GAESATAE_DESC'),
		('PROMOTION_JFD_GASMOULOI', 			0,				0,						0,			0,		0,		0,					0,			0,					0,						0,						0,						0,						0,						0,			0,				0,							0,			0,				0,					0,							0,						0,					0,				0,					0,						0,					0,					0,					0,						0,							0,						0,					0,			0,									0,					0,				0,						0,						0,						0,						0,			0,				0,								0,						0,			0,			 0,					0,				0,					'TXT_KEY_CONTRACT_JFD_GASMOULOI_DESC',			'TXT_KEY_PROMOTION_JFD_GASMOULOI_HELP', 			0,				-100,				0,							1, 					NULL,				58, 			'ABILITY_ATLAS', 				'PEDIA_ATTRIBUTES',		'TXT_KEY_CONTRACT_JFD_GASMOULOI_DESC'),
		('PROMOTION_JFD_GHILMAN', 				0,				0,						0,			0,		0,		0,					0,			0,					0,						0,						0,						0,						0,						0,			0,				0,							0,			0,				0,					0,							0,						1,					0,				0,					0,						0,					0,					0,					0,						0,							0,						0,					0,			0,									0,					0,				0,						0,						0,						0,						0,			0,				0,								0,						0,			0,			 0,					0,				0,					'TXT_KEY_CONTRACT_JFD_GHILMAN_DESC',			'TXT_KEY_PROMOTION_JFD_GHILMAN_HELP', 				0,				-100,				0,							1, 					NULL,				58, 			'ABILITY_ATLAS', 				'PEDIA_ATTRIBUTES',		'TXT_KEY_CONTRACT_JFD_GHILMAN_DESC'),
		('PROMOTION_JFD_GLENN_MARINE', 			0,				0,						0,			0,		0,		0,					0,			0,					0,						0,						0,						0,						0,						0,			0,				0,							0,			0,				0,					0,							0,						0,					0,				0,					0,						0,					0,					0,					0,						0,							0,						0,					0,			0,									0,					0,				0,						0,						0,						0,						0,			0,				0,								0,						0,			0,			 0,					1,				0,					'TXT_KEY_CONTRACT_JFD_GLENN_MARINE_DESC',		'TXT_KEY_PROMOTION_JFD_GLENN_MARINE_HELP', 			0,				-100,				0,							1, 					NULL,				58, 			'ABILITY_ATLAS', 				'PEDIA_ATTRIBUTES',		'TXT_KEY_CONTRACT_JFD_GLENN_MARINE_DESC'),
		('PROMOTION_JFD_GURKHA', 				0,				0,						0,			0,		0,		0,					0,			0,					0,						0,						0,						0,						0,						0,			0,				0,							0,			0,				0,					0,							0,						0,					1,				0,					0,						0,					0,					0,					0,						0,							0,						0,					0,			0,									0,					0,				0,						0,						0,						0,						0,			0,				0,								0,						0,			0,			 0,					0,				0,					'TXT_KEY_CONTRACT_JFD_GURKHA_DESC',				'TXT_KEY_PROMOTION_JFD_GURKHA_HELP', 				0,				-100,				0,							1, 					NULL,				58, 			'ABILITY_ATLAS', 				'PEDIA_ATTRIBUTES',		'TXT_KEY_CONTRACT_JFD_GURKHA_DESC'),
		('PROMOTION_JFD_HABIRU', 				0,				0,						0,			0,		0,		0,					0,			0,					0,						0,						0,						0,						0,						0,			0,				0,							0,			0,				0,					0,							0,						0,					0,				0,					0,						0,					0,					0,					0,						0,							0,						0,					0,			0,									0,					0,				0,						0,						0,						0,						15,			0,				0,								0,						0,			0,			 0,					0,				0,					'TXT_KEY_CONTRACT_JFD_HABIRU_DESC',				'TXT_KEY_PROMOTION_JFD_HABIRU_HELP', 				0,				-100,				0,							1, 					NULL,				58, 			'ABILITY_ATLAS', 				'PEDIA_ATTRIBUTES',		'TXT_KEY_CONTRACT_JFD_HABIRU_DESC'),
		('PROMOTION_JFD_HACKAPELL', 			0,				0,						0,			0,		0,		0,					0,			0,					0,						0,						0,						0,						0,						0,			0,				0,							0,			0,				0,					0,							0,						0,					0,				0,					0,						0,					0,					0,					0,						0,							0,						0,					0,			0,									0,					0,				0,						0,						0,						0,						0,			0,				0,								0,						0,			0,			 0,					0,				2,					'TXT_KEY_CONTRACT_JFD_HACKAPELL_DESC',			'TXT_KEY_PROMOTION_JFD_HACKAPELL_HELP', 			0,				-100,				0,							1, 					NULL,				58, 			'ABILITY_ATLAS', 				'PEDIA_ATTRIBUTES',		'TXT_KEY_CONTRACT_JFD_HACKAPELL_DESC'),
		('PROMOTION_JFD_HASHSHASHINS', 			0,				0,						0,			0,		0,		33,					0,			0,					0,						0,						0,						0,						0,						0,			0,				0,							0,			0,				0,					0,							0,						0,					0,				0,					0,						0,					0,					0,					0,						0,							0,						0,					0,			0,									0,					0,				0,						0,						0,						0,						0,			0,				0,								0,						0,			0,			 0,					0,				0,					'TXT_KEY_CONTRACT_JFD_HASHSHASHINS_DESC',		'TXT_KEY_PROMOTION_JFD_HASHSHASHINS_HELP', 			0,				-100,				0,							1, 					NULL,				58, 			'ABILITY_ATLAS', 				'PEDIA_ATTRIBUTES',		'TXT_KEY_CONTRACT_JFD_HASHSHASHINS_DESC'),
		('PROMOTION_JFD_HARLAND_WOLFF', 		0,				0,						0,			0,		0,		0,					0,			0,					0,						0,						0,						0,						0,						0,			0,				0,							0,			0,				0,					0,							0,						0,					0,				0,					0,						0,					0,					0,					0,						0,							0,						0,					0,			0,									0,					0,				0,						0,						0,						0,						0,			0,				0,								0,						0,			0,			 0,					0,				0,					'TXT_KEY_CONTRACT_JFD_HARLAND_WOLFF_DESC',		'TXT_KEY_PROMOTION_JFD_HARLAND_WOLFF_HELP', 		0,				-100,				0,							1, 					NULL,				58, 			'ABILITY_ATLAS', 				'PEDIA_ATTRIBUTES',		'TXT_KEY_CONTRACT_JFD_HARLAND_WOLFF_DESC'),
		('PROMOTION_JFD_HAVEDIC', 				0,				0,						0,			0,		0,		0,					0,			0,					0,						1,						0,						0,						0,						0,			0,				0,							0,			1,				0,					0,							0,						0,					0,				0,					0,						0,					0,					0,					0,						0,							0,						0,					0,			0,									0,					0,				0,						0,						0,						0,						0,			0,				0,								0,						0,			0,			 0,					0,				0,					'TXT_KEY_CONTRACT_JFD_HAVEDIC_DESC',			'TXT_KEY_PROMOTION_JFD_HAVEDIC_HELP', 				0,				-100,				0,							1, 					NULL,				58, 			'ABILITY_ATLAS', 				'PEDIA_ATTRIBUTES',		'TXT_KEY_CONTRACT_JFD_HAVEDIC_DESC'),
		('PROMOTION_JFD_HELMSCHMIED', 			0,				0,						0,			0,		0,		20,					0,			0,					0,						0,						0,						0,						0,						0,			0,				0,							0,			0,				0,					0,							0,						0,					0,				0,					0,						0,					0,					0,					0,						0,							0,						0,					0,			0,									0,					0,				0,						0,						0,						0,						0,			0,				0,								0,						0,			0,			 0,					0,				0,					'TXT_KEY_CONTRACT_JFD_HELMSCHMIED_DESC',		'TXT_KEY_PROMOTION_JFD_HELMSCHMIED_HELP', 			0,				-100,				0,							1, 					NULL,				58, 			'ABILITY_ATLAS', 				'PEDIA_ATTRIBUTES',		'TXT_KEY_CONTRACT_JFD_HELMSCHMIED_DESC'),
		('PROMOTION_JFD_HESSIANS', 				0,				0,						0,			0,		0,		0,					0,			0,					0,						0,						0,						0,						0,						0,			0,				0,							0,			0,				0,					0,							0,						0,					0,				0,					0,						0,					0,					0,					0,						0,							0,						0,					0,			0,									0,					0,				0,						0,						0,						0,						0,			0,				0,								0,						0,			0,			 0,					0,				0,					'TXT_KEY_CONTRACT_JFD_HESSIANS_DESC',			'TXT_KEY_PROMOTION_JFD_HESSIANS_HELP', 				0,				-100,				0,							1, 					NULL,				58, 			'ABILITY_ATLAS', 				'PEDIA_ATTRIBUTES',		'TXT_KEY_CONTRACT_JFD_HESSIANS_DESC'),
		('PROMOTION_JFD_HETAIREIA', 			0,				0,						0,			0,		0,		0,					0,			0,					0,						0,						30,						-2,						0,						0,			0,				0,							0,			0,				0,					0,							0,						0,					0,				0,					0,						0,					0,					0,					0,						0,							0,						0,					0,			0,									0,					0,				0,						0,						0,						0,						0,			0,				0,								0,						0,			0,			 0,					0,				0,					'TXT_KEY_CONTRACT_JFD_HETAIREIA_DESC',			'TXT_KEY_PROMOTION_JFD_HETAIREIA_HELP', 			0,				-100,				0,							1, 					NULL,				58, 			'ABILITY_ATLAS', 				'PEDIA_ATTRIBUTES',		'TXT_KEY_CONTRACT_JFD_HETAIREIA_DESC'),
		('PROMOTION_JFD_HYUNDAI', 				0,				0,						0,			0,		0,		0,					0,			0,					0,						1,						0,						0,						0,						0,			0,				0,							0,			1,				0,					0,							0,						0,					0,				0,					0,						0,					0,					0,					0,						0,							0,						0,					0,			0,									0,					0,				0,						0,						0,						0,						0,			0,				0,								0,						0,			0,			 0,					0,				0,					'TXT_KEY_CONTRACT_JFD_HYUNDAI_DESC',			'TXT_KEY_PROMOTION_JFD_HYUNDAI_HELP', 				0,				-100,				0,							1, 					NULL,				58, 			'ABILITY_ATLAS', 				'PEDIA_ATTRIBUTES',		'TXT_KEY_CONTRACT_JFD_HYUNDAI_DESC'),
		('PROMOTION_JFD_JANISSARIES', 			15,				0,						0,			0,		0,		0,					0,			0,					0,						0,						0,						0,						0,						0,			0,				0,							0,			0,				0,					0,							0,						0,					0,				0,					0,						0,					0,					0,					0,						0,							0,						0,					0,			0,									0,					0,				0,						0,						0,						0,						0,			0,				0,								0,						0,			0,			 0,					0,				0,					'TXT_KEY_CONTRACT_JFD_JANISSARIES_DESC',		'TXT_KEY_PROMOTION_JFD_JANISSARIES_HELP', 			0,				-100,				0,							1, 					NULL,				58, 			'ABILITY_ATLAS', 				'PEDIA_ATTRIBUTES',		'TXT_KEY_CONTRACT_JFD_JANISSARIES_DESC'),
		('PROMOTION_JFD_JOMSVIKINGS', 			0,				0,						0,			0,		0,		0,					0,			0,					0,						1,						0,						0,						0,						0,			0,				0,							0,			1,				0,					0,							0,						0,					0,				0,					0,						0,					0,					0,					0,						0,							0,						0,					0,			0,									0,					0,				0,						0,						0,						0,						0,			0,				0,								0,						0,			0,			 0,					0,				0,					'TXT_KEY_CONTRACT_JFD_JOMSVIKINGS_DESC',		'TXT_KEY_PROMOTION_JFD_JOMSVIKINGS_HELP', 			0,				-100,				0,							1, 					NULL,				58, 			'ABILITY_ATLAS', 				'PEDIA_ATTRIBUTES',		'TXT_KEY_CONTRACT_JFD_JOMSVIKINGS_DESC'),
		('PROMOTION_JFD_LIGHTNING_WARRIORS', 	0,				0,						0,			0,		0,		0,					0,			0,					0,						0,						0,						0,						0,						0,			0,				0,							0,			0,				0,					0,							0,						0,					0,				0,					0,						0,					0,					0,					0,						0,							0,						0,					0,			0,									0,					0,				0,						0,						-10,					2,						0,			0,				0,								0,						0,			0,			 0,					0,				0,					'TXT_KEY_CONTRACT_JFD_LIGHTNING_WARRIORS_DESC',	'TXT_KEY_PROMOTION_JFD_LIGHTNING_WARRIORS_HELP', 	0,				-100,				0,							1, 					NULL,				58, 			'ABILITY_ATLAS', 				'PEDIA_ATTRIBUTES',		'TXT_KEY_CONTRACT_JFD_LIGHTNING_WARRIORS_DESC'),
		('PROMOTION_JFD_MAMLUKES', 				0,				0,						0,			0,		0,		0,					0,			0,					0,						0,						0,						0,						0,						0,			0,				0,							0,			0,				0,					0,							0,						0,					0,				0,					0,						0,					0,					0,					0,						0,							15,						0,					0,			0,									0,					0,				0,						0,						0,						0,						0,			0,				0,								0,						0,			0,			 0,					0,				0,					'TXT_KEY_CONTRACT_JFD_MAMLUKES_DESC',			'TXT_KEY_PROMOTION_JFD_MAMLUKES_HELP', 				0,				-100,				0,							1, 					NULL,				58, 			'ABILITY_ATLAS', 				'PEDIA_ATTRIBUTES',		'TXT_KEY_CONTRACT_JFD_MAMLUKES_DESC'),
		('PROMOTION_JFD_MEDJAY', 				0,				0,						0,			0,		0,		0,					0,			0,					0,						0,						0,						0,						0,						0,			0,				0,							0,			0,				0,					0,							0,						0,					0,				0,					0,						0,					0,					0,					0,						0,							0,						0,					0,			0,									0,					0,				0,						0,						0,						0,						0,			0,				0,								0,						0,			0,			 0,					0,				1,					'TXT_KEY_CONTRACT_JFD_MEDJAY_DESC',				'TXT_KEY_PROMOTION_JFD_MEDJAY_HELP', 				0,				-100,				0,							1, 					NULL,				58, 			'ABILITY_ATLAS', 				'PEDIA_ATTRIBUTES',		'TXT_KEY_CONTRACT_JFD_MEDJAY_DESC'),
		('PROMOTION_JFD_MITSUBISHI', 			0,				0,						0,			0,		0,		0,					0,			0,					0,						0,						0,						0,						0,						0,			0,				0,							0,			0,				0,					0,							0,						0,					0,				0,					0,						0,					0,					0,					0,						0,							0,						0,					0,			0,									0,					0,				0,						1,						0,						0,						0,			0,				0,								0,						0,			0,			 0,					0,				0,					'TXT_KEY_CONTRACT_JFD_MITSUBISHI_DESC',			'TXT_KEY_PROMOTION_JFD_MITSUBISHI_HELP', 			0,				-100,				0,							1, 					NULL,				58, 			'ABILITY_ATLAS', 				'PEDIA_ATTRIBUTES',		'TXT_KEY_CONTRACT_JFD_MITSUBISHI_DESC'),
		('PROMOTION_JFD_NEGROLI', 				0,				0,						0,			0,		0,		0,					0,			0,					0,						0,						0,						0,						0,						25,			0,				0,							0,			0,				0,					0,							0,						0,					0,				0,					0,						0,					0,					0,					0,						0,							0,						0,					0,			0,									0,					0,				0,						0,						0,						0,						0,			0,				0,								0,						0,			0,			 0,					0,				0,					'TXT_KEY_CONTRACT_JFD_NEGROLI_DESC',			'TXT_KEY_PROMOTION_JFD_NEGROLI_HELP', 				0,				-100,				0,							1, 					NULL,				58, 			'ABILITY_ATLAS', 				'PEDIA_ATTRIBUTES',		'TXT_KEY_CONTRACT_JFD_NEGROLI_DESC'),
		('PROMOTION_JFD_NEWCOMEN', 				0,				0,						0,			0,		0,		0,					0,			0,					0,						0,						0,						0,						0,						0,			0,				0,							0,			0,				0,					0,							0,						0,					0,				0,					0,						0,					0,					0,					0,						0,							0,						0,					0,			0,									0,					3,				0,						0,						0,						0,						0,			0,				0,								0,						0,			0,			 0,					0,				0,					'TXT_KEY_CONTRACT_JFD_NEWCOMEN_DESC',			'TXT_KEY_PROMOTION_JFD_NEWCOMEN_HELP', 				0,				-100,				0,							1, 					NULL,				58, 			'ABILITY_ATLAS', 				'PEDIA_ATTRIBUTES',		'TXT_KEY_CONTRACT_JFD_NEWCOMEN_DESC'),
		('PROMOTION_JFD_NOMADS', 				0,				0,						0,			0,		0,		0,					0,			0,					0,						0,						0,						0,						0,						0,			0,				0,							0,			0,				0,					0,							0,						0,					0,				0,					0,						0,					0,					0,					0,						0,							0,						0,					0,			0,									0,					0,				0,						0,						0,						0,						0,			0,				0,								0,						0,			0,			 0,					0,				0,					'TXT_KEY_CONTRACT_JFD_NOMADS_DESC',				'TXT_KEY_PROMOTION_JFD_NOMADS_HELP', 				0,				-100,				0,							1, 					NULL,				58, 			'ABILITY_ATLAS', 				'PEDIA_ATTRIBUTES',		'TXT_KEY_CONTRACT_JFD_NOMADS_DESC'),
		('PROMOTION_JFD_OUTER_HEAVEN', 			0,				0,						0,			0,		0,		0,					0,			0,					0,						0,						0,						0,						0,						0,			0,				0,							0,			0,				0,					0,							0,						0,					0,				0,					0,						0,					0,					0,					0,						0,							0,						0,					0,			0,									0,					0,				0,						0,						0,						0,						0,			0,				0,								0,						0,			0,			 0,					0,				0,					'TXT_KEY_CONTRACT_JFD_OUTER_HEAVEN_DESC',		'TXT_KEY_PROMOTION_JFD_OUTER_HEAVEN_HELP', 			0,				-100,				0,							1, 					NULL,				58, 			'ABILITY_ATLAS', 				'PEDIA_ATTRIBUTES',		'TXT_KEY_CONTRACT_JFD_OUTER_HEAVEN_DESC'),
		('PROMOTION_JFD_OUTLAWS', 				0,				0,						0,			0,		0,		0,					0,			0,					0,						0,						0,						0,						0,						0,			0,				0,							0,			0,				0,					0,							0,						0,					0,				0,					0,						0,					0,					0,					0,						0,							0,						0,					0,			0,									0,					0,				0,						0,						0,						0,						0,			0,				0,								0,						0,			0,			 0,					1,				0,					'TXT_KEY_CONTRACT_JFD_OUTLAWS_DESC',			'TXT_KEY_PROMOTION_JFD_OUTLAWS_HELP', 				0,				-100,				0,							1, 					NULL,				58, 			'ABILITY_ATLAS', 				'PEDIA_ATTRIBUTES',		'TXT_KEY_CONTRACT_JFD_OUTLAWS_DESC'),
		('PROMOTION_JFD_POTSDAM_GIANTS', 		0,				0,						0,			0,		0,		0,					0,			0,					0,						0,						0,						0,						0,						0,			0,				0,							0,			0,				0,					0,							0,						0,					0,				0,					0,						0,					0,					0,					0,						0,							0,						0,					0,			0,									0,					0,				0,						0,						-10,					2,						0,			0,				0,								0,						0,			0,			 0,					0,				0,					'TXT_KEY_CONTRACT_JFD_POTSDAM_GIANTS_DESC',		'TXT_KEY_PROMOTION_JFD_POTSDAM_GIANTS_HELP', 		0,				-100,				0,							1, 					NULL,				58, 			'ABILITY_ATLAS', 				'PEDIA_ATTRIBUTES',		'TXT_KEY_CONTRACT_JFD_POTSDAM_GIANTS_DESC'),
		('PROMOTION_JFD_ROBCO', 				0,				0,						0,			0,		0,		0,					0,			0,					0,						1,						0,						0,						0,						0,			0,				0,							0,			0,				0,					0,							0,						0,					0,				0,					0,						0,					0,					0,					0,						0,							0,						0,					0,			0,									0,					0,				0,						0,						0,						0,						0,			0,				0,								0,						0,			0,			 0,					0,				0,					'TXT_KEY_CONTRACT_JFD_ROBCO_DESC',				'TXT_KEY_PROMOTION_JFD_ROBCO_HELP', 				0,				-100,				0,							1, 					NULL,				58, 			'ABILITY_ATLAS', 				'PEDIA_ATTRIBUTES',		'TXT_KEY_CONTRACT_JFD_ROBCO_DESC'),
		('PROMOTION_JFD_SAIKASHUU', 			0,				0,						0,			0,		0,		0,					0,			0,					0,						0,						0,						0,						0,						0,			0,				0,							0,			0,				0,					0,							0,						0,					0,				0,					0,						0,					0,					0,					0,						0,							0,						0,					1,			0,									0,					0,				0,						0,						0,						0,						0,			0,				0,								0,						0,			0,			 0,					0,				0,					'TXT_KEY_CONTRACT_JFD_SAIKASHUU_DESC',			'TXT_KEY_PROMOTION_JFD_SAIKASHUU_HELP', 			0,				-100,				0,							1, 					NULL,				58, 			'ABILITY_ATLAS', 				'PEDIA_ATTRIBUTES',		'TXT_KEY_CONTRACT_JFD_SAIKASHUU_DESC'),
		('PROMOTION_JFD_SALERAIOI', 			0,				0,						0,			0,		0,		0,					0,			0,					0,						0,						0,						0,						0,						0,			20,				0,							0,			0,				0,					0,							0,						0,					0,				0,					0,						0,					0,					0,					0,						0,							0,						0,					0,			0,									0,					0,				0,						0,						0,						0,						0,			0,				0,								0,						0,			0,			 0,					0,				0,					'TXT_KEY_CONTRACT_JFD_SALERAIOI_DESC',			'TXT_KEY_PROMOTION_JFD_SALERAIOI_HELP', 			0,				-100,				0,							1, 					NULL,				58, 			'ABILITY_ATLAS', 				'PEDIA_ATTRIBUTES',		'TXT_KEY_CONTRACT_JFD_SALERAIOI_DESC'),
		('PROMOTION_JFD_SANDLINE', 				0,				0,						0,			0,		0,		0,					0,			0,					0,						0,						0,						0,						0,						0,			0,				0,							0,			0,				0,					0,							0,						0,					0,				0,					0,						0,					0,					0,					0,						0,							0,						0,					0,			0,									0,					0,				0,						0,						0,						0,						0,			25,				0,								0,						0,			0,			 0,					0,				0,					'TXT_KEY_CONTRACT_JFD_SANDLINE_DESC',			'TXT_KEY_PROMOTION_JFD_SANDLINE_HELP', 				0,				-100,				0,							1, 					NULL,				58, 			'ABILITY_ATLAS', 				'PEDIA_ATTRIBUTES',		'TXT_KEY_CONTRACT_JFD_SANDLINE_DESC'),
		('PROMOTION_JFD_SAQALIBA', 				0,				0,						0,			0,		0,		0,					0,			0,					0,						0,						0,						0,						0,						0,			0,				0,							0,			0,				0,					0,							15,						0,					0,				0,					0,						0,					0,					0,					0,						0,							0,						0,					0,			0,									0,					0,				0,						0,						0,						0,						0,			0,				0,								0,						0,			0,			 0,					0,				0,					'TXT_KEY_CONTRACT_JFD_SAQALIBA_DESC',			'TXT_KEY_PROMOTION_JFD_SAQALIBA_HELP', 				0,				-100,				0,							1, 					NULL,				58, 			'ABILITY_ATLAS', 				'PEDIA_ATTRIBUTES',		'TXT_KEY_CONTRACT_JFD_SAQALIBA_DESC'),
		('PROMOTION_JFD_SERBIAN_FREE_CORPS', 	0,				0,						0,			0,		0,		0,					0,			0,					0,						0,						0,						0,						0,						0,			0,				0,							0,			0,				0,					0,							0,						0,					0,				0,					0,						0,					0,					0,					0,						0,							0,						0,					0,			0,									0,					0,				0,						0,						0,						0,						0,			0,				0,								0,						0,			0,			 0,					0,				0,					'TXT_KEY_CONTRACT_JFD_SERBIAN_FREE_CORPS_DESC',	'TXT_KEY_PROMOTION_JFD_SERBIAN_FREE_CORPS_HELP', 	0,				-100,				0,							1, 					NULL,				58, 			'ABILITY_ATLAS', 				'PEDIA_ATTRIBUTES',		'TXT_KEY_CONTRACT_JFD_SERBIAN_FREE_CORPS_DESC'),
		('PROMOTION_JFD_ST_MARK', 				0,				0,						0,			0,		0,		0,					0,			0,					0,						0,						0,						0,						0,						0,			0,				0,							0,			0,				0,					0,							0,						0,					0,				0,					0,						0,					0,					0,					0,						0,							0,						0,					0,			0,									0,					0,				0,						0,						0,						0,						0,			0,				0,								0,						0,			0,			 0,					0,				0,					'TXT_KEY_CONTRACT_JFD_ST_MARK_DESC',			'TXT_KEY_PROMOTION_JFD_ST_MARK_HELP', 				0,				-100,				0,							1, 					NULL,				58, 			'ABILITY_ATLAS', 				'PEDIA_ATTRIBUTES',		'TXT_KEY_CONTRACT_JFD_ST_MARK_DESC'),
		('PROMOTION_JFD_SONS_MARS', 			0,				0,						0,			0,		0,		0,					0,			0,					25,						0,						0,						0,						0,						0,			0,				0,							0,			0,				0,					0,							0,						0,					0,				0,					0,						0,					0,					0,					0,						0,							0,						0,					0,			0,									0,					0,				0,						0,						0,						0,						0,			0,				0,								0,						0,			0,			 0,					0,				0,					'TXT_KEY_CONTRACT_JFD_SONS_MARS_DESC',			'TXT_KEY_PROMOTION_JFD_SONS_MARS_HELP', 			0,				-100,				0,							1, 					NULL,				58, 			'ABILITY_ATLAS', 				'PEDIA_ATTRIBUTES',		'TXT_KEY_CONTRACT_JFD_SONS_MARS_DESC'),
		('PROMOTION_JFD_SONS_MIL', 				0,				0,						0,			0,		0,		0,					0,			0,					0,						0,						0,						0,						0,						0,			0,				0,							0,			0,				0,					0,							0,						0,					0,				0,					0,						0,					0,					0,					0,						0,							0,						0,					0,			0,									0,					0,				0,						0,						0,						0,						0,			0,				0,								0,						0,			0,			 0,					0,				0,					'TXT_KEY_CONTRACT_JFD_SONS_MIL_DESC',			'TXT_KEY_PROMOTION_JFD_SONS_MIL_HELP', 				0,				-100,				0,							1, 					NULL,				58, 			'ABILITY_ATLAS', 				'PEDIA_ATTRIBUTES',		'TXT_KEY_CONTRACT_JFD_SONS_MIL_DESC'),
		('PROMOTION_JFD_STRADIOT', 				0,				0,						0,			0,		0,		0,					0,			0,					0,						0,						0,						0,						0,						0,			0,				0,							0,			0,				0,					0,							0,						0,					0,				0,					0,						0,					0,					0,					0,						0,							0,						0,					0,			0,									0,					1,				0,						0,						0,						0,						0,			0,				0,								0,						0,			0,			 0,					0,				0,					'TXT_KEY_CONTRACT_JFD_STRADIOT_DESC',			'TXT_KEY_PROMOTION_JFD_STRADIOT_HELP', 				0,				-100,				0,							1, 					NULL,				58, 			'ABILITY_ATLAS', 				'PEDIA_ATTRIBUTES',		'TXT_KEY_CONTRACT_JFD_STRADIOT_DESC'),
		('PROMOTION_JFD_SWISS_GUARD', 			0,				0,						0,			0,		0,		0,					0,			0,					0,						0,						0,						0,						0,						0,			0,				0,							0,			0,				0,					0,							0,						0,					0,				0,					0,						0,					0,					0,					0,						0,							0,						0,					0,			0,									20,					0,				0,						0,						0,						0,						0,			0,				0,								0,						0,			0,			 0,					0,				0,					'TXT_KEY_CONTRACT_JFD_SWISS_GUARD_DESC',		'TXT_KEY_PROMOTION_JFD_SWISS_GUARD_HELP', 			0,				-100,				0,							1, 					NULL,				58, 			'ABILITY_ATLAS', 				'PEDIA_ATTRIBUTES',		'TXT_KEY_CONTRACT_JFD_SWISS_GUARD_DESC'),
		('PROMOTION_JFD_TEN_THOUSAND', 			20,				0,						0,			0,		0,		0,					0,			0,					0,						0,						0,						0,						0,						0,			0,				0,							0,			0,				0,					0,							0,						0,					0,				0,					0,						0,					0,					0,					0,						0,							0,						0,					0,			0,									0,					0,				0,						0,						0,						0,						0,			0,				0,								0,						0,			0,			 0,					0,				0,					'TXT_KEY_CONTRACT_JFD_TEN_THOUSAND_DESC',		'TXT_KEY_PROMOTION_JFD_TEN_THOUSAND_HELP', 			0,				-100,				0,							1, 					NULL,				58, 			'ABILITY_ATLAS', 				'PEDIA_ATTRIBUTES',		'TXT_KEY_CONTRACT_JFD_TEN_THOUSAND_DESC'),
		('PROMOTION_JFD_VARANGIAN', 			0,				0,						0,			0,		0,		0,					0,			0,					0,						0,						50,						-2,						0,						0,			0,				0,							0,			0,				0,					0,							0,						0,					0,				0,					0,						0,					0,					0,					0,						0,							0,						0,					0,			0,									0,					0,				0,						0,						0,						0,						0,			0,				0,								0,						0,			0,			 0,					0,				0,					'TXT_KEY_CONTRACT_JFD_VARANGIAN_DESC',			'TXT_KEY_PROMOTION_JFD_VARANGIAN_HELP', 			0,				-100,				0,							1, 					NULL,				58, 			'ABILITY_ATLAS', 				'PEDIA_ATTRIBUTES',		'TXT_KEY_CONTRACT_JFD_VARANGIAN_DESC'),
		('PROMOTION_JFD_VERNY', 				0,				0,						0,			0,		0,		0,					0,			0,					0,						0,						0,						0,						0,						0,			0,				0,							25,			0,				0,					0,							0,						0,					0,				0,					0,						0,					0,					0,					0,						0,							0,						0,					0,			0,									0,					0,				0,						0,						0,						0,						0,			0,				0,								0,						0,			0,			 0,					0,				0,					'TXT_KEY_CONTRACT_JFD_VERNY_DESC',				'TXT_KEY_PROMOTION_JFD_VERNY_HELP', 				0,				-100,				0,							1, 					NULL,				58, 			'ABILITY_ATLAS', 				'PEDIA_ATTRIBUTES',		'TXT_KEY_CONTRACT_JFD_VERNY_DESC'),
		('PROMOTION_JFD_VICTUAL_BROTHERS', 		0,				0,						0,			0,		0,		0,					0,			0,					0,						0,						0,						0,						0,						0,			0,				0,							0,			0,				0,					0,							0,						0,					0,				0,					0,						0,					0,					0,					0,						0,							0,						0,					0,			0,									0,					0,				0,						0,						0,						0,						0,			0,				0,								0,						0,			0,			 0,					1,				0,					'TXT_KEY_CONTRACT_JFD_VICTUAL_BROTHERS_DESC',	'TXT_KEY_PROMOTION_JFD_VICTUAL_BROTHERS_HELP', 		0,				-100,				0,							1, 					NULL,				58, 			'ABILITY_ATLAS', 				'PEDIA_ATTRIBUTES',		'TXT_KEY_CONTRACT_JFD_VICTUAL_BROTHERS_DESC'),
		('PROMOTION_JFD_VITRUVIUS', 			0,				0,						0,			0,		0,		0,					0,			0,					0,						0,						0,						0,						0,						0,			0,				0,							0,			0,				0,					0,							0,						0,					0,				0,					0,						0,					0,					0,					0,						0,							0,						0,					0,			0,									0,					0,				0,						0,						0,						0,						0,			0,				0,								0,						0,			1,			 0,					0,				0,					'TXT_KEY_CONTRACT_JFD_VITRUVIUS_DESC',			'TXT_KEY_PROMOTION_JFD_VITRUVIUS_HELP', 			0,				-100,				0,							1, 					NULL,				58, 			'ABILITY_ATLAS', 				'PEDIA_ATTRIBUTES',		'TXT_KEY_CONTRACT_JFD_VITRUVIUS_DESC'),
		('PROMOTION_JFD_WEYLAND_YUTANI', 		0,				0,						0,			0,		0,		0,					0,			0,					0,						0,						0,						0,						0,						0,			0,				0,							0,			0,				0,					0,							0,						0,					0,				0,					0,						0,					0,					0,					0,						0,							0,						0,					0,			0,									0,					0,				0,						0,						0,						0,						0,			0,				0,								0,						5,			0,			 0,					0,				0,					'TXT_KEY_CONTRACT_JFD_WEYLAND_YUTANI_DESC',		'TXT_KEY_PROMOTION_JFD_WEYLAND_YUTANI_HELP', 		0,				-100,				0,							1, 					NULL,				58, 			'ABILITY_ATLAS', 				'PEDIA_ATTRIBUTES',		'TXT_KEY_CONTRACT_JFD_WEYLAND_YUTANI_DESC'),
		('PROMOTION_JFD_WILD_GEESE', 			0,				0,						0,			0,		0,		0,					0,			0,					0,						0,						0,						0,						0,						0,			0,				0,							0,			0,				0,					0,							0,						0,					0,				0,					0,						0,					0,					0,					0,						0,							0,						1,					0,			0,									0,					0,				0,						0,						0,						0,						0,			0,				0,								0,						0,			0,			 0,					0,				0,					'TXT_KEY_CONTRACT_JFD_WILD_GEESE_DESC',			'TXT_KEY_PROMOTION_JFD_WILD_GEESE_HELP', 			0,				-100,				0,							1, 					NULL,				58, 			'ABILITY_ATLAS', 				'PEDIA_ATTRIBUTES',		'TXT_KEY_CONTRACT_JFD_WILD_GEESE_DESC'),
		('PROMOTION_JFD_WHITE_COMPANY', 		0,				0,						0,			0,		0,		0,					0,			0,					0,						0,						0,						0,						0,						0,			0,				0,							0,			0,				0,					0,							0,						0,					0,				0,					0,						0,					0,					0,					0,						0,							0,						0,					0,			0,									0,					0,				0,						0,						0,						0,						0,			0,				0,								0,						0,			0,			 0,					0,				0,					'TXT_KEY_CONTRACT_JFD_WHITE_COMPANY_DESC',		'TXT_KEY_PROMOTION_JFD_WHITE_COMPANY_HELP', 		0,				-100,				0,							1, 					NULL,				58, 			'ABILITY_ATLAS', 				'PEDIA_ATTRIBUTES',		'TXT_KEY_CONTRACT_JFD_WHITE_COMPANY_DESC'),
		('PROMOTION_JFD_WHITE_LEGION', 			0,				0,						0,			0,		0,		0,					0,			15,					0,						0,						0,						0,						0,						0,			0,				0,							0,			0,				0,					0,							0,						0,					0,				0,					0,						0,					0,					0,					0,						0,							0,						0,					0,			0,									0,					0,				0,						0,						0,						0,						0,			0,				0,								0,						0,			0,			 0,					0,				0,					'TXT_KEY_CONTRACT_JFD_WHITE_LEGION_DESC',		'TXT_KEY_PROMOTION_JFD_WHITE_LEGION_HELP', 			0,				-100,				0,							1, 					NULL,				58, 			'ABILITY_ATLAS', 				'PEDIA_ATTRIBUTES',		'TXT_KEY_CONTRACT_JFD_WHITE_LEGION_DESC'),
		('PROMOTION_JFD_ZAPOROZHIAN', 			0,				0,						0,			0,		1,		0,					0,			0,					0,						0,						0,						0,						0,						0,			0,				0,							0,			0,				0,					0,							0,						0,					0,				0,					0,						0,					0,					0,					0,						0,							0,						0,					0,			0,									0,					0,				0,						0,						0,						0,						0,			0,				0,								0,						0,			0,			 0,					0,				0,					'TXT_KEY_CONTRACT_JFD_ZAPOROZHIAN_DESC',		'TXT_KEY_PROMOTION_JFD_ZAPOROZHIAN_HELP', 			0,				-100,				0,							1, 					NULL,				58, 			'ABILITY_ATLAS', 				'PEDIA_ATTRIBUTES',		'TXT_KEY_CONTRACT_JFD_ZAPOROZHIAN_DESC'),
		('PROMOTION_JFD_ZOUAVES', 				0,				0,						0,			0,		0,		0,					0,			0,					0,						0,						0,						0,						0,						25,			0,				0,							0,			0,				0,					0,							0,						0,					0,				0,					0,						0,					0,					0,					0,						0,							0,						0,					0,			0,									0,					0,				0,						0,						0,						0,						0,			0,				0,								15,						0,			0,			 0,					0,				0,					'TXT_KEY_CONTRACT_JFD_ZOUAVES_DESC',			'TXT_KEY_PROMOTION_JFD_ZOUAVES_HELP', 				0,				-100,				0,							1, 					NULL,				58, 			'ABILITY_ATLAS', 				'PEDIA_ATTRIBUTES',		'TXT_KEY_CONTRACT_JFD_ZOUAVES_DESC');
	
INSERT INTO UnitPromotions
		(Type, 								Description,									Help,											JFD_Mercenary,	IgnoreGreatGeneralBenefit,	CannotBeChosen,		PortraitIndex,	IconAtlas, 			PediaType, 				PediaEntry)
SELECT	'PROMOTION_JFD_BLACK_RIDERS', 		'TXT_KEY_CONTRACT_JFD_BLACK_RIDERS_DESC',		'TXT_KEY_PROMOTION_JFD_BLACK_RIDERS_HELP', 		1,				1,							1, 					58, 			'ABILITY_ATLAS', 	'PEDIA_ATTRIBUTES',		'TXT_KEY_CONTRACT_JFD_BLACK_RIDERS_DESC'
WHERE EXISTS (SELECT * FROM JFD_GlobalUserSettings WHERE Type = 'JFD_RTP_MERCENARIES_UNITS_ADDITIONS_BLACK_RIDERS' AND Value = 1);
------------------------------
-- UnitPromotions_UnitCombats
------------------------------	
INSERT INTO UnitPromotions_UnitCombats 
		(PromotionType, 						UnitCombatType)
VALUES	('PROMOTION_JFD_GAESATAE', 				'UNITCOMBAT_MELEE');
------------------------------
-- UnitPromotions_YieldFromScouting
------------------------------
INSERT INTO UnitPromotions_YieldFromScouting
		(PromotionType,							YieldType,				Yield)
VALUES	('PROMOTION_JFD_BANDEIRANTES',			'YIELD_GOLD',			1);
------------------------------
-- UnitPromotions_YieldFromKills
------------------------------
INSERT INTO UnitPromotions_YieldFromKills
		(PromotionType,							YieldType,							Yield)
VALUES	('PROMOTION_JFD_EAGLE_WARRIORS',		'YIELD_GREAT_GENERAL_POINTS',		50);
------------------------------
-- UnitPromotions_Domains
------------------------------
INSERT INTO UnitPromotions_Domains
		(PromotionType,							DomainType,				Modifier)
VALUES	('PROMOTION_JFD_CATALAN_COMPANY',		'DOMAIN_SEA',			15),
		('PROMOTION_JFD_ELSWICK',				'DOMAIN_LAND',			25);
------------------------------
-- UnitPromotions_Features
------------------------------
INSERT INTO UnitPromotions_Features
		(PromotionType,							FeatureType,			DoubleMove)
VALUES	('PROMOTION_JFD_SONS_MIL',				'FEATURE_FOREST',		1);
------------------------------
-- UnitPromotions_UnitCombatMods
------------------------------
INSERT INTO UnitPromotions_UnitCombatMods
		(PromotionType,							UnitCombatType,			Modifier)
VALUES	('PROMOTION_JFD_BLACKWATER',			'UNITCOMBAT_ARMOR',		25),	
		('PROMOTION_JFD_OUTER_HEAVEN',			'UNITCOMBAT_GUN',		25),	
		('PROMOTION_JFD_ST_MARK',				'UNITCOMBAT_GUN',		15),	
		('PROMOTION_JFD_ST_MARK',				'UNITCOMBAT_MELEE',		15),	
		('PROMOTION_JFD_WHITE_COMPANY',			'UNITCOMBAT_MOUNTED',	50);
------------------------------
-- UnitPromotions_Terrains
------------------------------
INSERT INTO UnitPromotions_Terrains
		(PromotionType,							TerrainType,			DoubleMove,	Attack,		Defense)
VALUES	('PROMOTION_JFD_ATHOLL',				'TERRAIN_HILL',			0,			15,			15),
		('PROMOTION_JFD_GASMOULOI',				'TERRAIN_COAST',		0,			15,			15),
		('PROMOTION_JFD_HARLAND_WOLFF',			'TERRAIN_OCEAN',		0,			0,			25),
		('PROMOTION_JFD_NOMADS',				'TERRAIN_GRASS',		0,			0,			25),
		('PROMOTION_JFD_NOMADS',				'TERRAIN_PLAINS',		1,			0,			0);
------------------------------
-- UnitPromotions_JFD_UnitDialogues
------------------------------	
INSERT INTO UnitPromotions_JFD_UnitDialogues 
		(PromotionType, 						UnitDialogue)
VALUES	('PROMOTION_JFD_AL_TARSUSI', 			'AS2D_SOUND_JFD_ARABIC'),
		('PROMOTION_JFD_AMSAIG', 				'AS2D_SOUND_JFD_CELTIC'),
		('PROMOTION_JFD_ARCHIMEDES', 			'AS2D_SOUND_JFD_GREEK'),
		('PROMOTION_JFD_ATHOLL', 				'AS2D_SOUND_JFD_GAELIC'),
		('PROMOTION_JFD_ATTACOTTI', 			'AS2D_SOUND_JFD_CELTIC'),
		('PROMOTION_JFD_BARBARY_CORSAIRS', 		'AS2D_SOUND_JFD_BERBER'),
		('PROMOTION_JFD_BASHI_BAZOUK', 			'AS2D_SOUND_JFD_OTTOMAN'),
		('PROMOTION_JFD_BELEARIC', 				'AS2D_SOUND_JFD_GREEK'),
		('PROMOTION_JFD_BERDAN', 				'AS2D_SOUND_JFD_AMERICAN'),
		('PROMOTION_JFD_BESSI', 				'AS2D_SOUND_JFD_GREEK'),
		('PROMOTION_JFD_BLACK_BANDS', 			'AS2D_SOUND_JFD_GERMAN'),
		('PROMOTION_JFD_BLUE_GUARDS', 			'AS2D_SOUND_JFD_DUTCH'),
		('PROMOTION_JFD_CATALAN_COMPANY', 		'AS2D_SOUND_JFD_SPANISH'),
		('PROMOTION_JFD_CHELA', 				'AS2D_SOUND_JFD_INDIAN'),
		('PROMOTION_JFD_CLAN_SWEENY', 			'AS2D_SOUND_JFD_CELTIC'),
		('PROMOTION_JFD_CINQUE', 				'AS2D_SOUND_JFD_ENGLISH'),
		('PROMOTION_JFD_COLONIAL_MARINES', 		'AS2D_SOUND_JFD_ENGLISH'),
		('PROMOTION_JFD_COMPANY_HAT', 			'AS2D_SOUND_JFD_ITALIAN'),
		('PROMOTION_JFD_DE_MEURON', 			'AS2D_SOUND_JFD_GERMAN'),
		('PROMOTION_JFD_DE_WATTEVILLE', 		'AS2D_SOUND_JFD_GERMAN'),
		('PROMOTION_JFD_EAGLE_WARRIORS', 		'AS2D_SOUND_JFD_AZTEC'),
		('PROMOTION_JFD_ELSWICK', 				'AS2D_SOUND_JFD_ENGLISH'),
		('PROMOTION_JFD_FLYING_TIGERS', 		'AS2D_SOUND_JFD_AMERICAN'),
		('PROMOTION_JFD_FULTON', 				'AS2D_SOUND_JFD_AMERICAN'),
		('PROMOTION_JFD_GAESATAE', 				'AS2D_SOUND_JFD_CELTIC'),
		('PROMOTION_JFD_GASMOULOI', 			'AS2D_SOUND_JFD_BYZANTINE'),
		('PROMOTION_JFD_GHILMAN', 				'AS2D_SOUND_JFD_MONGOL'),
		('PROMOTION_JFD_GURKHA', 				'AS2D_SOUND_JFD_INDIAN'),
		('PROMOTION_JFD_HABIRU', 				'AS2D_SOUND_JFD_SUMERIAN'),
		('PROMOTION_JFD_HACKAPELL', 			'AS2D_SOUND_JFD_FINISH'),
		('PROMOTION_JFD_HASHSHASHINS', 			'AS2D_SOUND_JFD_ARABIC'),
		('PROMOTION_JFD_HARLAND_WOLFF', 		'AS2D_SOUND_JFD_OTTOMAN'),
		('PROMOTION_JFD_HELMSCHMIED', 			'AS2D_SOUND_JFD_GERMAN'),
		('PROMOTION_JFD_HESSIANS', 				'AS2D_SOUND_JFD_GERMAN'),
		('PROMOTION_JFD_HETAIREIA', 			'AS2D_SOUND_JFD_BYZANTINE'),
		('PROMOTION_JFD_HYUNDAI', 				'AS2D_SOUND_JFD_JAPANESE'),
		('PROMOTION_JFD_JANISSARIES', 			'AS2D_SOUND_JFD_OTTOMAN'),
		('PROMOTION_JFD_JOMSVIKINGS', 			'AS2D_SOUND_JFD_VIKING'),
		('PROMOTION_JFD_LIGHTNING_WARRIORS', 	'AS2D_SOUND_JFD_ZAPOTEC'),
		('PROMOTION_JFD_MAMLUKES', 				'AS2D_SOUND_JFD_MAMLUKE'),
		('PROMOTION_JFD_MEDJAY', 				'AS2D_SOUND_JFD_EGYPTIAN'),
		('PROMOTION_JFD_MITSUBISHI', 			'AS2D_SOUND_JFD_JAPANESE'),
		('PROMOTION_JFD_NEGROLI', 				'AS2D_SOUND_JFD_ITALIAN'),
		('PROMOTION_JFD_NEWCOMEN', 				'AS2D_SOUND_JFD_ENGLISH'),
		('PROMOTION_JFD_OUTER_HEAVEN', 			'AS2D_SOUND_JFD_AMERICAN'),
		('PROMOTION_JFD_OUTLAWS', 				'AS2D_SOUND_JFD_AMERICAN_WEST'),
		('PROMOTION_JFD_POTSDAM_GIANTS', 		'AS2D_SOUND_JFD_GERMAN'),
		('PROMOTION_JFD_SAIKASHUU', 			'AS2D_SOUND_JFD_JAPANESE'),
		('PROMOTION_JFD_SALERAIOI', 			'AS2D_SOUND_JFD_GREEK'),
		('PROMOTION_JFD_SAQALIBA', 				'AS2D_SOUND_JFD_RUSSIAN'),
		('PROMOTION_JFD_SERBIAN_FREE_CORPS', 	'AS2D_SOUND_JFD_RUSSIAN'),
		('PROMOTION_JFD_SONS_MARS', 			'AS2D_SOUND_JFD_ROMAN'),
		('PROMOTION_JFD_SONS_MIL', 				'AS2D_SOUND_JFD_CELTIC'),
		('PROMOTION_JFD_ST_MARK', 				'AS2D_SOUND_JFD_GERMANY'),
		('PROMOTION_JFD_STRADIOT', 				'AS2D_SOUND_JFD_ALBANIAN'),
		('PROMOTION_JFD_SWISS_GUARD', 			'AS2D_SOUND_JFD_ITALIAN'),
		('PROMOTION_JFD_TEN_THOUSAND', 			'AS2D_SOUND_JFD_GREEK'),
		('PROMOTION_JFD_VARANGIAN', 			'AS2D_SOUND_JFD_VIKING'),
		('PROMOTION_JFD_VERNY', 				'AS2D_SOUND_JFD_FRENCH'),
		('PROMOTION_JFD_VITRUVIUS', 			'AS2D_SOUND_JFD_ROMAN'),
		('PROMOTION_JFD_WEYLAND_YUTANI', 		'AS2D_SOUND_JFD_JAPANESE'),
		('PROMOTION_JFD_WILD_GEESE', 			'AS2D_SOUND_JFD_GAELIC'),
		('PROMOTION_JFD_WHITE_COMPANY', 		'AS2D_SOUND_JFD_ITALIAN'),
		('PROMOTION_JFD_WHITE_LEGION', 			'AS2D_SOUND_JFD_ZULU'),
		('PROMOTION_JFD_ZAPOROZHIAN', 			'AS2D_SOUND_JFD_RUSSIAN'),
		('PROMOTION_JFD_ZOUAVES', 				'AS2D_SOUND_JFD_POLISH');
--==========================================================================================================================
--==========================================================================================================================