--==========================================================================================================================
-- EVENTS
--==========================================================================================================================
-- Events
--------------------------------------------------------------------------------------------------------------------------		
INSERT INTO Events
		(Type,														Description,																Help,																EventArt,								EventAudio,								IsOneShot,	IsCityState,	RequiresWar,	NumChoices,	RandomChance,	RandomChanceDelta,	EventCooldown,  MinimumNationalPopulation,	MinimumNumberCities,	RequiresHolyCity,	RequiredCulture,		RequiredEra,		ObsoleteEra)
VALUES	('PLAYER_EVENT_JFD_CULDIV_ANDEAN_HEAD_BINDING',				'TXT_KEY_PLAYER_EVENT_JFD_CULDIV_ANDEAN_HEAD_BINDING_DESCRIPTION',			'TXT_KEY_PLAYER_EVENT_JFD_CULDIV_ANDEAN_HEAD_BINDING_HELP',			'Event_CulDivAndean2.dds',				'AS2D_EVENT_JFD_ANDEAN',				1,			0,				0,				2,			20,				1,					0,				0,							0,						0,					'JFD_Andean',			'ERA_MEDIEVAL',		NULL),
		('PLAYER_EVENT_JFD_CULDIV_BANTU_GREAT_MIGRATION',			NULL,																		NULL,																'Event_CulDivBantu.dds',				'AS2D_EVENT_JFD_BANTU',					1,			0,				0,				1,			10,				1,					0,				0,							3,						0,					'JFD_Bantu',			NULL,				NULL),
		('PLAYER_EVENT_JFD_CULDIV_CENTRAL_MARRIAGE',				'TXT_KEY_PLAYER_EVENT_JFD_CULDIV_CENTRAL_MARRIAGE_DESCRIPTION',				'TXT_KEY_PLAYER_EVENT_JFD_CULDIV_CENTRAL_MARRIAGE_HELP',			'Event_Marriage.dds',					'AS2D_EVENT_JFD_CHURCH_BELLS',			0,			1,				1,				2,			20,				1,					30,				0,							0,						0,					'JFD_Central',			'ERA_RENAISSANCE',	NULL),
		('PLAYER_EVENT_JFD_CULDIV_COLONIAL_INDEPENDENCE',			NULL,																		NULL,																'Event_CulDivColonial.dds',				'AS2D_EVENT_JFD_CROWD_CHEER',			0,			0,				0,				1,			10,				2,					50,				0,							0,						1,					'JFD_Colonial',			'ERA_RENAISSANCE',	NULL),
		('PLAYER_EVENT_JFD_CULDIV_EASTERN_SYNOD',					'TXT_KEY_PLAYER_EVENT_JFD_CULDIV_EASTERN_SYNOD_DESCRIPTION',				'TXT_KEY_PLAYER_EVENT_JFD_CULDIV_EASTERN_SYNOD_HELP',				'Event_CulDivEastern.dds',				'AS2D_EVENT_JFD_SYNOD',					0,			0,				0,				2,			20,				1,					30,				0,							0,						1,					'JFD_Eastern',			'ERA_MEDIEVAL',		NULL),
		('PLAYER_EVENT_JFD_CULDIV_ISLAMIC_TRADE',					'TXT_KEY_PLAYER_EVENT_JFD_CULDIV_ISLAMIC_TRADE_DESCRIPTION',				'TXT_KEY_PLAYER_EVENT_JFD_CULDIV_ISLAMIC_TRADE_HELP',				'Event_CulDivIslamic.dds',				'AS2D_EVENT_JFD_GENERIC_EVENT',			0,			0,				0,				2,			20,				1,					30,				0,							0,						0,					'JFD_Islamic',			'ERA_MEDIEVAL',		NULL),
		('PLAYER_EVENT_JFD_CULDIV_MESOAMERICAN_WAR_CAPTIVES',		'TXT_KEY_PLAYER_EVENT_JFD_CULDIV_MESOAMERICAN_WAR_CAPTIVES_DESCRIPTION',	'TXT_KEY_PLAYER_EVENT_JFD_CULDIV_MESOAMERICAN_WAR_CAPTIVES_HELP',	'Event_CulDivMesoamerican.dds',			'AS2D_EVENT_JFD_MESOAMERICAN',			0,			0,				1,				3,			20,				1,					50,				0,							0,						0,					'JFD_Mesoamerican',		NULL,				NULL),
		('PLAYER_EVENT_JFD_CULDIV_NORTHERN_MIDSUMMER',				'TXT_KEY_PLAYER_EVENT_JFD_CULDIV_NORTHERN_MIDSUMMER_DESCRIPTION',			'TXT_KEY_PLAYER_EVENT_JFD_CULDIV_NORTHERN_MIDSUMMER_HELP',			'Event_CulDivNorthern.dds',				'AS2D_EVENT_JFD_NORTHERN',				0,			0,				0,				3,			10,				1,					30,				20,							0,						0,					'JFD_Northern',			NULL,				NULL),
		('PLAYER_EVENT_JFD_CULDIV_PAPAL_MASTERPIECE',				'TXT_KEY_PLAYER_EVENT_JFD_CULDIV_PAPAL_MASTERPIECE_DESCRIPTION',			'TXT_KEY_PLAYER_EVENT_JFD_CULDIV_PAPAL_MASTERPIECE_HELP',			'Event_CulDivPapal.dds',				'AS2D_EVENT_JFD_PAPAL',					0,			0,				0,				4,			20,				1,					50,				0,							0,						0,					'JFD_Papal',			'ERA_RENAISSANCE',	NULL),
		('PLAYER_EVENT_JFD_CULDIV_POLAR_CIRCUMPOLAR',				'TXT_KEY_PLAYER_EVENT_JFD_CULDIV_POLAR_CIRCUMPOLAR_DESCRIPTION',			'TXT_KEY_PLAYER_EVENT_JFD_CULDIV_POLAR_CIRCUMPOLAR_HELP',			'Event_CulDivPolar.dds',				'AS2D_EVENT_JFD_GENERIC_EVENT',			0,			0,				0,				2,			10,				1,					30,				20,							0,						0,					'JFD_Polar',			NULL,				NULL),
		('PLAYER_EVENT_JFD_CULDIV_SAHUL_CEREMONY',					'TXT_KEY_PLAYER_EVENT_JFD_CULDIV_SAHUL_CEREMONY_DESCRIPTION',				'TXT_KEY_PLAYER_EVENT_JFD_CULDIV_SAHUL_CEREMONY_HELP',				'Event_CulDivSahul.dds',				'AS2D_EVENT_JFD_SAHUL',					0,			0,				0,				3,			10,				1,					30,				20,							0,						0,					'JFD_Sahul',			NULL,				NULL),
		('PLAYER_EVENT_JFD_CULDIV_SEMITIC_CHOSEN',					NULL,																		NULL,																'Event_CulDivSemitic.dds',				'AS2D_INTERFACE_RELIGION_ACTIVATE',		1,			0,				0,				1,			10,				2,					0,				0,							0,						1,					'JFD_Semitic',			NULL,				'ERA_RENAISSANCE'),
		('PLAYER_EVENT_JFD_CULDIV_SOUTHERN_POLITICAL',				'TXT_KEY_PLAYER_EVENT_JFD_CULDIV_SOUTHERN_POLITICAL_DESCRIPTION',			'TXT_KEY_PLAYER_EVENT_JFD_CULDIV_SOUTHERN_POLITICAL_HELP',			'Event_CulDivSouthern.dds',				'AS2D_EVENT_JFD_WRITING',				0,			0,				0,				3,			10,				1,					30,				0,							0,						0,					'JFD_Southern',			'ERA_RENAISSANCE',	'ERA_INDUSTRIAL'),
		('PLAYER_EVENT_JFD_CULDIV_STEPPE_HORDE',					NULL,																		NULL,																'Event_CulDivSteppe.dds',				'AS2D_EVENT_JFD_DECLARE_WAR',			0,			0,				1,				1,			10,				2,					30,				0,							2,						0,					'JFD_Steppe',			'ERA_CLASSICAL',	'ERA_RENAISSANCE'),
		('PLAYER_EVENT_JFD_CULDIV_TRIBAL_AMERICAN_CHIEF',			NULL,																		NULL,																'Event_CulDivTribalAmerican.dds',		'AS2D_EVENT_JFD_TRIBAL_AMERICAN',		0,			0,				1,				1,			10,				1,					50,				0,							0,						0,					'JFD_TribalAmerican',	NULL,				NULL),
		('PLAYER_EVENT_JFD_CULDIV_WESTERN_INVESTMENT',				NULL,																		NULL,																'Event_CulDivWestern.dds',				'AS2D_EVENT_JFD_GOLD_GIFT',				0,			0,				0,				1,			10,				1,					50,				0,							5,						0,					'JFD_Western',			'ERA_RENAISSANCE',	NULL),
		('PLAYER_EVENT_JFD_CULDIV_WEST_AFRICAN_DIGNITARY',			'TXT_KEY_PLAYER_EVENT_JFD_CULDIV_WEST_AFRICAN_DIGNITARY_DESCRIPTION',		'TXT_KEY_PLAYER_EVENT_JFD_CULDIV_WEST_AFRICAN_DIGNITARY_HELP',		'Event_CulDivWestAfrican.dds',			'AS2D_EVENT_JFD_FANFARE',				0,			0,				0,				3,			10,				1,					30,				0,							0,						0,					'JFD_WestAfrican',		'ERA_MEDIEVAL',		NULL);
--------------------------------------------------------------------------------------------------------------------------
-- Event_ParentEvents
--------------------------------------------------------------------------------------------------------------------------	
INSERT INTO Event_ParentEvents
		(EventType,													EventChoiceType)
VALUES	('PLAYER_EVENT_JFD_CULDIV_ANDEAN_HEAD_BINDING',				'PLAYER_EVENT_JFD_CULDIV_ANDEAN_HEAD_BINDING_CHOICE_1'),		
		('PLAYER_EVENT_JFD_CULDIV_ANDEAN_HEAD_BINDING',				'PLAYER_EVENT_JFD_CULDIV_ANDEAN_HEAD_BINDING_CHOICE_2'),
		('PLAYER_EVENT_JFD_CULDIV_BANTU_GREAT_MIGRATION',			'PLAYER_EVENT_JFD_CULDIV_BANTU_GREAT_MIGRATION_CHOICE_1'),
		('PLAYER_EVENT_JFD_CULDIV_CENTRAL_MARRIAGE',				'PLAYER_EVENT_JFD_CULDIV_CENTRAL_MARRIAGE_CHOICE_1'),		
		('PLAYER_EVENT_JFD_CULDIV_CENTRAL_MARRIAGE',				'PLAYER_EVENT_JFD_CULDIV_CENTRAL_MARRIAGE_CHOICE_2'),	
		('PLAYER_EVENT_JFD_CULDIV_COLONIAL_INDEPENDENCE',			'PLAYER_EVENT_JFD_CULDIV_COLONIAL_INDEPENDENCE_CHOICE_1'),
		('PLAYER_EVENT_JFD_CULDIV_EASTERN_SYNOD',					'PLAYER_EVENT_JFD_CULDIV_EASTERN_SYNOD_CHOICE_1'),		
		('PLAYER_EVENT_JFD_CULDIV_EASTERN_SYNOD',					'PLAYER_EVENT_JFD_CULDIV_EASTERN_SYNOD_CHOICE_2'),	
		('PLAYER_EVENT_JFD_CULDIV_ISLAMIC_TRADE',					'PLAYER_EVENT_JFD_CULDIV_ISLAMIC_TRADE_CHOICE_1'),		
		('PLAYER_EVENT_JFD_CULDIV_ISLAMIC_TRADE',					'PLAYER_EVENT_JFD_CULDIV_ISLAMIC_TRADE_CHOICE_2'),	
		('PLAYER_EVENT_JFD_CULDIV_MESOAMERICAN_WAR_CAPTIVES',		'PLAYER_EVENT_JFD_CULDIV_MESOAMERICAN_WAR_CAPTIVES_CHOICE_1'),		
		('PLAYER_EVENT_JFD_CULDIV_MESOAMERICAN_WAR_CAPTIVES',		'PLAYER_EVENT_JFD_CULDIV_MESOAMERICAN_WAR_CAPTIVES_CHOICE_2'),	
		('PLAYER_EVENT_JFD_CULDIV_MESOAMERICAN_WAR_CAPTIVES',		'PLAYER_EVENT_JFD_CULDIV_MESOAMERICAN_WAR_CAPTIVES_CHOICE_3'),
		('PLAYER_EVENT_JFD_CULDIV_NORTHERN_MIDSUMMER',				'PLAYER_EVENT_JFD_CULDIV_NORTHERN_MIDSUMMER_CHOICE_1'),		
		('PLAYER_EVENT_JFD_CULDIV_NORTHERN_MIDSUMMER',				'PLAYER_EVENT_JFD_CULDIV_NORTHERN_MIDSUMMER_CHOICE_2'),	
		('PLAYER_EVENT_JFD_CULDIV_NORTHERN_MIDSUMMER',				'PLAYER_EVENT_JFD_CULDIV_NORTHERN_MIDSUMMER_CHOICE_3'),
		('PLAYER_EVENT_JFD_CULDIV_PAPAL_MASTERPIECE',				'PLAYER_EVENT_JFD_CULDIV_PAPAL_MASTERPIECE_CHOICE_1'),		
		('PLAYER_EVENT_JFD_CULDIV_PAPAL_MASTERPIECE',				'PLAYER_EVENT_JFD_CULDIV_PAPAL_MASTERPIECE_CHOICE_2'),	
		('PLAYER_EVENT_JFD_CULDIV_PAPAL_MASTERPIECE',				'PLAYER_EVENT_JFD_CULDIV_PAPAL_MASTERPIECE_CHOICE_3'),
		('PLAYER_EVENT_JFD_CULDIV_PAPAL_MASTERPIECE',				'PLAYER_EVENT_JFD_CULDIV_PAPAL_MASTERPIECE_CHOICE_4'),
		('PLAYER_EVENT_JFD_CULDIV_POLAR_CIRCUMPOLAR',				'PLAYER_EVENT_JFD_CULDIV_POLAR_CIRCUMPOLAR_CHOICE_1'),		
		('PLAYER_EVENT_JFD_CULDIV_POLAR_CIRCUMPOLAR',				'PLAYER_EVENT_JFD_CULDIV_POLAR_CIRCUMPOLAR_CHOICE_2'),	
		('PLAYER_EVENT_JFD_CULDIV_SAHUL_CEREMONY',					'PLAYER_EVENT_JFD_CULDIV_SAHUL_CEREMONY_CHOICE_1'),		
		('PLAYER_EVENT_JFD_CULDIV_SAHUL_CEREMONY',					'PLAYER_EVENT_JFD_CULDIV_SAHUL_CEREMONY_CHOICE_2'),	
		('PLAYER_EVENT_JFD_CULDIV_SAHUL_CEREMONY',					'PLAYER_EVENT_JFD_CULDIV_SAHUL_CEREMONY_CHOICE_3'),	
		('PLAYER_EVENT_JFD_CULDIV_SEMITIC_CHOSEN',					'PLAYER_EVENT_JFD_CULDIV_SEMITIC_CHOSEN_CHOICE_1'),
		('PLAYER_EVENT_JFD_CULDIV_SOUTHERN_POLITICAL',				'PLAYER_EVENT_JFD_CULDIV_SOUTHERN_POLITICAL_CHOICE_1'),		
		('PLAYER_EVENT_JFD_CULDIV_SOUTHERN_POLITICAL',				'PLAYER_EVENT_JFD_CULDIV_SOUTHERN_POLITICAL_CHOICE_2'),	
		('PLAYER_EVENT_JFD_CULDIV_SOUTHERN_POLITICAL',				'PLAYER_EVENT_JFD_CULDIV_SOUTHERN_POLITICAL_CHOICE_3'),
		('PLAYER_EVENT_JFD_CULDIV_STEPPE_HORDE',					'PLAYER_EVENT_JFD_CULDIV_STEPPE_HORDE_CHOICE_1'),
		('PLAYER_EVENT_JFD_CULDIV_TRIBAL_AMERICAN_CHIEF',			'PLAYER_EVENT_JFD_CULDIV_TRIBAL_AMERICAN_CHIEF_CHOICE_1'),
		('PLAYER_EVENT_JFD_CULDIV_WESTERN_INVESTMENT',				'PLAYER_EVENT_JFD_CULDIV_WESTERN_INVESTMENT_CHOICE_1'),
		('PLAYER_EVENT_JFD_CULDIV_WEST_AFRICAN_DIGNITARY',			'PLAYER_EVENT_JFD_CULDIV_WEST_AFRICAN_DIGNITARY_CHOICE_1'),		
		('PLAYER_EVENT_JFD_CULDIV_WEST_AFRICAN_DIGNITARY',			'PLAYER_EVENT_JFD_CULDIV_WEST_AFRICAN_DIGNITARY_CHOICE_2'),	
		('PLAYER_EVENT_JFD_CULDIV_WEST_AFRICAN_DIGNITARY',			'PLAYER_EVENT_JFD_CULDIV_WEST_AFRICAN_DIGNITARY_CHOICE_3');
--------------------------------------------------------------------------------------------------------------------------
-- EventChoices
--------------------------------------------------------------------------------------------------------------------------		
INSERT INTO EventChoices
		(Type,															EventChoiceAudio,							EraScaling,		EventDuration,	CityStateInfluence,	UnitDamage,	WLTKDTurns,	 Description,																		Help,																		DisabledToolTip)
VALUES	('PLAYER_EVENT_JFD_CULDIV_ANDEAN_HEAD_BINDING_CHOICE_1',		'AS2D_EVENT_CHOICE',						1,				0,				0,					0,			0,			 'TXT_KEY_PLAYER_EVENT_JFD_CULDIV_ANDEAN_HEAD_BINDING_DESCRIPTION_CHOICE_1',		'TXT_KEY_PLAYER_EVENT_JFD_CULDIV_ANDEAN_HEAD_BINDING_CHOICE_1_HELP',		NULL),
		('PLAYER_EVENT_JFD_CULDIV_ANDEAN_HEAD_BINDING_CHOICE_2',		'AS2D_EVENT_CHOICE',						1,				0,				0,					0,			0,			 'TXT_KEY_PLAYER_EVENT_JFD_CULDIV_ANDEAN_HEAD_BINDING_DESCRIPTION_CHOICE_2',		'TXT_KEY_PLAYER_EVENT_JFD_CULDIV_ANDEAN_HEAD_BINDING_CHOICE_2_HELP',		NULL),
		('PLAYER_EVENT_JFD_CULDIV_BANTU_GREAT_MIGRATION_CHOICE_1',		NULL,										0,				0,				0,					0,			0,			 'TXT_KEY_PLAYER_EVENT_JFD_CULDIV_BANTU_GREAT_MIGRATION_DESCRIPTION_CHOICE_1',		'TXT_KEY_PLAYER_EVENT_JFD_CULDIV_BANTU_GREAT_MIGRATION_CHOICE_1_HELP',		NULL),
		('PLAYER_EVENT_JFD_CULDIV_CENTRAL_MARRIAGE_CHOICE_1',			'AS2D_EVENT_CHOICE',						0,				0,				25,					0,			0,			 'TXT_KEY_PLAYER_EVENT_JFD_CULDIV_CENTRAL_MARRIAGE_DESCRIPTION_CHOICE_1',			'TXT_KEY_PLAYER_EVENT_JFD_CULDIV_CENTRAL_MARRIAGE_CHOICE_1_HELP',			NULL),
		('PLAYER_EVENT_JFD_CULDIV_CENTRAL_MARRIAGE_CHOICE_2',			'AS2D_EVENT_CHOICE',						0,				0,				10,					0,			2,			 'TXT_KEY_PLAYER_EVENT_JFD_CULDIV_CENTRAL_MARRIAGE_DESCRIPTION_CHOICE_2',			'TXT_KEY_PLAYER_EVENT_JFD_CULDIV_CENTRAL_MARRIAGE_CHOICE_2_HELP',			NULL),
		('PLAYER_EVENT_JFD_CULDIV_COLONIAL_INDEPENDENCE_CHOICE_1',		NULL,										0,				0,				0,					0,			3,			 'TXT_KEY_PLAYER_EVENT_JFD_CULDIV_COLONIAL_INDEPENDENCE_DESCRIPTION_CHOICE_1',		'TXT_KEY_PLAYER_EVENT_JFD_CULDIV_COLONIAL_INDEPENDENCE_CHOICE_1_HELP',		NULL),
		('PLAYER_EVENT_JFD_CULDIV_EASTERN_SYNOD_CHOICE_1',				'AS2D_EVENT_CHOICE',						1,				0,				0,					0,			0,			 'TXT_KEY_PLAYER_EVENT_JFD_CULDIV_EASTERN_SYNOD_DESCRIPTION_CHOICE_1',				'TXT_KEY_PLAYER_EVENT_JFD_CULDIV_EASTERN_SYNOD_CHOICE_1_HELP',				NULL),
		('PLAYER_EVENT_JFD_CULDIV_EASTERN_SYNOD_CHOICE_2',				'AS2D_EVENT_CHOICE',						1,				30,				0,					0,			0,			 'TXT_KEY_PLAYER_EVENT_JFD_CULDIV_EASTERN_SYNOD_DESCRIPTION_CHOICE_2',				'TXT_KEY_PLAYER_EVENT_JFD_CULDIV_EASTERN_SYNOD_CHOICE_2_HELP',				NULL),
		('PLAYER_EVENT_JFD_CULDIV_ISLAMIC_TRADE_CHOICE_1',				'AS2D_EVENT_CHOICE',						0,				0,				0,					0,			0,			 'TXT_KEY_PLAYER_EVENT_JFD_CULDIV_ISLAMIC_TRADE_DESCRIPTION_CHOICE_1',				'TXT_KEY_PLAYER_EVENT_JFD_CULDIV_ISLAMIC_TRADE_CHOICE_1_HELP',				NULL),
		('PLAYER_EVENT_JFD_CULDIV_ISLAMIC_TRADE_CHOICE_2',				'AS2D_EVENT_CHOICE',						1,				0,				0,					0,			0,			 'TXT_KEY_PLAYER_EVENT_JFD_CULDIV_ISLAMIC_TRADE_DESCRIPTION_CHOICE_2',				'TXT_KEY_PLAYER_EVENT_JFD_CULDIV_ISLAMIC_TRADE_CHOICE_2_HELP',				NULL),
		('PLAYER_EVENT_JFD_CULDIV_MESOAMERICAN_WAR_CAPTIVES_CHOICE_1',	'AS2D_EVENT_CHOICE',						1,				0,				0,					0,			0,			 'TXT_KEY_PLAYER_EVENT_JFD_CULDIV_MESOAMERICAN_WAR_CAPTIVES_DESCRIPTION_CHOICE_1',	'TXT_KEY_PLAYER_EVENT_JFD_CULDIV_MESOAMERICAN_WAR_CAPTIVES_CHOICE_1_HELP',	NULL),
		('PLAYER_EVENT_JFD_CULDIV_MESOAMERICAN_WAR_CAPTIVES_CHOICE_2',	'AS2D_EVENT_CHOICE',						1,				0,				0,					0,			0,			 'TXT_KEY_PLAYER_EVENT_JFD_CULDIV_MESOAMERICAN_WAR_CAPTIVES_DESCRIPTION_CHOICE_2',	'TXT_KEY_PLAYER_EVENT_JFD_CULDIV_MESOAMERICAN_WAR_CAPTIVES_CHOICE_2_HELP',	NULL),
		('PLAYER_EVENT_JFD_CULDIV_MESOAMERICAN_WAR_CAPTIVES_CHOICE_3',	'AS2D_EVENT_CHOICE',						0,				0,				0,					-40,		0,			 'TXT_KEY_PLAYER_EVENT_JFD_CULDIV_MESOAMERICAN_WAR_CAPTIVES_DESCRIPTION_CHOICE_3',	'TXT_KEY_PLAYER_EVENT_JFD_CULDIV_MESOAMERICAN_WAR_CAPTIVES_CHOICE_3_HELP',	NULL),
		('PLAYER_EVENT_JFD_CULDIV_NORTHERN_MIDSUMMER_CHOICE_1',			'AS2D_EVENT_CHOICE',						0,				0,				0,					0,			3,			 'TXT_KEY_PLAYER_EVENT_JFD_CULDIV_NORTHERN_MIDSUMMER_DESCRIPTION_CHOICE_1',			'TXT_KEY_PLAYER_EVENT_JFD_CULDIV_NORTHERN_MIDSUMMER_CHOICE_1_HELP',			NULL),
		('PLAYER_EVENT_JFD_CULDIV_NORTHERN_MIDSUMMER_CHOICE_2',			'AS2D_INTERFACE_CITY_SCREEN_PURCHASE',		1,				0,				0,					0,			6,			 'TXT_KEY_PLAYER_EVENT_JFD_CULDIV_NORTHERN_MIDSUMMER_DESCRIPTION_CHOICE_2',			'TXT_KEY_PLAYER_EVENT_JFD_CULDIV_NORTHERN_MIDSUMMER_CHOICE_2_HELP',			NULL),
		('PLAYER_EVENT_JFD_CULDIV_NORTHERN_MIDSUMMER_CHOICE_3',			'AS2D_INTERFACE_CITY_SCREEN_PURCHASE',		1,				0,				0,					0,			12,			 'TXT_KEY_PLAYER_EVENT_JFD_CULDIV_NORTHERN_MIDSUMMER_DESCRIPTION_CHOICE_3',			'TXT_KEY_PLAYER_EVENT_JFD_CULDIV_NORTHERN_MIDSUMMER_CHOICE_3_HELP',			NULL),
		('PLAYER_EVENT_JFD_CULDIV_PAPAL_MASTERPIECE_CHOICE_1',			'AS2D_EVENT_CHOICE',						1,				0,				0,					0,			0,			 'TXT_KEY_PLAYER_EVENT_JFD_CULDIV_PAPAL_MASTERPIECE_DESCRIPTION_CHOICE_1',			'TXT_KEY_PLAYER_EVENT_JFD_CULDIV_PAPAL_MASTERPIECE_CHOICE_1_HELP',			NULL),
		('PLAYER_EVENT_JFD_CULDIV_PAPAL_MASTERPIECE_CHOICE_2',			'AS2D_EVENT_CHOICE',						1,				0,				0,					0,			0,			 'TXT_KEY_PLAYER_EVENT_JFD_CULDIV_PAPAL_MASTERPIECE_DESCRIPTION_CHOICE_2',			'TXT_KEY_PLAYER_EVENT_JFD_CULDIV_PAPAL_MASTERPIECE_CHOICE_2_HELP',			NULL),
		('PLAYER_EVENT_JFD_CULDIV_PAPAL_MASTERPIECE_CHOICE_3',			'AS2D_EVENT_CHOICE',						1,				0,				0,					0,			0,			 'TXT_KEY_PLAYER_EVENT_JFD_CULDIV_PAPAL_MASTERPIECE_DESCRIPTION_CHOICE_3',			'TXT_KEY_PLAYER_EVENT_JFD_CULDIV_PAPAL_MASTERPIECE_CHOICE_3_HELP',			NULL),
		('PLAYER_EVENT_JFD_CULDIV_PAPAL_MASTERPIECE_CHOICE_4',			'AS2D_EVENT_CHOICE',						0,				0,				0,					0,			0,			 'TXT_KEY_PLAYER_EVENT_JFD_CULDIV_PAPAL_MASTERPIECE_DESCRIPTION_CHOICE_4',			'TXT_KEY_PLAYER_EVENT_JFD_CULDIV_PAPAL_MASTERPIECE_HELP_CHOICE_4',			NULL),
		('PLAYER_EVENT_JFD_CULDIV_POLAR_CIRCUMPOLAR_CHOICE_1',			'AS2D_EVENT_CHOICE',						0,				0,				0,					0,			3,			 'TXT_KEY_PLAYER_EVENT_JFD_CULDIV_POLAR_CIRCUMPOLAR_DESCRIPTION_CHOICE_1',			'TXT_KEY_PLAYER_EVENT_JFD_CULDIV_POLAR_CIRCUMPOLAR_CHOICE_1_HELP',			NULL),
		('PLAYER_EVENT_JFD_CULDIV_POLAR_CIRCUMPOLAR_CHOICE_2',			'AS2D_EVENT_CHOICE',						1,				0,				0,					0,			0,			 'TXT_KEY_PLAYER_EVENT_JFD_CULDIV_POLAR_CIRCUMPOLAR_DESCRIPTION_CHOICE_2',			'TXT_KEY_PLAYER_EVENT_JFD_CULDIV_POLAR_CIRCUMPOLAR_CHOICE_2_HELP',			NULL),
		('PLAYER_EVENT_JFD_CULDIV_SAHUL_CEREMONY_CHOICE_1',				'AS2D_EVENT_CHOICE',						1,				0,				0,					0,			0,			 'TXT_KEY_PLAYER_EVENT_JFD_CULDIV_SAHUL_CEREMONY_DESCRIPTION_CHOICE_1',				'TXT_KEY_PLAYER_EVENT_JFD_CULDIV_SAHUL_CEREMONY_CHOICE_1_HELP',				NULL),
		('PLAYER_EVENT_JFD_CULDIV_SAHUL_CEREMONY_CHOICE_2',				'AS2D_EVENT_CHOICE',						0,				0,				0,					0,			3,			 'TXT_KEY_PLAYER_EVENT_JFD_CULDIV_SAHUL_CEREMONY_DESCRIPTION_CHOICE_2',				'TXT_KEY_PLAYER_EVENT_JFD_CULDIV_SAHUL_CEREMONY_CHOICE_2_HELP',				NULL),
		('PLAYER_EVENT_JFD_CULDIV_SAHUL_CEREMONY_CHOICE_3',				'AS2D_EVENT_CHOICE',						1,				0,				0,					0,			0,			 'TXT_KEY_PLAYER_EVENT_JFD_CULDIV_SAHUL_CEREMONY_DESCRIPTION_CHOICE_3',				'TXT_KEY_PLAYER_EVENT_JFD_CULDIV_SAHUL_CEREMONY_CHOICE_3_HELP',				NULL),
		('PLAYER_EVENT_JFD_CULDIV_SEMITIC_CHOSEN_CHOICE_1',				NULL,										0,				0,				0,					0,			0,			 'TXT_KEY_PLAYER_EVENT_JFD_CULDIV_SEMITIC_CHOSEN_DESCRIPTION_CHOICE_1',				'TXT_KEY_PLAYER_EVENT_JFD_CULDIV_SEMITIC_CHOSEN_CHOICE_1_HELP',				NULL),
		('PLAYER_EVENT_JFD_CULDIV_SOUTHERN_POLITICAL_CHOICE_1',			'AS2D_EVENT_CHOICE',						0,				0,				0,					0,			0,			 'TXT_KEY_PLAYER_EVENT_JFD_CULDIV_SOUTHERN_POLITICAL_DESCRIPTION_CHOICE_1',			'TXT_KEY_PLAYER_EVENT_JFD_CULDIV_SOUTHERN_POLITICAL_CHOICE_1_HELP',			NULL),
		('PLAYER_EVENT_JFD_CULDIV_SOUTHERN_POLITICAL_CHOICE_2',			'AS2D_EVENT_CHOICE',						0,				0,				0,					0,			0,			 'TXT_KEY_PLAYER_EVENT_JFD_CULDIV_SOUTHERN_POLITICAL_DESCRIPTION_CHOICE_2',			'TXT_KEY_PLAYER_EVENT_JFD_CULDIV_SOUTHERN_POLITICAL_CHOICE_2_HELP',			NULL),
		('PLAYER_EVENT_JFD_CULDIV_SOUTHERN_POLITICAL_CHOICE_3',			'AS2D_EVENT_CHOICE',						0,				0,				0,					0,			0,			 'TXT_KEY_PLAYER_EVENT_JFD_CULDIV_SOUTHERN_POLITICAL_DESCRIPTION_CHOICE_3',			'TXT_KEY_PLAYER_EVENT_JFD_CULDIV_SOUTHERN_POLITICAL_CHOICE_3_HELP',			NULL),
		('PLAYER_EVENT_JFD_CULDIV_STEPPE_HORDE_CHOICE_1',				NULL,										0,				0,				0,					0,			0,			 'TXT_KEY_PLAYER_EVENT_JFD_CULDIV_STEPPE_HORDE_DESCRIPTION_CHOICE_1',				'TXT_KEY_PLAYER_EVENT_JFD_CULDIV_STEPPE_HORDE_CHOICE_1_HELP',				NULL),
		('PLAYER_EVENT_JFD_CULDIV_TRIBAL_AMERICAN_CHIEF_CHOICE_1',		NULL,										0,				0,				0,					0,			0,			 'TXT_KEY_PLAYER_EVENT_JFD_CULDIV_TRIBAL_AMERICAN_CHIEF_DESCRIPTION_CHOICE_1',		'TXT_KEY_PLAYER_EVENT_JFD_CULDIV_TRIBAL_AMERICAN_CHIEF_CHOICE_1_HELP',		NULL),
		('PLAYER_EVENT_JFD_CULDIV_WESTERN_INVESTMENT_CHOICE_1',			NULL,										0,				0,				0,					0,			0,			 'TXT_KEY_PLAYER_EVENT_JFD_CULDIV_WESTERN_INVESTMENT_DESCRIPTION_CHOICE_1',			'TXT_KEY_PLAYER_EVENT_JFD_CULDIV_WESTERN_INVESTMENT_CHOICE_1_HELP',			NULL),
		('PLAYER_EVENT_JFD_CULDIV_WEST_AFRICAN_DIGNITARY_CHOICE_1',		'AS2D_EVENT_CHOICE',						0,				0,				0,					0,			0,			 'TXT_KEY_PLAYER_EVENT_JFD_CULDIV_WEST_AFRICAN_DIGNITARY_DESCRIPTION_CHOICE_1',		'TXT_KEY_PLAYER_EVENT_JFD_CULDIV_WEST_AFRICAN_DIGNITARY_CHOICE_1_HELP',		NULL),
		('PLAYER_EVENT_JFD_CULDIV_WEST_AFRICAN_DIGNITARY_CHOICE_2',		'AS2D_EVENT_CHOICE',						0,				0,				0,					0,			0,			 'TXT_KEY_PLAYER_EVENT_JFD_CULDIV_WEST_AFRICAN_DIGNITARY_DESCRIPTION_CHOICE_2',		'TXT_KEY_PLAYER_EVENT_JFD_CULDIV_WEST_AFRICAN_DIGNITARY_CHOICE_2_HELP',		NULL),
		('PLAYER_EVENT_JFD_CULDIV_WEST_AFRICAN_DIGNITARY_CHOICE_3',		'AS2D_EVENT_CHOICE',						1,				0,				0,					0,			0,			 'TXT_KEY_PLAYER_EVENT_JFD_CULDIV_WEST_AFRICAN_DIGNITARY_DESCRIPTION_CHOICE_3',		'TXT_KEY_PLAYER_EVENT_JFD_CULDIV_WEST_AFRICAN_DIGNITARY_CHOICE_3_HELP',		NULL);
--------------------------------------------------------------------------------------------------------------------------
-- EventChoice_EventCostYield
--------------------------------------------------------------------------------------------------------------------------	
INSERT INTO EventChoice_EventCostYield
		(EventChoiceType,												YieldType,							Yield)
VALUES	('PLAYER_EVENT_JFD_CULDIV_PAPAL_MASTERPIECE_CHOICE_1',			'YIELD_GOLD',						200),
		('PLAYER_EVENT_JFD_CULDIV_PAPAL_MASTERPIECE_CHOICE_2',			'YIELD_GOLD',						200),
		('PLAYER_EVENT_JFD_CULDIV_PAPAL_MASTERPIECE_CHOICE_3',			'YIELD_GOLD',						200),
		('PLAYER_EVENT_JFD_CULDIV_NORTHERN_MIDSUMMER_CHOICE_2',			'YIELD_GOLD',						50),
		('PLAYER_EVENT_JFD_CULDIV_NORTHERN_MIDSUMMER_CHOICE_3',			'YIELD_GOLD',						100);
--------------------------------------------------------------------------------------------------------------------------
-- EventChoice_MinimumStartYield
--------------------------------------------------------------------------------------------------------------------------	
INSERT INTO EventChoice_MinimumStartYield
		(EventChoiceType,												YieldType,							Yield)
VALUES	('PLAYER_EVENT_JFD_CULDIV_PAPAL_MASTERPIECE_CHOICE_1',			'YIELD_GOLD',						200),
		('PLAYER_EVENT_JFD_CULDIV_PAPAL_MASTERPIECE_CHOICE_2',			'YIELD_GOLD',						200),
		('PLAYER_EVENT_JFD_CULDIV_PAPAL_MASTERPIECE_CHOICE_3',			'YIELD_GOLD',						200),
		('PLAYER_EVENT_JFD_CULDIV_NORTHERN_MIDSUMMER_CHOICE_2',			'YIELD_GOLD',						50),
		('PLAYER_EVENT_JFD_CULDIV_NORTHERN_MIDSUMMER_CHOICE_3',			'YIELD_GOLD',						100);
--------------------------------------------------------------------------------------------------------------------------
-- EventChoice_InstantYield
--------------------------------------------------------------------------------------------------------------------------	
INSERT INTO EventChoice_InstantYield
		(EventChoiceType,												YieldType,							Yield)
VALUES	('PLAYER_EVENT_JFD_CULDIV_ANDEAN_HEAD_BINDING_CHOICE_1',		'YIELD_CULTURE',					30),
		('PLAYER_EVENT_JFD_CULDIV_ANDEAN_HEAD_BINDING_CHOICE_2',		'YIELD_GOLDEN_AGE_POINTS',			55),
		('PLAYER_EVENT_JFD_CULDIV_EASTERN_SYNOD_CHOICE_1',				'YIELD_GOLDEN_AGE_POINTS',			40),
		('PLAYER_EVENT_JFD_CULDIV_EASTERN_SYNOD_CHOICE_2',				'YIELD_FAITH',						20),
		('PLAYER_EVENT_JFD_CULDIV_ISLAMIC_TRADE_CHOICE_1',				'YIELD_GOLD',						100),
		('PLAYER_EVENT_JFD_CULDIV_PAPAL_MASTERPIECE_CHOICE_1',			'YIELD_FAITH',						50),
		('PLAYER_EVENT_JFD_CULDIV_PAPAL_MASTERPIECE_CHOICE_2',			'YIELD_CULTURE',					40),
		('PLAYER_EVENT_JFD_CULDIV_PAPAL_MASTERPIECE_CHOICE_3',			'YIELD_GOLDEN_AGE_POINTS',			70),
		('PLAYER_EVENT_JFD_CULDIV_MESOAMERICAN_WAR_CAPTIVES_CHOICE_1',	'YIELD_FAITH',						50),
		('PLAYER_EVENT_JFD_CULDIV_MESOAMERICAN_WAR_CAPTIVES_CHOICE_2',	'YIELD_PRODUCTION',					20),
		('PLAYER_EVENT_JFD_CULDIV_POLAR_CIRCUMPOLAR_CHOICE_2',			'YIELD_CULTURE',					20),
		('PLAYER_EVENT_JFD_CULDIV_SAHUL_CEREMONY_CHOICE_1',				'YIELD_CULTURE',					20),
		('PLAYER_EVENT_JFD_CULDIV_SAHUL_CEREMONY_CHOICE_3',				'YIELD_GOLDEN_AGE_POINTS',			50),
		('PLAYER_EVENT_JFD_CULDIV_SOUTHERN_POLITICAL_CHOICE_1',			'YIELD_GOLDEN_AGE_POINTS',			500),
		('PLAYER_EVENT_JFD_CULDIV_BANTU_GREAT_MIGRATION_CHOICE_1',		'YIELD_POPULATION',					1),
		('PLAYER_EVENT_JFD_CULDIV_WESTERN_INVESTMENT_CHOICE_1',			'YIELD_GOLD',						250),
		('PLAYER_EVENT_JFD_CULDIV_WEST_AFRICAN_DIGNITARY_CHOICE_3',		'YIELD_GOLD',						250);
--------------------------------------------------------------------------------------------------------------------------
-- EventChoice_ResourceQuantity
--------------------------------------------------------------------------------------------------------------------------	
INSERT INTO EventChoice_ResourceQuantity
		(EventChoiceType,												ResourceType,						Quantity)
VALUES	('PLAYER_EVENT_JFD_CULDIV_STEPPE_HORDE_CHOICE_1',				'RESOURCE_HORSE',					2),
		('PLAYER_EVENT_JFD_CULDIV_WEST_AFRICAN_DIGNITARY_CHOICE_1',		'RESOURCE_JFD_DIGNITARIES',			2),
		('PLAYER_EVENT_JFD_CULDIV_WEST_AFRICAN_DIGNITARY_CHOICE_2',		'RESOURCE_JFD_SHACKLES',			20);
--------------------------------------------------------------------------------------------------------------------------
-- EventChoice_FreeUnits
--------------------------------------------------------------------------------------------------------------------------	
INSERT INTO EventChoice_FreeUnits
		(EventChoiceType,												UnitType,							Quantity)
VALUES	('PLAYER_EVENT_JFD_CULDIV_STEPPE_HORDE_CHOICE_1',				'UNIT_MONGOLIAN_KESHIK',			2);
--------------------------------------------------------------------------------------------------------------------------
-- EventChoice_FreeUnitClasses
--------------------------------------------------------------------------------------------------------------------------	
INSERT INTO EventChoice_FreeUnitClasses
		(EventChoiceType,												UnitClassType,						Quantity)
VALUES	('PLAYER_EVENT_JFD_CULDIV_ISLAMIC_TRADE_CHOICE_2',				'UNITCLASS_MERCHANT',				1),
		('PLAYER_EVENT_JFD_CULDIV_PAPAL_MASTERPIECE_CHOICE_1',			'UNITCLASS_ARTIST',					1),
		('PLAYER_EVENT_JFD_CULDIV_PAPAL_MASTERPIECE_CHOICE_2',			'UNITCLASS_MUSICIAN',				1),
		('PLAYER_EVENT_JFD_CULDIV_PAPAL_MASTERPIECE_CHOICE_3',			'UNITCLASS_WRITER',					1),
		('PLAYER_EVENT_JFD_CULDIV_SEMITIC_CHOSEN_CHOICE_1',				'UNITCLASS_SETTLER',				2),
		('PLAYER_EVENT_JFD_CULDIV_SOUTHERN_POLITICAL_CHOICE_2',			'UNITCLASS_WRITER',					1),
		('PLAYER_EVENT_JFD_CULDIV_SOUTHERN_POLITICAL_CHOICE_3',			'UNITCLASS_JFD_GREAT_DIGNITARY',	1),
		('PLAYER_EVENT_JFD_CULDIV_TRIBAL_AMERICAN_CHIEF_CHOICE_1',		'UNITCLASS_GREAT_GENERAL',			1);
--------------------------------------------------------------------------------------------------------------------------
-- EventChoiceFlavors
--------------------------------------------------------------------------------------------------------------------------		
INSERT INTO EventChoiceFlavors
		(EventChoiceType,												FlavorType,							Flavor)
VALUES	('PLAYER_EVENT_JFD_CULDIV_ANDEAN_HEAD_BINDING_CHOICE_1',		'FLAVOR_CULTURE',					20),
		('PLAYER_EVENT_JFD_CULDIV_ANDEAN_HEAD_BINDING_CHOICE_2',		'FLAVOR_GREAT_PEOPLE',				20),
		('PLAYER_EVENT_JFD_CULDIV_CENTRAL_MARRIAGE_CHOICE_1',			'FLAVOR_DIPLOMACY',					20),
		('PLAYER_EVENT_JFD_CULDIV_CENTRAL_MARRIAGE_CHOICE_2',			'FLAVOR_DIPLOMACY',					10),
		('PLAYER_EVENT_JFD_CULDIV_CENTRAL_MARRIAGE_CHOICE_2',			'FLAVOR_GROWTH',					10),
		('PLAYER_EVENT_JFD_CULDIV_EASTERN_SYNOD_CHOICE_1',				'FLAVOR_GREAT_PEOPLE',				20),
		('PLAYER_EVENT_JFD_CULDIV_EASTERN_SYNOD_CHOICE_2',				'FLAVOR_RELIGION',					20),
		('PLAYER_EVENT_JFD_CULDIV_PAPAL_MASTERPIECE_CHOICE_1',			'FLAVOR_RELIGION',					20),
		('PLAYER_EVENT_JFD_CULDIV_PAPAL_MASTERPIECE_CHOICE_2',			'FLAVOR_CULTURE',					20),
		('PLAYER_EVENT_JFD_CULDIV_PAPAL_MASTERPIECE_CHOICE_3',			'FLAVOR_GREAT_PEOPLE',				20),
		('PLAYER_EVENT_JFD_CULDIV_PAPAL_MASTERPIECE_CHOICE_3',			'FLAVOR_GOLD',						20),
		('PLAYER_EVENT_JFD_CULDIV_MESOAMERICAN_WAR_CAPTIVES_CHOICE_1',	'FLAVOR_RELIGION',					20),
		('PLAYER_EVENT_JFD_CULDIV_MESOAMERICAN_WAR_CAPTIVES_CHOICE_2',	'FLAVOR_PRODUCTION',				20),
		('PLAYER_EVENT_JFD_CULDIV_MESOAMERICAN_WAR_CAPTIVES_CHOICE_3',	'FLAVOR_MILITARY_TRAINING',			20),
		('PLAYER_EVENT_JFD_CULDIV_POLAR_CIRCUMPOLAR_CHOICE_1',			'FLAVOR_MILITARY_TRAINING',			20),
		('PLAYER_EVENT_JFD_CULDIV_POLAR_CIRCUMPOLAR_CHOICE_2',			'FLAVOR_CULTURE',					20),
		('PLAYER_EVENT_JFD_CULDIV_SAHUL_CEREMONY_CHOICE_1',				'FLAVOR_CULTURE',					20),
		('PLAYER_EVENT_JFD_CULDIV_SAHUL_CEREMONY_CHOICE_2',				'FLAVOR_GROWTH',					20),
		('PLAYER_EVENT_JFD_CULDIV_SAHUL_CEREMONY_CHOICE_3',				'FLAVOR_GREAT_PEOPLE',				20),
		('PLAYER_EVENT_JFD_CULDIV_WEST_AFRICAN_DIGNITARY_CHOICE_1',		'FLAVOR_GREAT_PEOPLE',				20),
		('PLAYER_EVENT_JFD_CULDIV_WEST_AFRICAN_DIGNITARY_CHOICE_2',		'FLAVOR_MILITARY_TRAINING',			20),
		('PLAYER_EVENT_JFD_CULDIV_WEST_AFRICAN_DIGNITARY_CHOICE_3',		'FLAVOR_GOLD',						20);
--------------------------------------------------------------------------------------------------------------------------
-- EventChoice_Notification
--------------------------------------------------------------------------------------------------------------------------		
INSERT INTO EventChoice_Notification
		(EventChoiceType,												NotificationType,					Description,																		ShortDescription)
VALUES	('PLAYER_EVENT_JFD_CULDIV_ANDEAN_HEAD_BINDING_CHOICE_1',		'NOTIFICATION_EVENT_CHOICE_FIN',	'TXT_KEY_NOTIFICATION_PLAYER_EVENT_JFD_CULDIV_ANDEAN_HEAD_BINDING_CHOICE_1',		'TXT_KEY_PLAYER_EVENT_JFD_CULDIV_ANDEAN_HEAD_BINDING_DESCRIPTION'),
		('PLAYER_EVENT_JFD_CULDIV_ANDEAN_HEAD_BINDING_CHOICE_2',		'NOTIFICATION_EVENT_CHOICE_FIN',	'TXT_KEY_NOTIFICATION_PLAYER_EVENT_JFD_CULDIV_ANDEAN_HEAD_BINDING_CHOICE_2',		'TXT_KEY_PLAYER_EVENT_JFD_CULDIV_ANDEAN_HEAD_BINDING_DESCRIPTION'),
		('PLAYER_EVENT_JFD_CULDIV_BANTU_GREAT_MIGRATION_CHOICE_1',		'NOTIFICATION_EVENT_CHOICE_FIN',	'TXT_KEY_NOTIFICATION_PLAYER_EVENT_JFD_CULDIV_BANTU_GREAT_MIGRATION_CHOICE_1',		'TXT_KEY_PLAYER_EVENT_JFD_CULDIV_BANTU_GREAT_MIGRATION_DESCRIPTION_CHOICE_1'),
		('PLAYER_EVENT_JFD_CULDIV_EASTERN_SYNOD_CHOICE_1',				'NOTIFICATION_EVENT_CHOICE_FIN',	'TXT_KEY_NOTIFICATION_PLAYER_EVENT_JFD_CULDIV_EASTERN_SYNOD_CHOICE_1',				'TXT_KEY_PLAYER_EVENT_JFD_CULDIV_EASTERN_SYNOD_DESCRIPTION'),
		('PLAYER_EVENT_JFD_CULDIV_EASTERN_SYNOD_CHOICE_2',				'NOTIFICATION_EVENT_CHOICE_FIN',	'TXT_KEY_NOTIFICATION_PLAYER_EVENT_JFD_CULDIV_EASTERN_SYNOD_CHOICE_2',				'TXT_KEY_PLAYER_EVENT_JFD_CULDIV_EASTERN_SYNOD_DESCRIPTION'),
		('PLAYER_EVENT_JFD_CULDIV_ISLAMIC_TRADE_CHOICE_1',				'NOTIFICATION_EVENT_CHOICE_FIN',	'TXT_KEY_NOTIFICATION_PLAYER_EVENT_JFD_CULDIV_ISLAMIC_TRADE_CHOICE_1',				'TXT_KEY_PLAYER_EVENT_JFD_CULDIV_ISLAMIC_TRADE_DESCRIPTION'),
		('PLAYER_EVENT_JFD_CULDIV_ISLAMIC_TRADE_CHOICE_2',				'NOTIFICATION_EVENT_CHOICE_FIN',	'TXT_KEY_NOTIFICATION_PLAYER_EVENT_JFD_CULDIV_ISLAMIC_TRADE_CHOICE_2',				'TXT_KEY_PLAYER_EVENT_JFD_CULDIV_ISLAMIC_TRADE_DESCRIPTION'),
		('PLAYER_EVENT_JFD_CULDIV_PAPAL_MASTERPIECE_CHOICE_1',			'NOTIFICATION_EVENT_CHOICE_FIN',	'TXT_KEY_NOTIFICATION_PLAYER_EVENT_JFD_CULDIV_PAPAL_MASTERPIECE_CHOICE_1',			'TXT_KEY_PLAYER_EVENT_JFD_CULDIV_PAPAL_MASTERPIECE_DESCRIPTION'),
		('PLAYER_EVENT_JFD_CULDIV_PAPAL_MASTERPIECE_CHOICE_2',			'NOTIFICATION_EVENT_CHOICE_FIN',	'TXT_KEY_NOTIFICATION_PLAYER_EVENT_JFD_CULDIV_PAPAL_MASTERPIECE_CHOICE_2',			'TXT_KEY_PLAYER_EVENT_JFD_CULDIV_PAPAL_MASTERPIECE_DESCRIPTION'),
		('PLAYER_EVENT_JFD_CULDIV_PAPAL_MASTERPIECE_CHOICE_3',			'NOTIFICATION_EVENT_CHOICE_FIN',	'TXT_KEY_NOTIFICATION_PLAYER_EVENT_JFD_CULDIV_PAPAL_MASTERPIECE_CHOICE_3',			'TXT_KEY_PLAYER_EVENT_JFD_CULDIV_PAPAL_MASTERPIECE_DESCRIPTION'),
		('PLAYER_EVENT_JFD_CULDIV_MESOAMERICAN_WAR_CAPTIVES_CHOICE_1',	'NOTIFICATION_EVENT_CHOICE_FIN',	'TXT_KEY_NOTIFICATION_PLAYER_EVENT_JFD_CULDIV_MESOAMERICAN_WAR_CAPTIVES_CHOICE_1',	'TXT_KEY_PLAYER_EVENT_JFD_CULDIV_MESOAMERICAN_WAR_CAPTIVES_DESCRIPTION'),
		('PLAYER_EVENT_JFD_CULDIV_MESOAMERICAN_WAR_CAPTIVES_CHOICE_2',	'NOTIFICATION_EVENT_CHOICE_FIN',	'TXT_KEY_NOTIFICATION_PLAYER_EVENT_JFD_CULDIV_MESOAMERICAN_WAR_CAPTIVES_CHOICE_2',	'TXT_KEY_PLAYER_EVENT_JFD_CULDIV_MESOAMERICAN_WAR_CAPTIVES_DESCRIPTION'),
		('PLAYER_EVENT_JFD_CULDIV_MESOAMERICAN_WAR_CAPTIVES_CHOICE_3',	'NOTIFICATION_EVENT_CHOICE_FIN',	'TXT_KEY_NOTIFICATION_PLAYER_EVENT_JFD_CULDIV_MESOAMERICAN_WAR_CAPTIVES_CHOICE_3',	'TXT_KEY_PLAYER_EVENT_JFD_CULDIV_MESOAMERICAN_WAR_CAPTIVES_DESCRIPTION'),
		('PLAYER_EVENT_JFD_CULDIV_NORTHERN_MIDSUMMER_CHOICE_1',			'NOTIFICATION_EVENT_CHOICE_FIN',	'TXT_KEY_NOTIFICATION_PLAYER_EVENT_JFD_CULDIV_NORTHERN_MIDSUMMER_CHOICE_1',			'TXT_KEY_PLAYER_EVENT_JFD_CULDIV_NORTHERN_MIDSUMMER_DESCRIPTION'),
		('PLAYER_EVENT_JFD_CULDIV_NORTHERN_MIDSUMMER_CHOICE_2',			'NOTIFICATION_EVENT_CHOICE_FIN',	'TXT_KEY_NOTIFICATION_PLAYER_EVENT_JFD_CULDIV_NORTHERN_MIDSUMMER_CHOICE_2',			'TXT_KEY_PLAYER_EVENT_JFD_CULDIV_NORTHERN_MIDSUMMER_DESCRIPTION'),
		('PLAYER_EVENT_JFD_CULDIV_NORTHERN_MIDSUMMER_CHOICE_3',			'NOTIFICATION_EVENT_CHOICE_FIN',	'TXT_KEY_NOTIFICATION_PLAYER_EVENT_JFD_CULDIV_NORTHERN_MIDSUMMER_CHOICE_3',			'TXT_KEY_PLAYER_EVENT_JFD_CULDIV_NORTHERN_MIDSUMMER_DESCRIPTION'),
		('PLAYER_EVENT_JFD_CULDIV_POLAR_CIRCUMPOLAR_CHOICE_1',			'NOTIFICATION_EVENT_CHOICE_FIN',	'TXT_KEY_NOTIFICATION_PLAYER_EVENT_JFD_CULDIV_POLAR_CIRCUMPOLAR_CHOICE_1',			'TXT_KEY_PLAYER_EVENT_JFD_CULDIV_POLAR_CIRCUMPOLAR_DESCRIPTION'),
		('PLAYER_EVENT_JFD_CULDIV_POLAR_CIRCUMPOLAR_CHOICE_2',			'NOTIFICATION_EVENT_CHOICE_FIN',	'TXT_KEY_NOTIFICATION_PLAYER_EVENT_JFD_CULDIV_POLAR_CIRCUMPOLAR_CHOICE_2',			'TXT_KEY_PLAYER_EVENT_JFD_CULDIV_POLAR_CIRCUMPOLAR_DESCRIPTION'),
		('PLAYER_EVENT_JFD_CULDIV_SAHUL_CEREMONY_CHOICE_1',				'NOTIFICATION_EVENT_CHOICE_FIN',	'TXT_KEY_NOTIFICATION_PLAYER_EVENT_JFD_CULDIV_SAHUL_CEREMONY_CHOICE_1',				'TXT_KEY_PLAYER_EVENT_JFD_CULDIV_SAHUL_CEREMONY_DESCRIPTION'),
		('PLAYER_EVENT_JFD_CULDIV_SAHUL_CEREMONY_CHOICE_2',				'NOTIFICATION_EVENT_CHOICE_FIN',	'TXT_KEY_NOTIFICATION_PLAYER_EVENT_JFD_CULDIV_SAHUL_CEREMONY_CHOICE_2',				'TXT_KEY_PLAYER_EVENT_JFD_CULDIV_SAHUL_CEREMONY_DESCRIPTION'),
		('PLAYER_EVENT_JFD_CULDIV_SAHUL_CEREMONY_CHOICE_3',				'NOTIFICATION_EVENT_CHOICE_FIN',	'TXT_KEY_NOTIFICATION_PLAYER_EVENT_JFD_CULDIV_SAHUL_CEREMONY_CHOICE_3',				'TXT_KEY_PLAYER_EVENT_JFD_CULDIV_SAHUL_CEREMONY_DESCRIPTION'),
		('PLAYER_EVENT_JFD_CULDIV_SOUTHERN_POLITICAL_CHOICE_1',			'NOTIFICATION_EVENT_CHOICE_FIN',	'TXT_KEY_NOTIFICATION_PLAYER_EVENT_JFD_CULDIV_SOUTHERN_POLITICAL_CHOICE_1',			'TXT_KEY_PLAYER_EVENT_JFD_CULDIV_SOUTHERN_POLITICAL_DESCRIPTION'),
		('PLAYER_EVENT_JFD_CULDIV_SOUTHERN_POLITICAL_CHOICE_2',			'NOTIFICATION_EVENT_CHOICE_FIN',	'TXT_KEY_NOTIFICATION_PLAYER_EVENT_JFD_CULDIV_SOUTHERN_POLITICAL_CHOICE_2',			'TXT_KEY_PLAYER_EVENT_JFD_CULDIV_SOUTHERN_POLITICAL_DESCRIPTION'),
		('PLAYER_EVENT_JFD_CULDIV_SOUTHERN_POLITICAL_CHOICE_3',			'NOTIFICATION_EVENT_CHOICE_FIN',	'TXT_KEY_NOTIFICATION_PLAYER_EVENT_JFD_CULDIV_SOUTHERN_POLITICAL_CHOICE_3',			'TXT_KEY_PLAYER_EVENT_JFD_CULDIV_SOUTHERN_POLITICAL_DESCRIPTION'),
		('PLAYER_EVENT_JFD_CULDIV_STEPPE_HORDE_CHOICE_1',				'NOTIFICATION_EVENT_CHOICE_FIN',	'TXT_KEY_NOTIFICATION_PLAYER_EVENT_JFD_CULDIV_STEPPE_HORDE_CHOICE_1',				'TXT_KEY_PLAYER_EVENT_JFD_CULDIV_STEPPE_HORDE_DESCRIPTION_CHOICE_1'),
		('PLAYER_EVENT_JFD_CULDIV_WEST_AFRICAN_DIGNITARY_CHOICE_1',		'NOTIFICATION_EVENT_CHOICE_FIN',	'TXT_KEY_NOTIFICATION_PLAYER_EVENT_JFD_CULDIV_WEST_AFRICAN_DIGNITARY_CHOICE_1',		'TXT_KEY_PLAYER_EVENT_JFD_CULDIV_WEST_AFRICAN_DIGNITARY_DESCRIPTION'),
		('PLAYER_EVENT_JFD_CULDIV_WEST_AFRICAN_DIGNITARY_CHOICE_2',		'NOTIFICATION_EVENT_CHOICE_FIN',	'TXT_KEY_NOTIFICATION_PLAYER_EVENT_JFD_CULDIV_WEST_AFRICAN_DIGNITARY_CHOICE_2',		'TXT_KEY_PLAYER_EVENT_JFD_CULDIV_WEST_AFRICAN_DIGNITARY_DESCRIPTION'),
		('PLAYER_EVENT_JFD_CULDIV_WEST_AFRICAN_DIGNITARY_CHOICE_3',		'NOTIFICATION_EVENT_CHOICE_FIN',	'TXT_KEY_NOTIFICATION_PLAYER_EVENT_JFD_CULDIV_WEST_AFRICAN_DIGNITARY_CHOICE_3',		'TXT_KEY_PLAYER_EVENT_JFD_CULDIV_WEST_AFRICAN_DIGNITARY_DESCRIPTION');
--------------------------------------------------------------------------------------------------------------------------
-- EventChoice_WorldEvents
--------------------------------------------------------------------------------------------------------------------------		
INSERT INTO EventChoice_WorldEvents
		(EventChoiceType,												Description)
VALUES	('PLAYER_EVENT_JFD_CULDIV_ANDEAN_HEAD_BINDING_CHOICE_1',		'TXT_KEY_NOTIFICATION_PLAYER_EVENT_JFD_CULDIV_ANDEAN_HEAD_BINDING_CHOICE_1'),
		('PLAYER_EVENT_JFD_CULDIV_BANTU_GREAT_MIGRATION_CHOICE_1',		'TXT_KEY_NOTIFICATION_PLAYER_EVENT_JFD_CULDIV_BANTU_GREAT_MIGRATION_CHOICE_1'),
		('PLAYER_EVENT_JFD_CULDIV_STEPPE_HORDE_CHOICE_1',				'TXT_KEY_WORLD_EVENT_PLAYER_EVENT_JFD_CULDIV_STEPPE_HORDE_CHOICE_1');
--==========================================================================================================================
-- CITY EVENTS
--==========================================================================================================================
-- CityEvents
--------------------------------------------------------------------------------------------------------------------------		
INSERT INTO CityEvents
		(Type,														IsProvince,	Description,																	Help,																	CityEventArt,						CityEventAudio,					CapitalOnly,	CoastalOnly,	RequiresGarrison,	IsProvince,	IsOneShot,	NumChoices,	RandomChance,	RandomChanceDelta,	EventCooldown,  HasAnyReligion,	NearbyFeature,		RequiredCulture,		LocalResourceRequired,			RequiredBuildingClass,		CannotHaveBuildingClass,	ObsoleteEra,		RequiredEra)
VALUES	('CITY_EVENT_JFD_CULDIV_ANDEAN_HUACA',						0,			'TXT_KEY_CITY_EVENT_JFD_CULDIV_ANDEAN_HUACA_DESCRIPTION',						'TXT_KEY_CITY_EVENT_JFD_CULDIV_ANDEAN_HUACA_HELP',						'Event_CulDivAndean.dds',			'AS2D_EVENT_JFD_ANDEAN',		0,				0,				0,					0,			0,			3,			20,				1,					30,				0,				NULL,				'JFD_Andean',			NULL,							'BUILDINGCLASS_SHRINE',		NULL,						NULL,				NULL),
		('CITY_EVENT_JFD_CULDIV_BHARATA_RELIGIOUS',					0,			'TXT_KEY_CITY_EVENT_JFD_CULDIV_BHARATA_RELIGIOUS_DESCRIPTION',					'TXT_KEY_CITY_EVENT_JFD_CULDIV_BHARATA_RELIGIOUS_HELP',					'Event_CulDivBharata.dds',			'AS2D_EVENT_JFD_BHARATA',		0,				0,				0,					0,			0,			2,			20,				1,					30,				1,				NULL,				'JFD_Bharata',			NULL,							NULL,						NULL,						NULL,				NULL),
		('CITY_EVENT_JFD_CULDIV_BHARATA_RELIGIOUS_CHARITY',			0,			NULL,																			NULL,																	'Event_CulDivBharata.dds',			'AS2D_EVENT_JFD_BHARATA',		0,				0,				0,					0,			0,			1,			10,				2,					30,				0,				NULL,				'JFD_Bharata',			NULL,							NULL,						NULL,						NULL,				NULL),
		('CITY_EVENT_JFD_CULDIV_BHARATA_RELIGIOUS_DISSENT',			0,			NULL,																			NULL,																	'Event_CulDivBharata.dds',			'AS2D_EVENT_JFD_BHARATA',		0,				0,				0,					0,			0,			1,			10,				2,					30,				0,				NULL,				'JFD_Bharata',			NULL,							NULL,						NULL,						NULL,				NULL),
		('CITY_EVENT_JFD_CULDIV_BHARATA_RELIGIOUS_WORK',			0,			NULL,																			NULL,																	'Event_CulDivBharata.dds',			'AS2D_EVENT_JFD_BHARATA',		0,				0,				0,					0,			0,			1,			10,				2,					30,				0,				NULL,				'JFD_Bharata',			NULL,							NULL,						NULL,						NULL,				NULL),
		('CITY_EVENT_JFD_CULDIV_CLASSICAL_PHILOSOPHY',				0,			'TXT_KEY_CITY_EVENT_JFD_CULDIV_CLASSICAL_PHILOSOPHY_DESCRIPTION',				'TXT_KEY_CITY_EVENT_JFD_CULDIV_CLASSICAL_PHILOSOPHY_HELP',				'Event_CulDivClassical.dds',		'AS2D_EVENT_JFD_GENERIC_EVENT',	0,				0,				0,					0,			0,			3,			20,				3,					30,				0,				NULL,				'JFD_Classical',		NULL,							NULL,						NULL,						NULL,				NULL),
		('CITY_EVENT_JFD_CULDIV_KATUJE_JAGUAR',						0,			'TXT_KEY_CITY_EVENT_JFD_CULDIV_KATUJE_JAGUAR_DESCRIPTION',						'TXT_KEY_CITY_EVENT_JFD_CULDIV_KATUJE_JAGUAR_HELP',						'Event_CulDivKatuje.dds',			'AS2D_EVENT_JFD_KATUJE',		0,				0,				0,					0,			0,			3,			20,				1,					30,				0,				'FEATURE_JUNGLE',	'JFD_Katuje',			NULL,							NULL,						NULL,						NULL,				NULL),
		('CITY_EVENT_JFD_CULDIV_KATUJE_JAGUAR_FAILURE',				0,			NULL,																			NULL,																	'Event_CulDivKatuje.dds',			'AS2D_EVENT_JFD_KATUJE',		0,				0,				0,					0,			0,			1,			10,				3,					30,				0,				NULL,				'JFD_Katuje',			NULL,							NULL,						NULL,						NULL,				NULL),
		('CITY_EVENT_JFD_CULDIV_KATUJE_JAGUAR_FRIENDLY',			0,			NULL,																			NULL,																	'Event_CulDivKatuje.dds',			'AS2D_EVENT_JFD_KATUJE',		0,				0,				0,					0,			0,			1,			10,				3,					30,				0,				NULL,				'JFD_Katuje',			NULL,							NULL,						NULL,						NULL,				NULL),
		('CITY_EVENT_JFD_CULDIV_KATUJE_JAGUAR_KILLS',				0,			'TXT_KEY_CITY_EVENT_JFD_CULDIV_KATUJE_JAGUAR_KILLS_DESCRIPTION',				'TXT_KEY_CITY_EVENT_JFD_CULDIV_KATUJE_JAGUAR_KILLS_HELP',				'Event_CulDivKatuje.dds',			'AS2D_EVENT_JFD_KATUJE',		0,				0,				0,					0,			0,			3,			10,				3,					30,				0,				NULL,				'JFD_Katuje',			NULL,							NULL,						NULL,						NULL,				NULL),
		('CITY_EVENT_JFD_CULDIV_KATUJE_JAGUAR_SUCCESS',				0,			NULL,																			NULL,																	'Event_CulDivKatuje.dds',			'AS2D_EVENT_JFD_KATUJE',		0,				0,				0,					0,			0,			1,			10,				3,					30,				0,				NULL,				'JFD_Katuje',			NULL,							NULL,						NULL,						NULL,				NULL),
		('CITY_EVENT_JFD_CULDIV_MANDALA_WHITE_ELEPHANT',			0,			'TXT_KEY_CITY_EVENT_JFD_CULDIV_MANDALA_WHITE_ELEPHANT_DESCRIPTION',				'TXT_KEY_CITY_EVENT_JFD_CULDIV_MANDALA_WHITE_ELEPHANT_HELP',			'Event_CulDivMandala.dds',			'AS2D_EVENT_JFD_MANDALA',		1,				0,				0,					0,			1,			2,			5,				0,					0,				0,				NULL,				'JFD_Mandala',			NULL,							NULL,						NULL,						NULL,				NULL),
		('CITY_EVENT_JFD_CULDIV_MANDALA_WHITE_ELEPHANT_HAPPY',		0,			NULL,																			NULL,																	'Event_CulDivMandala.dds',			'AS2D_EVENT_JFD_MANDALA',		0,				0,				0,					0,			1,			1,			20,				1,					0,				0,				NULL,				'JFD_Mandala',			NULL,							NULL,						NULL,						NULL,				NULL),
		('CITY_EVENT_JFD_CULDIV_MANDALA_WHITE_ELEPHANT_LUCK',		0,			NULL,																			NULL,																	'Event_CulDivMandala.dds',			'AS2D_EVENT_JFD_MANDALA',		0,				0,				0,					0,			0,			1,			10,				1,					30,				0,				NULL,				'JFD_Mandala',			NULL,							NULL,						NULL,						NULL,				NULL),
		('CITY_EVENT_JFD_CULDIV_MANDALA_WHITE_ELEPHANT_UNHAPPY',	0,			'TXT_KEY_CITY_EVENT_JFD_CULDIV_MANDALA_WHITE_ELEPHANT_UNHAPPY_DESCRIPTION',		'TXT_KEY_CITY_EVENT_JFD_CULDIV_MANDALA_WHITE_ELEPHANT_UNHAPPY_HELP',	'Event_CulDivMandala.dds',			'AS2D_EVENT_JFD_MANDALA',		0,				0,				0,					0,			1,			3,			20,				1,					0,				0,				NULL,				'JFD_Mandala',			NULL,							NULL,						NULL,						NULL,				NULL),
		('CITY_EVENT_JFD_CULDIV_MESOPOTAMIC_BURIAL',				1,			'TXT_KEY_CITY_EVENT_JFD_CULDIV_MESOPOTAMIC_BURIAL_DESCRIPTION',					'TXT_KEY_CITY_EVENT_JFD_CULDIV_MESOPOTAMIC_BURIAL_DESCRIPTION',			'Event_CulDivMesopotamic.dds',		'AS2D_EVENT_JFD_GENERIC_EVENT',	0,				0,				0,					1,			0,			3,			20,				1,					30,				1,				NULL,				'JFD_Mesopotamic',		NULL,							'BUILDINGCLASS_MONUMENT',	'BUILDINGCLASS_PALACE',		NULL,				NULL),
		('CITY_EVENT_JFD_CULDIV_OCEANIC_SHELLFISH',					0,			'TXT_KEY_CITY_EVENT_JFD_CULDIV_OCEANIC_SHELLFISH_DESCRIPTION',					'TXT_KEY_CITY_EVENT_JFD_CULDIV_OCEANIC_SHELLFISH_HELP',					'Event_CulDivOceanic2.dds',			'AS2D_EVENT_JFD_OCEANIC',		0,				1,				0,					0,			1,			3,			10,				1,					0,				0,				NULL,				'JFD_Oceanic',			'RESOURCE_PEARLS',				NULL,						NULL,						NULL,				NULL),
		('CITY_EVENT_JFD_CULDIV_OCEANIC_WAYFINDING',				0,			'TXT_KEY_CITY_EVENT_JFD_CULDIV_OCEANIC_WAYFINDING_DESCRIPTION',					'TXT_KEY_CITY_EVENT_JFD_CULDIV_OCEANIC_WAYFINDING_HELP',				'Event_CulDivOceanic.dds',			'AS2D_EVENT_JFD_OCEANIC',		1,				1,				0,					0,			0,			3,			20,				1,					30,				0,				NULL,				'JFD_Oceanic',			NULL,							NULL,						NULL,						'ERA_RENAISSANCE',	NULL),
		('CITY_EVENT_JFD_CULDIV_TOTALITARIAN_CELEBRATION',			0,			'TXT_KEY_CITY_EVENT_JFD_CULDIV_TOTALITARIAN_CELEBRATION_DESCRIPTION',			'TXT_KEY_CITY_EVENT_JFD_CULDIV_TOTALITARIAN_CELEBRATION_HELP',			'Event_CulDivTotalitarian.dds',		'AS2D_UNIT_JFD_PROMOTED',		0,				0,				1,					0,			0,			2,			20,				1,					30,				0,				NULL,				'JFD_Totalitarian',		NULL,							NULL,						NULL,						NULL,				NULL);
--------------------------------------------------------------------------------------------------------------------------
-- CityEvent_ParentEvents
--------------------------------------------------------------------------------------------------------------------------	
INSERT INTO CityEvent_ParentEvents
		(CityEventType,												CityEventChoiceType)
VALUES	('CITY_EVENT_JFD_CULDIV_ANDEAN_HUACA',						'CITY_EVENT_JFD_CULDIV_ANDEAN_HUACA_CHOICE_1'),		
		('CITY_EVENT_JFD_CULDIV_ANDEAN_HUACA',						'CITY_EVENT_JFD_CULDIV_ANDEAN_HUACA_CHOICE_2'),
		('CITY_EVENT_JFD_CULDIV_ANDEAN_HUACA',						'CITY_EVENT_JFD_CULDIV_ANDEAN_HUACA_CHOICE_3'),
		('CITY_EVENT_JFD_CULDIV_BHARATA_RELIGIOUS',					'CITY_EVENT_JFD_CULDIV_BHARATA_RELIGIOUS_CHOICE_1'),		
		('CITY_EVENT_JFD_CULDIV_BHARATA_RELIGIOUS',					'CITY_EVENT_JFD_CULDIV_BHARATA_RELIGIOUS_CHOICE_2'),
		('CITY_EVENT_JFD_CULDIV_BHARATA_RELIGIOUS_CHARITY',			'CITY_EVENT_JFD_CULDIV_BHARATA_RELIGIOUS_CHARITY_CHOICE_1'),
		('CITY_EVENT_JFD_CULDIV_BHARATA_RELIGIOUS_DISSENT',			'CITY_EVENT_JFD_CULDIV_BHARATA_RELIGIOUS_DISSENT_CHOICE_1'),
		('CITY_EVENT_JFD_CULDIV_BHARATA_RELIGIOUS_WORK',			'CITY_EVENT_JFD_CULDIV_BHARATA_RELIGIOUS_WORK_CHOICE_1'),
		('CITY_EVENT_JFD_CULDIV_CLASSICAL_PHILOSOPHY',				'CITY_EVENT_JFD_CULDIV_CLASSICAL_PHILOSOPHY_CHOICE_1'),		
		('CITY_EVENT_JFD_CULDIV_CLASSICAL_PHILOSOPHY',				'CITY_EVENT_JFD_CULDIV_CLASSICAL_PHILOSOPHY_CHOICE_2'),	
		('CITY_EVENT_JFD_CULDIV_CLASSICAL_PHILOSOPHY',				'CITY_EVENT_JFD_CULDIV_CLASSICAL_PHILOSOPHY_CHOICE_3'),
		('CITY_EVENT_JFD_CULDIV_KATUJE_JAGUAR',						'CITY_EVENT_JFD_CULDIV_KATUJE_JAGUAR_CHOICE_1'),		
		('CITY_EVENT_JFD_CULDIV_KATUJE_JAGUAR',						'CITY_EVENT_JFD_CULDIV_KATUJE_JAGUAR_CHOICE_2'),
		('CITY_EVENT_JFD_CULDIV_KATUJE_JAGUAR',						'CITY_EVENT_JFD_CULDIV_KATUJE_JAGUAR_CHOICE_3'),
		('CITY_EVENT_JFD_CULDIV_KATUJE_JAGUAR_FAILURE',				'CITY_EVENT_JFD_CULDIV_KATUJE_JAGUAR_FAILURE_CHOICE_1'),
		('CITY_EVENT_JFD_CULDIV_KATUJE_JAGUAR_FRIENDLY',			'CITY_EVENT_JFD_CULDIV_KATUJE_JAGUAR_FRIENDLY_CHOICE_1'),
		('CITY_EVENT_JFD_CULDIV_KATUJE_JAGUAR_KILLS',				'CITY_EVENT_JFD_CULDIV_KATUJE_JAGUAR_KILLS_CHOICE_1'),		
		('CITY_EVENT_JFD_CULDIV_KATUJE_JAGUAR_KILLS',				'CITY_EVENT_JFD_CULDIV_KATUJE_JAGUAR_CHOICE_2'),
		('CITY_EVENT_JFD_CULDIV_KATUJE_JAGUAR_KILLS',				'CITY_EVENT_JFD_CULDIV_KATUJE_JAGUAR_CHOICE_3'),
		('CITY_EVENT_JFD_CULDIV_KATUJE_JAGUAR_SUCCESS',				'CITY_EVENT_JFD_CULDIV_KATUJE_JAGUAR_SUCCESS_CHOICE_1'),
		('CITY_EVENT_JFD_CULDIV_MANDALA_WHITE_ELEPHANT',			'CITY_EVENT_JFD_CULDIV_MANDALA_WHITE_ELEPHANT_CHOICE_1'),		
		('CITY_EVENT_JFD_CULDIV_MANDALA_WHITE_ELEPHANT',			'CITY_EVENT_JFD_CULDIV_MANDALA_WHITE_ELEPHANT_CHOICE_2'),
		('CITY_EVENT_JFD_CULDIV_MANDALA_WHITE_ELEPHANT_HAPPY',		'CITY_EVENT_JFD_CULDIV_MANDALA_WHITE_ELEPHANT_HAPPY_CHOICE_1'),
		('CITY_EVENT_JFD_CULDIV_MANDALA_WHITE_ELEPHANT_LUCK',		'CITY_EVENT_JFD_CULDIV_MANDALA_WHITE_ELEPHANT_LUCK_CHOICE_1'),
		('CITY_EVENT_JFD_CULDIV_MANDALA_WHITE_ELEPHANT_UNHAPPY',	'CITY_EVENT_JFD_CULDIV_MANDALA_WHITE_ELEPHANT_UNHAPPY_CHOICE_1'),		
		('CITY_EVENT_JFD_CULDIV_MANDALA_WHITE_ELEPHANT_UNHAPPY',	'CITY_EVENT_JFD_CULDIV_MANDALA_WHITE_ELEPHANT_UNHAPPY_CHOICE_2'),
		('CITY_EVENT_JFD_CULDIV_MANDALA_WHITE_ELEPHANT_UNHAPPY',	'CITY_EVENT_JFD_CULDIV_MANDALA_WHITE_ELEPHANT_UNHAPPY_CHOICE_3'),
		('CITY_EVENT_JFD_CULDIV_MESOPOTAMIC_BURIAL',				'CITY_EVENT_JFD_CULDIV_MESOPOTAMIC_BURIAL_CHOICE_1'),		
		('CITY_EVENT_JFD_CULDIV_MESOPOTAMIC_BURIAL',				'CITY_EVENT_JFD_CULDIV_MESOPOTAMIC_BURIAL_CHOICE_2'),
		('CITY_EVENT_JFD_CULDIV_MESOPOTAMIC_BURIAL',				'CITY_EVENT_JFD_CULDIV_MESOPOTAMIC_BURIAL_CHOICE_3'),
		('CITY_EVENT_JFD_CULDIV_OCEANIC_SHELLFISH',					'CITY_EVENT_JFD_CULDIV_OCEANIC_SHELLFISH_CHOICE_1'),		
		('CITY_EVENT_JFD_CULDIV_OCEANIC_SHELLFISH',					'CITY_EVENT_JFD_CULDIV_OCEANIC_SHELLFISH_CHOICE_2'),
		('CITY_EVENT_JFD_CULDIV_OCEANIC_SHELLFISH',					'CITY_EVENT_JFD_CULDIV_OCEANIC_SHELLFISH_CHOICE_3'),
		('CITY_EVENT_JFD_CULDIV_OCEANIC_WAYFINDING',				'CITY_EVENT_JFD_CULDIV_OCEANIC_WAYFINDING_CHOICE_1'),		
		('CITY_EVENT_JFD_CULDIV_OCEANIC_WAYFINDING',				'CITY_EVENT_JFD_CULDIV_OCEANIC_WAYFINDING_CHOICE_2'),
		('CITY_EVENT_JFD_CULDIV_TOTALITARIAN_CELEBRATION',			'CITY_EVENT_JFD_CULDIV_TOTALITARIAN_CELEBRATION_CHOICE_1'),		
		('CITY_EVENT_JFD_CULDIV_TOTALITARIAN_CELEBRATION',			'CITY_EVENT_JFD_CULDIV_TOTALITARIAN_CELEBRATION_CHOICE_2');
--------------------------------------------------------------------------------------------------------------------------
-- CityEventChoices
--------------------------------------------------------------------------------------------------------------------------		
INSERT INTO CityEventChoices
		(Type,																EventChoiceAudio,			PrereqTech,			EraScaling,		EventDuration,	FreeUnitsTechAppropriate,	ResistanceCounter,	ResetResistanceCounter,	RevoltCounter,	ResetRevoltCounter,		WLTKDTurns,	RequiredBuildingClass,		RequiresGarrison,	Description,																			Help,																			DisabledToolTip)
VALUES	('CITY_EVENT_JFD_CULDIV_ANDEAN_HUACA_CHOICE_1',						'AS2D_EVENT_CHOICE',		NULL,				0,				-1,				0,							0,					0,						0,				0,						0,			NULL,						0,					'TXT_KEY_CITY_EVENT_JFD_CULDIV_ANDEAN_HUACA_DESCRIPTION_CHOICE_1',						'TXT_KEY_CITY_EVENT_JFD_CULDIV_ANDEAN_HUACA_CHOICE_1_HELP',						NULL),
		('CITY_EVENT_JFD_CULDIV_ANDEAN_HUACA_CHOICE_2',						'AS2D_EVENT_CHOICE',		NULL,				0,				-1,				0,							0,					0,						0,				0,						0,			NULL,						0,					'TXT_KEY_CITY_EVENT_JFD_CULDIV_ANDEAN_HUACA_DESCRIPTION_CHOICE_2',						'TXT_KEY_CITY_EVENT_JFD_CULDIV_ANDEAN_HUACA_CHOICE_2_HELP',						NULL),
		('CITY_EVENT_JFD_CULDIV_ANDEAN_HUACA_CHOICE_3',						'AS2D_EVENT_CHOICE',		NULL,				0,				-1,				0,							0,					0,						0,				0,						0,			NULL,						0,					'TXT_KEY_CITY_EVENT_JFD_CULDIV_ANDEAN_HUACA_DESCRIPTION_CHOICE_3',						'TXT_KEY_CITY_EVENT_JFD_CULDIV_ANDEAN_HUACA_CHOICE_3_HELP',						NULL),
		('CITY_EVENT_JFD_CULDIV_BHARATA_RELIGIOUS_CHOICE_1',				'AS2D_EVENT_CHOICE',		NULL,				0,				-1,				0,							0,					0,						0,				0,						0,			NULL,						0,					'TXT_KEY_CITY_EVENT_JFD_CULDIV_BHARATA_RELIGIOUS_DESCRIPTION_CHOICE_1',					'TXT_KEY_CITY_EVENT_JFD_CULDIV_BHARATA_RELIGIOUS_CHOICE_1_HELP',				NULL),
		('CITY_EVENT_JFD_CULDIV_BHARATA_RELIGIOUS_CHOICE_2',				'AS2D_EVENT_CHOICE',		NULL,				0,				30,				0,							0,					0,						0,				0,						0,			NULL,						0,					'TXT_KEY_CITY_EVENT_JFD_CULDIV_BHARATA_RELIGIOUS_DESCRIPTION_CHOICE_2',					'TXT_KEY_CITY_EVENT_JFD_CULDIV_BHARATA_RELIGIOUS_CHOICE_2_HELP',				NULL),
		('CITY_EVENT_JFD_CULDIV_BHARATA_RELIGIOUS_CHARITY_CHOICE_1',		'AS2D_EVENT_CHOICE',		NULL,				1,				-1,				0,							0,					0,						0,				0,						0,			NULL,						0,					'TXT_KEY_CITY_EVENT_JFD_CULDIV_BHARATA_RELIGIOUS_CHARITY_DESCRIPTION_CHOICE_1',			'TXT_KEY_CITY_EVENT_JFD_CULDIV_BHARATA_RELIGIOUS_CHARITY_CHOICE_1_HELP',		NULL),
		('CITY_EVENT_JFD_CULDIV_BHARATA_RELIGIOUS_DISSENT_CHOICE_1',		'AS2D_EVENT_CHOICE',		NULL,				1,				-1,				0,							10,					0,						0,				0,						0,			NULL,						0,					'TXT_KEY_CITY_EVENT_JFD_CULDIV_BHARATA_RELIGIOUS_DISSENT_DESCRIPTION_CHOICE_1',			'TXT_KEY_CITY_EVENT_JFD_CULDIV_BHARATA_RELIGIOUS_DISSENT_CHOICE_1_HELP',		NULL),
		('CITY_EVENT_JFD_CULDIV_BHARATA_RELIGIOUS_WORK_CHOICE_1',			'AS2D_EVENT_CHOICE',		NULL,				1,				-1,				0,							0,					0,						0,				0,						0,			NULL,						0,					'TXT_KEY_CITY_EVENT_JFD_CULDIV_BHARATA_RELIGIOUS_WORK_DESCRIPTION_CHOICE_1',			'TXT_KEY_CITY_EVENT_JFD_CULDIV_BHARATA_RELIGIOUS_WORK_CHOICE_1_HELP',			NULL),
		('CITY_EVENT_JFD_CULDIV_CLASSICAL_PHILOSOPHY_CHOICE_1',				'AS2D_EVENT_CHOICE',		NULL,				1,				-1,				0,							0,					0,						0,				0,						0,			NULL,						0,					'TXT_KEY_CITY_EVENT_JFD_CULDIV_CLASSICAL_PHILOSOPHY_DESCRIPTION_CHOICE_1',				'TXT_KEY_CITY_EVENT_JFD_CULDIV_CLASSICAL_PHILOSOPHY_CHOICE_1_HELP',				NULL),
		('CITY_EVENT_JFD_CULDIV_CLASSICAL_PHILOSOPHY_CHOICE_2',				'AS2D_EVENT_CHOICE',		NULL,				1,				-1,				0,							0,					0,						0,				0,						0,			NULL,						0,					'TXT_KEY_CITY_EVENT_JFD_CULDIV_CLASSICAL_PHILOSOPHY_DESCRIPTION_CHOICE_2',				'TXT_KEY_CITY_EVENT_JFD_CULDIV_CLASSICAL_PHILOSOPHY_CHOICE_2_HELP',				NULL),
		('CITY_EVENT_JFD_CULDIV_CLASSICAL_PHILOSOPHY_CHOICE_3',				'AS2D_EVENT_CHOICE',		NULL,				0,				-1,				0,							0,					0,						0,				0,						2,			NULL,						1,					'TXT_KEY_CITY_EVENT_JFD_CULDIV_CLASSICAL_PHILOSOPHY_DESCRIPTION_CHOICE_3',				'TXT_KEY_CITY_EVENT_JFD_CULDIV_CLASSICAL_PHILOSOPHY_CHOICE_3_HELP',				NULL),
		('CITY_EVENT_JFD_CULDIV_KATUJE_JAGUAR_CHOICE_1',					'AS2D_EVENT_CHOICE',		NULL,				0,				30,				0,							0,					0,						0,				0,						0,			NULL,						0,					'TXT_KEY_CITY_EVENT_JFD_CULDIV_KATUJE_JAGUAR_DESCRIPTION_CHOICE_1',						'TXT_KEY_CITY_EVENT_JFD_CULDIV_KATUJE_JAGUAR_CHOICE_1_HELP',					NULL),
		('CITY_EVENT_JFD_CULDIV_KATUJE_JAGUAR_CHOICE_2',					'AS2D_EVENT_CHOICE',		NULL,				0,				-1,				0,							0,					0,						0,				0,						2,			NULL,						0,					'TXT_KEY_CITY_EVENT_JFD_CULDIV_KATUJE_JAGUAR_DESCRIPTION_CHOICE_2',						'TXT_KEY_CITY_EVENT_JFD_CULDIV_KATUJE_JAGUAR_CHOICE_2_HELP',					NULL),
		('CITY_EVENT_JFD_CULDIV_KATUJE_JAGUAR_CHOICE_3',					'AS2D_EVENT_CHOICE',		NULL,				0,				30,				0,							0,					0,						0,				0,						0,			NULL,						0,					'TXT_KEY_CITY_EVENT_JFD_CULDIV_KATUJE_JAGUAR_DESCRIPTION_CHOICE_3',						'TXT_KEY_CITY_EVENT_JFD_CULDIV_KATUJE_JAGUAR_CHOICE_3_HELP',					NULL),
		('CITY_EVENT_JFD_CULDIV_KATUJE_JAGUAR_FAILURE_CHOICE_1',			'AS2D_EVENT_CHOICE',		NULL,				0,				-1,				0,							0,					0,						0,				0,						0,			NULL,						0,					'TXT_KEY_CITY_EVENT_JFD_CULDIV_KATUJE_JAGUAR_FAILURE_DESCRIPTION_CHOICE_1',				'TXT_KEY_CITY_EVENT_JFD_CULDIV_KATUJE_JAGUAR_FAILURE_CHOICE_1_HELP',			NULL),
		('CITY_EVENT_JFD_CULDIV_KATUJE_JAGUAR_FRIENDLY_CHOICE_1',			'AS2D_EVENT_CHOICE',		NULL,				0,				-1,				0,							0,					0,						0,				0,						0,			NULL,						0,					'TXT_KEY_CITY_EVENT_JFD_CULDIV_KATUJE_JAGUAR_FRIENDLY_DESCRIPTION_CHOICE_1',			'TXT_KEY_CITY_EVENT_JFD_CULDIV_KATUJE_JAGUAR_FRIENDLY_CHOICE_1_HELP',			NULL),
		('CITY_EVENT_JFD_CULDIV_KATUJE_JAGUAR_KILLS_CHOICE_1',				'AS2D_EVENT_CHOICE',		'TECH_BIOLOGY',		0,				-1,				0,							0,					0,						0,				0,						0,			NULL,						0,					'TXT_KEY_CITY_EVENT_JFD_CULDIV_KATUJE_JAGUAR_KILLS_DESCRIPTION_CHOICE_1',				'TXT_KEY_CITY_EVENT_JFD_CULDIV_KATUJE_JAGUAR_KILLS_CHOICE_1_HELP',				NULL),
		('CITY_EVENT_JFD_CULDIV_KATUJE_JAGUAR_SUCCESS_CHOICE_1',			'AS2D_EVENT_CHOICE',		NULL,				0,				-1,				0,							0,					0,						0,				0,						0,			NULL,						0,					'TXT_KEY_CITY_EVENT_JFD_CULDIV_KATUJE_JAGUAR_SUCCESS_DESCRIPTION_CHOICE_1',				'TXT_KEY_CITY_EVENT_JFD_CULDIV_KATUJE_JAGUAR_SUCCESS_CHOICE_1_HELP',			NULL),
		('CITY_EVENT_JFD_CULDIV_MANDALA_WHITE_ELEPHANT_CHOICE_1',			'AS2D_EVENT_CHOICE',		NULL,				0,				50,				0,							0,					0,						0,				0,						0,			NULL,						0,					'TXT_KEY_CITY_EVENT_JFD_CULDIV_MANDALA_WHITE_ELEPHANT_DESCRIPTION_CHOICE_1',			'TXT_KEY_CITY_EVENT_JFD_CULDIV_MANDALA_WHITE_ELEPHANT_CHOICE_1_HELP',			NULL),
		('CITY_EVENT_JFD_CULDIV_MANDALA_WHITE_ELEPHANT_CHOICE_2',			'AS2D_EVENT_CHOICE',		NULL,				1,				-1,				0,							0,					0,						0,				0,						0,			NULL,						0,					'TXT_KEY_CITY_EVENT_JFD_CULDIV_MANDALA_WHITE_ELEPHANT_DESCRIPTION_CHOICE_2',			'TXT_KEY_CITY_EVENT_JFD_CULDIV_MANDALA_WHITE_ELEPHANT_CHOICE_2_HELP',			NULL),
		('CITY_EVENT_JFD_CULDIV_MANDALA_WHITE_ELEPHANT_HAPPY_CHOICE_1',		'AS2D_EVENT_CHOICE',		NULL,				1,				-1,				0,							0,					0,						0,				0,						0,			NULL,						0,					'TXT_KEY_CITY_EVENT_JFD_CULDIV_MANDALA_WHITE_ELEPHANT_HAPPY_DESCRIPTION_CHOICE_1',		'TXT_KEY_CITY_EVENT_JFD_CULDIV_MANDALA_WHITE_ELEPHANT_HAPPY_CHOICE_1_HELP',		NULL),
		('CITY_EVENT_JFD_CULDIV_MANDALA_WHITE_ELEPHANT_LUCK_CHOICE_1',		'AS2D_EVENT_CHOICE',		NULL,				0,				-1,				0,							0,					0,						0,				0,						0,			NULL,						0,					'TXT_KEY_CITY_EVENT_JFD_CULDIV_MANDALA_WHITE_ELEPHANT_LUCK_DESCRIPTION_CHOICE_1',		'TXT_KEY_CITY_EVENT_JFD_CULDIV_MANDALA_WHITE_ELEPHANT_LUCK_CHOICE_1_HELP',		NULL),
		('CITY_EVENT_JFD_CULDIV_MANDALA_WHITE_ELEPHANT_UNHAPPY_CHOICE_1',	'AS2D_EVENT_CHOICE',		NULL,				0,				-1,				0,							0,					0,						0,				0,						0,			NULL,						0,					'TXT_KEY_CITY_EVENT_JFD_CULDIV_MANDALA_WHITE_ELEPHANT_UNHAPPY_DESCRIPTION_CHOICE_1',	'TXT_KEY_CITY_EVENT_JFD_CULDIV_MANDALA_WHITE_ELEPHANT_UNHAPPY_CHOICE_1_HELP',	NULL),
		('CITY_EVENT_JFD_CULDIV_MANDALA_WHITE_ELEPHANT_UNHAPPY_CHOICE_2',	'AS2D_EVENT_CHOICE',		NULL,				0,				-1,				0,							0,					0,						0,				0,						0,			'BUILDINGCLASS_STABLE',		0,					'TXT_KEY_CITY_EVENT_JFD_CULDIV_MANDALA_WHITE_ELEPHANT_UNHAPPY_DESCRIPTION_CHOICE_2',	'TXT_KEY_CITY_EVENT_JFD_CULDIV_MANDALA_WHITE_ELEPHANT_UNHAPPY_CHOICE_2_HELP',	NULL),
		('CITY_EVENT_JFD_CULDIV_MANDALA_WHITE_ELEPHANT_UNHAPPY_CHOICE_3',	'AS2D_EVENT_CHOICE',		NULL,				0,				-1,				0,							0,					0,						0,				0,						0,			NULL,						0,					'TXT_KEY_CITY_EVENT_JFD_CULDIV_MANDALA_WHITE_ELEPHANT_UNHAPPY_DESCRIPTION_CHOICE_3',	'TXT_KEY_CITY_EVENT_JFD_CULDIV_MANDALA_WHITE_ELEPHANT_UNHAPPY_CHOICE_3_HELP',	NULL),
		('CITY_EVENT_JFD_CULDIV_MESOPOTAMIC_BURIAL_CHOICE_1',				'AS2D_EVENT_CHOICE',		NULL,				1,				-1,				0,							0,					0,						0,				0,						0,			NULL,						0,					'TXT_KEY_CITY_EVENT_JFD_CULDIV_MESOPOTAMIC_BURIAL_DESCRIPTION_CHOICE_1',				'TXT_KEY_CITY_EVENT_JFD_CULDIV_MESOPOTAMIC_BURIAL_CHOICE_1_HELP',				NULL),
		('CITY_EVENT_JFD_CULDIV_MESOPOTAMIC_BURIAL_CHOICE_2',				'AS2D_EVENT_CHOICE',		NULL,				1,				-1,				0,							0,					0,						0,				0,						0,			NULL,						0,					'TXT_KEY_CITY_EVENT_JFD_CULDIV_MESOPOTAMIC_BURIAL_DESCRIPTION_CHOICE_2',				'TXT_KEY_CITY_EVENT_JFD_CULDIV_MESOPOTAMIC_BURIAL_CHOICE_2_HELP',				NULL),
		('CITY_EVENT_JFD_CULDIV_MESOPOTAMIC_BURIAL_CHOICE_3',				'AS2D_EVENT_CHOICE',		NULL,				0,				-1,				0,							0,					0,						0,				0,						0,			NULL,						0,					'TXT_KEY_CITY_EVENT_JFD_CULDIV_MESOPOTAMIC_BURIAL_DESCRIPTION_CHOICE_3',				'TXT_KEY_CITY_EVENT_JFD_CULDIV_MESOPOTAMIC_BURIAL_CHOICE_3_HELP',				NULL),
		('CITY_EVENT_JFD_CULDIV_OCEANIC_SHELLFISH_CHOICE_1',				'AS2D_EVENT_CHOICE',		NULL,				0,				-1,				0,							0,					1,						0,				0,						0,			NULL,						0,					'TXT_KEY_CITY_EVENT_JFD_CULDIV_OCEANIC_SHELLFISH_DESCRIPTION_CHOICE_1',					'TXT_KEY_CITY_EVENT_JFD_CULDIV_OCEANIC_SHELLFISH_CHOICE_1_HELP',				NULL),
		('CITY_EVENT_JFD_CULDIV_OCEANIC_SHELLFISH_CHOICE_2',				'AS2D_EVENT_CHOICE',		NULL,				0,				-1,				0,							0,					0,						0,				0,						0,			NULL,						0,					'TXT_KEY_CITY_EVENT_JFD_CULDIV_OCEANIC_SHELLFISH_DESCRIPTION_CHOICE_2',					'TXT_KEY_CITY_EVENT_JFD_CULDIV_OCEANIC_SHELLFISH_CHOICE_2_HELP',				NULL),
		('CITY_EVENT_JFD_CULDIV_OCEANIC_SHELLFISH_CHOICE_3',				'AS2D_EVENT_CHOICE',		NULL,				0,				-1,				0,							0,					0,						0,				0,						0,			NULL,						0,					'TXT_KEY_CITY_EVENT_JFD_CULDIV_OCEANIC_SHELLFISH_DESCRIPTION_CHOICE_3',					'TXT_KEY_CITY_EVENT_JFD_CULDIV_OCEANIC_SHELLFISH_CHOICE_3_HELP',				NULL),
		('CITY_EVENT_JFD_CULDIV_OCEANIC_WAYFINDING_CHOICE_1',				'AS2D_EVENT_CHOICE',		NULL,				0,				-1,				0,							0,					0,						0,				0,						0,			NULL,						0,					'TXT_KEY_CITY_EVENT_JFD_CULDIV_OCEANIC_WAYFINDING_DESCRIPTION_CHOICE_1',				'TXT_KEY_CITY_EVENT_JFD_CULDIV_OCEANIC_WAYFINDING_CHOICE_1_HELP',				NULL),
		('CITY_EVENT_JFD_CULDIV_OCEANIC_WAYFINDING_CHOICE_2',				'AS2D_EVENT_CHOICE',		NULL,				0,				-1,				0,							0,					0,						0,				0,						0,			NULL,						0,					'TXT_KEY_CITY_EVENT_JFD_CULDIV_OCEANIC_WAYFINDING_DESCRIPTION_CHOICE_2',				'TXT_KEY_CITY_EVENT_JFD_CULDIV_OCEANIC_WAYFINDING_CHOICE_2_HELP',				NULL),
		('CITY_EVENT_JFD_CULDIV_TOTALITARIAN_CELEBRATION_CHOICE_1',			'AS2D_EVENT_CHOICE',		NULL,				0,				-1,				0,							0,					0,						0,				0,						2,			NULL,						0,					'TXT_KEY_CITY_EVENT_JFD_CULDIV_TOTALITARIAN_CELEBRATION_DESCRIPTION_CHOICE_1',			'TXT_KEY_CITY_EVENT_JFD_CULDIV_TOTALITARIAN_CELEBRATION_CHOICE_1_HELP',			NULL),
		('CITY_EVENT_JFD_CULDIV_TOTALITARIAN_CELEBRATION_CHOICE_2',			'AS2D_EVENT_CHOICE',		NULL,				0,				-1,				0,							0,					0,						0,				1,						0,			NULL,						0,					'TXT_KEY_CITY_EVENT_JFD_CULDIV_TOTALITARIAN_CELEBRATION_DESCRIPTION_CHOICE_2',			'TXT_KEY_CITY_EVENT_JFD_CULDIV_TOTALITARIAN_CELEBRATION_CHOICE_2_HELP',			NULL);
--------------------------------------------------------------------------------------------------------------------------
-- CityEvent_CityEventLinks
--------------------------------------------------------------------------------------------------------------------------	
INSERT INTO CityEvent_EventLinks
		(CityEventType,												CityEventChoice,													CheckOnlyEventCity,		CheckForActive)
VALUES	('CITY_EVENT_JFD_CULDIV_BHARATA_RELIGIOUS_CHARITY',			'CITY_EVENT_JFD_CULDIV_BHARATA_RELIGIOUS_CHOICE_2',					1,						1),
		('CITY_EVENT_JFD_CULDIV_BHARATA_RELIGIOUS_DISSENT',			'CITY_EVENT_JFD_CULDIV_BHARATA_RELIGIOUS_CHOICE_2',					1,						1),
		('CITY_EVENT_JFD_CULDIV_BHARATA_RELIGIOUS_WORK',			'CITY_EVENT_JFD_CULDIV_BHARATA_RELIGIOUS_CHOICE_2',					1,						1),
		('CITY_EVENT_JFD_CULDIV_KATUJE_JAGUAR_FAILURE',				'CITY_EVENT_JFD_CULDIV_KATUJE_JAGUAR_CHOICE_3',						1,						1),
		('CITY_EVENT_JFD_CULDIV_KATUJE_JAGUAR_FAILURE',				'CITY_EVENT_JFD_CULDIV_KATUJE_JAGUAR_SUCCESS_CHOICE_1',				1,						0),
		('CITY_EVENT_JFD_CULDIV_KATUJE_JAGUAR_FRIENDLY',			'CITY_EVENT_JFD_CULDIV_KATUJE_JAGUAR_CHOICE_1',						1,						1),
		('CITY_EVENT_JFD_CULDIV_KATUJE_JAGUAR_FRIENDLY',			'CITY_EVENT_JFD_CULDIV_KATUJE_JAGUAR_KILLS_CHOICE_1',				1,						0),
		('CITY_EVENT_JFD_CULDIV_KATUJE_JAGUAR_KILLS',				'CITY_EVENT_JFD_CULDIV_KATUJE_JAGUAR_CHOICE_1',						1,						0),
		('CITY_EVENT_JFD_CULDIV_KATUJE_JAGUAR_KILLS',				'CITY_EVENT_JFD_CULDIV_KATUJE_JAGUAR_FRIENDLY_CHOICE_1',			1,						0),
		('CITY_EVENT_JFD_CULDIV_KATUJE_JAGUAR_SUCCESS',				'CITY_EVENT_JFD_CULDIV_KATUJE_JAGUAR_CHOICE_3',						1,						1),
		('CITY_EVENT_JFD_CULDIV_KATUJE_JAGUAR_SUCCESS',				'CITY_EVENT_JFD_CULDIV_KATUJE_JAGUAR_FAILURE_CHOICE_1',				1,						0),
		('CITY_EVENT_JFD_CULDIV_MANDALA_WHITE_ELEPHANT_HAPPY',		'CITY_EVENT_JFD_CULDIV_MANDALA_WHITE_ELEPHANT_CHOICE_1',			1,						1),
		('CITY_EVENT_JFD_CULDIV_MANDALA_WHITE_ELEPHANT_LUCK',		'CITY_EVENT_JFD_CULDIV_MANDALA_WHITE_ELEPHANT_CHOICE_1',			1,						1),
		('CITY_EVENT_JFD_CULDIV_MANDALA_WHITE_ELEPHANT_UNHAPPY',	'CITY_EVENT_JFD_CULDIV_MANDALA_WHITE_ELEPHANT_CHOICE_1',			1,						1);
--------------------------------------------------------------------------------------------------------------------------
-- CityEventChoice_EventCostYield
--------------------------------------------------------------------------------------------------------------------------	
INSERT INTO CityEventChoice_EventCostYield
		(CityEventChoiceType,												YieldType,						Yield)
VALUES	('CITY_EVENT_JFD_CULDIV_ANDEAN_HUACA_CHOICE_1',						'YIELD_GOLD',					200),
		('CITY_EVENT_JFD_CULDIV_ANDEAN_HUACA_CHOICE_2',						'YIELD_FAITH',					200),
		('CITY_EVENT_JFD_CULDIV_KATUJE_JAGUAR_FAILURE_CHOICE_1',			'YIELD_GOLDEN_AGE_POINTS',		100),
		('CITY_EVENT_JFD_CULDIV_MANDALA_WHITE_ELEPHANT_UNHAPPY_CHOICE_1',	'YIELD_GOLD',					200),
		('CITY_EVENT_JFD_CULDIV_MANDALA_WHITE_ELEPHANT_UNHAPPY_CHOICE_2',	'YIELD_GOLD',					200),
		('CITY_EVENT_JFD_CULDIV_MESOPOTAMIC_BURIAL_CHOICE_1',				'YIELD_GOLD',					50),
		('CITY_EVENT_JFD_CULDIV_MESOPOTAMIC_BURIAL_CHOICE_2',				'YIELD_GOLD',					100),
		('CITY_EVENT_JFD_CULDIV_OCEANIC_WAYFINDING_CHOICE_2',				'YIELD_FAITH',					300),
		('CITY_EVENT_JFD_CULDIV_TOTALITARIAN_CELEBRATION_CHOICE_2',			'YIELD_POPULATION',				2);
--------------------------------------------------------------------------------------------------------------------------
-- CityEventChoice_MinimumStartYield
--------------------------------------------------------------------------------------------------------------------------	
INSERT INTO CityEventChoice_MinimumStartYield
		(CityEventChoiceType,												YieldType,						Yield)
VALUES	('CITY_EVENT_JFD_CULDIV_ANDEAN_HUACA_CHOICE_1',						'YIELD_GOLD',					200),
		('CITY_EVENT_JFD_CULDIV_ANDEAN_HUACA_CHOICE_2',						'YIELD_FAITH',					200),
		('CITY_EVENT_JFD_CULDIV_KATUJE_JAGUAR_FAILURE_CHOICE_1',			'YIELD_GOLDEN_AGE_POINTS',		100),
		('CITY_EVENT_JFD_CULDIV_MANDALA_WHITE_ELEPHANT_UNHAPPY_CHOICE_1',	'YIELD_GOLD',					200),
		('CITY_EVENT_JFD_CULDIV_MANDALA_WHITE_ELEPHANT_UNHAPPY_CHOICE_2',	'YIELD_GOLD',					200),
		('CITY_EVENT_JFD_CULDIV_MESOPOTAMIC_BURIAL_CHOICE_1',				'YIELD_GOLD',					50),
		('CITY_EVENT_JFD_CULDIV_MESOPOTAMIC_BURIAL_CHOICE_2',				'YIELD_GOLD',					200),
		('CITY_EVENT_JFD_CULDIV_OCEANIC_WAYFINDING_CHOICE_2',				'YIELD_FAITH',					300);
--------------------------------------------------------------------------------------------------------------------------
-- CityEventChoice_InstantYield
--------------------------------------------------------------------------------------------------------------------------
INSERT INTO CityEventChoice_InstantYield
		(CityEventChoiceType,												YieldType,						Yield)
VALUES	('CITY_EVENT_JFD_CULDIV_BHARATA_RELIGIOUS_CHARITY_CHOICE_1',		'YIELD_FOOD',					10),
		('CITY_EVENT_JFD_CULDIV_BHARATA_RELIGIOUS_WORK_CHOICE_1',			'YIELD_PRODUCTION',				10),
		('CITY_EVENT_JFD_CULDIV_CLASSICAL_PHILOSOPHY_CHOICE_1',				'YIELD_PRODUCTION',				10),	
		('CITY_EVENT_JFD_CULDIV_CLASSICAL_PHILOSOPHY_CHOICE_2',				'YIELD_CULTURE',				20),	
		('CITY_EVENT_JFD_CULDIV_KATUJE_JAGUAR_CHOICE_1',					'YIELD_GOLDEN_AGE_POINTS',		30),
		('CITY_EVENT_JFD_CULDIV_KATUJE_JAGUAR_CHOICE_3',					'YIELD_CULTURE',				20),
		('CITY_EVENT_JFD_CULDIV_KATUJE_JAGUAR_FRIENDLY_CHOICE_1',			'YIELD_CULTURE',				30),
		('CITY_EVENT_JFD_CULDIV_KATUJE_JAGUAR_KILLS_CHOICE_1',				'YIELD_GOLDEN_AGE_POINTS',		300),
		('CITY_EVENT_JFD_CULDIV_KATUJE_JAGUAR_SUCCESS_CHOICE_1',			'YIELD_GOLDEN_AGE_POINTS',		100),
		('CITY_EVENT_JFD_CULDIV_MANDALA_WHITE_ELEPHANT_CHOICE_2',			'YIELD_GOLD',					500),
		('CITY_EVENT_JFD_CULDIV_MANDALA_WHITE_ELEPHANT_HAPPY_CHOICE_1',		'YIELD_CULTURE',				10),
		('CITY_EVENT_JFD_CULDIV_MANDALA_WHITE_ELEPHANT_LUCK_CHOICE_1',		'YIELD_GOLDEN_AGE_POINTS',		100),
		('CITY_EVENT_JFD_CULDIV_MESOPOTAMIC_BURIAL_CHOICE_1',				'YIELD_CULTURE',				20),
		('CITY_EVENT_JFD_CULDIV_OCEANIC_SHELLFISH_CHOICE_2',				'YIELD_GOLD',					400);
--------------------------------------------------------------------------------------------------------------------------
-- CityEventChoice_ResourceQuantity
--------------------------------------------------------------------------------------------------------------------------		
INSERT INTO CityEventChoice_ResourceQuantity
		(CityEventChoiceType,												ResourceType,						Quantity)
VALUES	('CITY_EVENT_JFD_CULDIV_MANDALA_WHITE_ELEPHANT_CHOICE_1',			'RESOURCE_JFD_WHITE_ELEPHANT',		1);
--------------------------------------------------------------------------------------------------------------------------
-- CityEventChoice_BuildingClassYieldChange
--------------------------------------------------------------------------------------------------------------------------	
INSERT INTO CityEventChoice_BuildingClassYieldChange
		(CityEventChoiceType,												BuildingClassType,				YieldType,			YieldChange)
VALUES	('CITY_EVENT_JFD_CULDIV_ANDEAN_HUACA_CHOICE_1',						'BUILDINGCLASS_SHRINE',			'YIELD_FAITH',		1),
		('CITY_EVENT_JFD_CULDIV_ANDEAN_HUACA_CHOICE_2',						'BUILDINGCLASS_SHRINE',			'YIELD_FAITH',		1),
		('CITY_EVENT_JFD_CULDIV_MANDALA_WHITE_ELEPHANT_UNHAPPY_CHOICE_1',	'BUILDINGCLASS_PALACE',			'YIELD_FAITH',		1),
		('CITY_EVENT_JFD_CULDIV_MANDALA_WHITE_ELEPHANT_UNHAPPY_CHOICE_2',	'BUILDINGCLASS_STABLE',			'YIELD_CULTURE',	1),
		('CITY_EVENT_JFD_CULDIV_MESOPOTAMIC_BURIAL_CHOICE_2',				'BUILDINGCLASS_MONUMENT',		'YIELD_CULTURE',	1);
--------------------------------------------------------------------------------------------------------------------------
-- CityEventChoice_ResourceYieldChange
--------------------------------------------------------------------------------------------------------------------------	
INSERT INTO CityEventChoice_ResourceYieldChange
		(CityEventChoiceType,												ResourceType,					YieldType,			YieldChange)
VALUES	('CITY_EVENT_JFD_CULDIV_OCEANIC_SHELLFISH_CHOICE_3',				'RESOURCE_PEARLS',				'YIELD_FAITH',		1);
--------------------------------------------------------------------------------------------------------------------------
-- CityEventChoice_FreeUnitClasses
--------------------------------------------------------------------------------------------------------------------------	
INSERT INTO CityEventChoice_FreeUnitClasses
		(CityEventChoiceType,												UnitClassType,					Quantity)
VALUES	('CITY_EVENT_JFD_CULDIV_BHARATA_RELIGIOUS_CHOICE_1',				'UNITCLASS_INQUISITOR',			1),
		('CITY_EVENT_JFD_CULDIV_BHARATA_RELIGIOUS_CHOICE_2',				'UNITCLASS_MISSIONARY',			1),
		('CITY_EVENT_JFD_CULDIV_OCEANIC_WAYFINDING_CHOICE_2',				'UNITCLASS_SETTLER',			1);
--------------------------------------------------------------------------------------------------------------------------
-- CityEventChoiceFlavors
--------------------------------------------------------------------------------------------------------------------------		
INSERT INTO CityEventChoiceFlavors
		(CityEventChoiceType,												FlavorType,						Flavor)
VALUES	('CITY_EVENT_JFD_CULDIV_ANDEAN_HUACA_CHOICE_1',						'FLAVOR_RELIGION',				20),
		('CITY_EVENT_JFD_CULDIV_ANDEAN_HUACA_CHOICE_2',						'FLAVOR_GOLD',					20),
		('CITY_EVENT_JFD_CULDIV_ANDEAN_HUACA_CHOICE_3',						'FLAVOR_RELIGION',				10),
		('CITY_EVENT_JFD_CULDIV_ANDEAN_HUACA_CHOICE_3',						'FLAVOR_GOLD',					10),
		('CITY_EVENT_JFD_CULDIV_CLASSICAL_PHILOSOPHY_CHOICE_1',				'FLAVOR_PRODUCTION',			20),
		('CITY_EVENT_JFD_CULDIV_CLASSICAL_PHILOSOPHY_CHOICE_2',				'FLAVOR_CULTURE',				20),
		('CITY_EVENT_JFD_CULDIV_CLASSICAL_PHILOSOPHY_CHOICE_3',				'FLAVOR_GROWTH',				20),
		('CITY_EVENT_JFD_CULDIV_KATUJE_JAGUAR_CHOICE_1',					'FLAVOR_CULTURE',				5),
		('CITY_EVENT_JFD_CULDIV_KATUJE_JAGUAR_CHOICE_2',					'FLAVOR_GROWTH',				5),
		('CITY_EVENT_JFD_CULDIV_KATUJE_JAGUAR_CHOICE_3',					'FLAVOR_GREAT_PEOPLE',			10),
		('CITY_EVENT_JFD_CULDIV_KATUJE_JAGUAR_KILLS_CHOICE_1',				'FLAVOR_GREAT_PEOPLE',			20),
		('CITY_EVENT_JFD_CULDIV_MANDALA_WHITE_ELEPHANT_CHOICE_1',			'FLAVOR_HAPPINESS',				20),
		('CITY_EVENT_JFD_CULDIV_MANDALA_WHITE_ELEPHANT_CHOICE_2',			'FLAVOR_GOLD',					20),
		('CITY_EVENT_JFD_CULDIV_MANDALA_WHITE_ELEPHANT_UNHAPPY_CHOICE_1',	'FLAVOR_RELIGION',				20),
		('CITY_EVENT_JFD_CULDIV_MANDALA_WHITE_ELEPHANT_UNHAPPY_CHOICE_2',	'FLAVOR_CULTURE',				20),
		('CITY_EVENT_JFD_CULDIV_MANDALA_WHITE_ELEPHANT_UNHAPPY_CHOICE_3',	'FLAVOR_GOLD',					20),
		('CITY_EVENT_JFD_CULDIV_OCEANIC_SHELLFISH_CHOICE_1',				'FLAVOR_HAPPINESS',				20),
		('CITY_EVENT_JFD_CULDIV_OCEANIC_SHELLFISH_CHOICE_2',				'FLAVOR_GOLD',					20),
		('CITY_EVENT_JFD_CULDIV_OCEANIC_SHELLFISH_CHOICE_3',				'FLAVOR_RELIGION',				20),
		('CITY_EVENT_JFD_CULDIV_OCEANIC_WAYFINDING_CHOICE_1',				'FLAVOR_RELIGION',				20),
		('CITY_EVENT_JFD_CULDIV_OCEANIC_WAYFINDING_CHOICE_2',				'FLAVOR_EXPANSION',				20),
		('CITY_EVENT_JFD_CULDIV_TOTALITARIAN_CELEBRATION_CHOICE_1',			'FLAVOR_GROWTH',				20),
		('CITY_EVENT_JFD_CULDIV_TOTALITARIAN_CELEBRATION_CHOICE_2',			'FLAVOR_HAPPINESS',				20);
--------------------------------------------------------------------------------------------------------------------------
-- CityEventChoice_Notification
--------------------------------------------------------------------------------------------------------------------------		
INSERT INTO CityEventChoice_Notification
		(CityEventChoiceType,												NotificationType,						Description,																				ShortDescription,																NeedCityCoordinates)
VALUES	('CITY_EVENT_JFD_CULDIV_ANDEAN_HUACA_CHOICE_1',						'NOTIFICATION_EVENT_CHOICE_CITY_FIN',	'TXT_KEY_NOTIFICATION_CITY_EVENT_JFD_CULDIV_ANDEAN_HUACA_CHOICE_1',							'TXT_KEY_CITY_EVENT_JFD_CULDIV_ANDEAN_HUACA_DESCRIPTION',						1),
		('CITY_EVENT_JFD_CULDIV_ANDEAN_HUACA_CHOICE_2',						'NOTIFICATION_EVENT_CHOICE_CITY_FIN',	'TXT_KEY_NOTIFICATION_CITY_EVENT_JFD_CULDIV_ANDEAN_HUACA_CHOICE_2',							'TXT_KEY_CITY_EVENT_JFD_CULDIV_ANDEAN_HUACA_DESCRIPTION',						1),
		('CITY_EVENT_JFD_CULDIV_BHARATA_RELIGIOUS_CHOICE_1',				'NOTIFICATION_EVENT_CHOICE_CITY_FIN',	'TXT_KEY_NOTIFICATION_CITY_EVENT_JFD_CULDIV_BHARATA_RELIGIOUS_CHOICE_1',					'TXT_KEY_CITY_EVENT_JFD_CULDIV_BHARATA_RELIGIOUS_DESCRIPTION',					1),
		('CITY_EVENT_JFD_CULDIV_BHARATA_RELIGIOUS_CHOICE_2',				'NOTIFICATION_EVENT_CHOICE_CITY_FIN',	'TXT_KEY_NOTIFICATION_CITY_EVENT_JFD_CULDIV_BHARATA_RELIGIOUS_CHOICE_2',					'TXT_KEY_CITY_EVENT_JFD_CULDIV_BHARATA_RELIGIOUS_DESCRIPTION',					1),
		('CITY_EVENT_JFD_CULDIV_CLASSICAL_PHILOSOPHY_CHOICE_1',				'NOTIFICATION_EVENT_CHOICE_CITY_FIN',	'TXT_KEY_NOTIFICATION_CITY_EVENT_JFD_CULDIV_CLASSICAL_PHILOSOPHY_CHOICE_1',					'TXT_KEY_CITY_EVENT_JFD_CULDIV_CLASSICAL_PHILOSOPHY_DESCRIPTION',				1),
		('CITY_EVENT_JFD_CULDIV_CLASSICAL_PHILOSOPHY_CHOICE_2',				'NOTIFICATION_EVENT_CHOICE_CITY_FIN',	'TXT_KEY_NOTIFICATION_CITY_EVENT_JFD_CULDIV_CLASSICAL_PHILOSOPHY_CHOICE_2',					'TXT_KEY_CITY_EVENT_JFD_CULDIV_CLASSICAL_PHILOSOPHY_DESCRIPTION',				1),
		('CITY_EVENT_JFD_CULDIV_CLASSICAL_PHILOSOPHY_CHOICE_3',				'NOTIFICATION_EVENT_CHOICE_CITY_FIN',	'TXT_KEY_NOTIFICATION_CITY_EVENT_JFD_CULDIV_CLASSICAL_PHILOSOPHY_CHOICE_3',					'TXT_KEY_CITY_EVENT_JFD_CULDIV_CLASSICAL_PHILOSOPHY_DESCRIPTION',				1),
		('CITY_EVENT_JFD_CULDIV_KATUJE_JAGUAR_CHOICE_1',					'NOTIFICATION_EVENT_CHOICE_CITY_FIN',	'TXT_KEY_NOTIFICATION_CITY_EVENT_JFD_CULDIV_KATUJE_JAGUAR_CHOICE_1',						'TXT_KEY_CITY_EVENT_JFD_CULDIV_KATUJE_JAGUAR_DESCRIPTION',						1),
		('CITY_EVENT_JFD_CULDIV_KATUJE_JAGUAR_CHOICE_2',					'NOTIFICATION_EVENT_CHOICE_CITY_FIN',	'TXT_KEY_NOTIFICATION_CITY_EVENT_JFD_CULDIV_KATUJE_JAGUAR_CHOICE_2',						'TXT_KEY_CITY_EVENT_JFD_CULDIV_KATUJE_JAGUAR_DESCRIPTION',						1),
		('CITY_EVENT_JFD_CULDIV_KATUJE_JAGUAR_CHOICE_3',					'NOTIFICATION_EVENT_CHOICE_CITY_FIN',	'TXT_KEY_NOTIFICATION_CITY_EVENT_JFD_CULDIV_KATUJE_JAGUAR_CHOICE_3',						'TXT_KEY_CITY_EVENT_JFD_CULDIV_KATUJE_JAGUAR_DESCRIPTION',						1),
		('CITY_EVENT_JFD_CULDIV_KATUJE_JAGUAR_KILLS_CHOICE_1',				'NOTIFICATION_EVENT_CHOICE_CITY_FIN',	'TXT_KEY_NOTIFICATION_CITY_EVENT_JFD_CULDIV_KATUJE_JAGUAR_KILLS_CHOICE_1',					'TXT_KEY_CITY_EVENT_JFD_CULDIV_KATUJE_JAGUAR_KILLS_DESCRIPTION',				1),
		('CITY_EVENT_JFD_CULDIV_MANDALA_WHITE_ELEPHANT_CHOICE_1',			'NOTIFICATION_EVENT_CHOICE_CITY_FIN',	'TXT_KEY_NOTIFICATION_CITY_EVENT_JFD_CULDIV_MANDALA_WHITE_ELEPHANT_CHOICE_1',				'TXT_KEY_CITY_EVENT_JFD_CULDIV_MANDALA_WHITE_ELEPHANT_DESCRIPTION',				1),
		('CITY_EVENT_JFD_CULDIV_MANDALA_WHITE_ELEPHANT_CHOICE_2',			'NOTIFICATION_EVENT_CHOICE_CITY_FIN',	'TXT_KEY_NOTIFICATION_CITY_EVENT_JFD_CULDIV_MANDALA_WHITE_ELEPHANT_CHOICE_2',				'TXT_KEY_CITY_EVENT_JFD_CULDIV_MANDALA_WHITE_ELEPHANT_DESCRIPTION',				1),
		('CITY_EVENT_JFD_CULDIV_MANDALA_WHITE_ELEPHANT_UNHAPPY_CHOICE_1',	'NOTIFICATION_EVENT_CHOICE_CITY_FIN',	'TXT_KEY_NOTIFICATION_CITY_EVENT_JFD_CULDIV_MANDALA_WHITE_ELEPHANT_UNHAPPY_CHOICE_1',		'TXT_KEY_CITY_EVENT_JFD_CULDIV_MANDALA_WHITE_ELEPHANT_UNHAPPY_DESCRIPTION',		1),
		('CITY_EVENT_JFD_CULDIV_MANDALA_WHITE_ELEPHANT_UNHAPPY_CHOICE_2',	'NOTIFICATION_EVENT_CHOICE_CITY_FIN',	'TXT_KEY_NOTIFICATION_CITY_EVENT_JFD_CULDIV_MANDALA_WHITE_ELEPHANT_UNHAPPY_CHOICE_2',		'TXT_KEY_CITY_EVENT_JFD_CULDIV_MANDALA_WHITE_ELEPHANT_UNHAPPY_DESCRIPTION',		1),
		('CITY_EVENT_JFD_CULDIV_MESOPOTAMIC_BURIAL_CHOICE_1',				'NOTIFICATION_EVENT_CHOICE_CITY_FIN',	'TXT_KEY_NOTIFICATION_CITY_EVENT_JFD_CULDIV_MESOPOTAMIC_BURIAL_CHOICE_1',					'TXT_KEY_CITY_EVENT_JFD_CULDIV_MESOPOTAMIC_BURIAL_DESCRIPTION',					1),
		('CITY_EVENT_JFD_CULDIV_MESOPOTAMIC_BURIAL_CHOICE_2',				'NOTIFICATION_EVENT_CHOICE_CITY_FIN',	'TXT_KEY_NOTIFICATION_CITY_EVENT_JFD_CULDIV_MESOPOTAMIC_BURIAL_CHOICE_2',					'TXT_KEY_CITY_EVENT_JFD_CULDIV_MESOPOTAMIC_BURIAL_DESCRIPTION',					1),
		('CITY_EVENT_JFD_CULDIV_MESOPOTAMIC_BURIAL_CHOICE_3',				'NOTIFICATION_EVENT_CHOICE_CITY_FIN',	'TXT_KEY_NOTIFICATION_CITY_EVENT_JFD_CULDIV_MESOPOTAMIC_BURIAL_CHOICE_3',					'TXT_KEY_CITY_EVENT_JFD_CULDIV_MESOPOTAMIC_BURIAL_DESCRIPTION',					1),
		('CITY_EVENT_JFD_CULDIV_OCEANIC_SHELLFISH_CHOICE_1',				'NOTIFICATION_EVENT_CHOICE_CITY_FIN',	'TXT_KEY_NOTIFICATION_CITY_EVENT_JFD_CULDIV_OCEANIC_SHELLFISH_CHOICE_1',					'TXT_KEY_CITY_EVENT_JFD_CULDIV_OCEANIC_SHELLFISH_DESCRIPTION',					1),
		('CITY_EVENT_JFD_CULDIV_OCEANIC_SHELLFISH_CHOICE_2',				'NOTIFICATION_EVENT_CHOICE_CITY_FIN',	'TXT_KEY_NOTIFICATION_CITY_EVENT_JFD_CULDIV_OCEANIC_SHELLFISH_CHOICE_2',					'TXT_KEY_CITY_EVENT_JFD_CULDIV_OCEANIC_SHELLFISH_DESCRIPTION',					1),
		('CITY_EVENT_JFD_CULDIV_OCEANIC_SHELLFISH_CHOICE_3',				'NOTIFICATION_EVENT_CHOICE_CITY_FIN',	'TXT_KEY_NOTIFICATION_CITY_EVENT_JFD_CULDIV_OCEANIC_SHELLFISH_CHOICE_3',					'TXT_KEY_CITY_EVENT_JFD_CULDIV_OCEANIC_SHELLFISH_DESCRIPTION',					1),
		('CITY_EVENT_JFD_CULDIV_OCEANIC_WAYFINDING_CHOICE_2',				'NOTIFICATION_EVENT_CHOICE_CITY_FIN',	'TXT_KEY_NOTIFICATION_CITY_EVENT_JFD_CULDIV_OCEANIC_WAYFINDING_CHOICE_2',					'TXT_KEY_CITY_EVENT_JFD_CULDIV_OCEANIC_WAYFINDING_DESCRIPTION',					1),
		('CITY_EVENT_JFD_CULDIV_TOTALITARIAN_CELEBRATION_CHOICE_1',			'NOTIFICATION_EVENT_CHOICE_CITY_FIN',	'TXT_KEY_NOTIFICATION_CITY_EVENT_JFD_CULDIV_TOTALITARIAN_CELEBRATION_CHOICE_1',				'TXT_KEY_CITY_EVENT_JFD_CULDIV_TOTALITARIAN_CELEBRATION_DESCRIPTION',			1),
		('CITY_EVENT_JFD_CULDIV_TOTALITARIAN_CELEBRATION_CHOICE_2',			'NOTIFICATION_EVENT_CHOICE_CITY_FIN',	'TXT_KEY_NOTIFICATION_CITY_EVENT_JFD_CULDIV_TOTALITARIAN_CELEBRATION_CHOICE_2',				'TXT_KEY_CITY_EVENT_JFD_CULDIV_TOTALITARIAN_CELEBRATION_DESCRIPTION',			1);
--==========================================================================================================================
--==========================================================================================================================
