--==========================================================================================================================
-- EVENTS
--==========================================================================================================================
-- Events
--------------------------------------------------------------------------------------------------------------------------		
INSERT INTO Events
		(Type,														EventClass,				Description,													Help,													EventArt,					EventAudio,								EventCooldown,	NumChoices,		RandomChance,	RandomChanceDelta,	IsCityState,	RequiresActiveResearch,	RequiredEra,		ObsoleteEra)
VALUES	('PLAYER_EVENT_JFD_MISC_CORRUPTION',						'EVENT_CLASS_BAD',		NULL,															NULL,													'Event_Gold.dds',			'AS2D_EVENT_JFD_GENERIC_EVENT_BAD_3',	50,				1,				10,				0,					0,				0,						NULL,				NULL),
		('PLAYER_EVENT_JFD_MISC_DEATH_ARTIST',						'EVENT_CLASS_GOOD',		'TXT_KEY_PLAYER_EVENT_JFD_MISC_DEATH_ARTIST_DESCRIPTION',		'TXT_KEY_PLAYER_EVENT_JFD_MISC_DEATH_ARTIST_HELP',		'Event_Artist.dds',			'AS2D_EVENT_JFD_GENERIC_EVENT',			50,				3,				10,				0,					0,				0,						'ERA_MEDIEVAL',		NULL),
		('PLAYER_EVENT_JFD_MISC_DESTITUTE_NOBLE',					'EVENT_CLASS_GOOD',		'TXT_KEY_PLAYER_EVENT_JFD_MISC_DESTITUTE_NOBLE_DESCRIPTION',	'TXT_KEY_PLAYER_EVENT_JFD_MISC_DESTITUTE_NOBLE_HELP',	'Event_Knight.dds',			'AS2D_EVENT_JFD_MILITARY',				50,				3,				10,				0,					0,				0,						'ERA_MEDIEVAL',		'ERA_INDUSTRIAL'),
		('PLAYER_EVENT_JFD_MISC_EMBASSY',							'EVENT_CLASS_GOOD',		NULL,															NULL,													'Event_Assembly.dds',		'AS2D_EVENT_JFD_DIPLOMACY',				50,				1,				10,				0,					1,				0,						NULL,				NULL),
		('PLAYER_EVENT_JFD_MISC_EXCELLENT_OFFICIAL',				'EVENT_CLASS_GOOD',		NULL,															NULL,													'Event_Scroll.dds',			'AS2D_EVENT_JFD_DIPLOMACY',				50,				1,				10,				0,					0,				0,						NULL,				NULL),
		('PLAYER_EVENT_JFD_MISC_EXCELLENT_OFFICIAL_2',				'EVENT_CLASS_GOOD',		NULL,															NULL,													'Event_Scroll.dds',			'AS2D_EVENT_JFD_DIPLOMACY',				50,				1,				10,				0,					0,				0,						NULL,				NULL),
		('PLAYER_EVENT_JFD_MISC_INCOMPETENCE',						'EVENT_CLASS_NEUTRAL',	'TXT_KEY_PLAYER_EVENT_JFD_MISC_INCOMPETENCE_DESCRIPTION',		'TXT_KEY_PLAYER_EVENT_JFD_MISC_INCOMPETENCE_HELP',		'Event_Assembly.dds',		'AS2D_EVENT_JFD_DIPLOMACY_BAD',			50,				3,				10,				0,					1,				0,						NULL,				NULL),
		('PLAYER_EVENT_JFD_MISC_MERCENARIES',						'EVENT_CLASS_NEUTRAL',	'TXT_KEY_PLAYER_EVENT_JFD_MISC_MERCENARIES_DESCRIPTION',		'TXT_KEY_PLAYER_EVENT_JFD_MISC_MERCENARIES_HELP',		'Event_Mercenaries.dds',	'AS2D_EVENT_JFD_MILITARY',				50,				3,				10,				0,					0,				0,						'ERA_MEDIEVAL',		'ERA_INDUSTRIAL'),
		('PLAYER_EVENT_JFD_MISC_STATE_GIFT',						'EVENT_CLASS_GOOD',		NULL,															NULL,													'Event_GoldGift.dds',		'AS2D_EVENT_JFD_GOLD_GIFT',				50,				1,				10,				0,					0,				0,						NULL,				NULL),
		('PLAYER_EVENT_JFD_MISC_SOLAR_ECLIPSE',						'EVENT_CLASS_NEUTRAL',	'TXT_KEY_PLAYER_EVENT_JFD_MISC_SOLAR_ECLIPSE_DESCRIPTION',		'TXT_KEY_PLAYER_EVENT_JFD_MISC_SOLAR_ECLIPSE_HELP',		'Event_Eclipse.dds',		'AS2D_EVENT_JFD_GENERIC_EVENT',			50,				5,				10,				0,					0,				0,						NULL,				NULL),
		('PLAYER_EVENT_JFD_MISC_TECH_BREAKTHROUGH',					'EVENT_CLASS_GOOD',		'TXT_KEY_PLAYER_EVENT_JFD_MISC_TECH_BREAKTHROUGH_DESCRIPTION',	'TXT_KEY_PLAYER_EVENT_JFD_MISC_TECH_BREAKTHROUGH_HELP',	'Event_TechProgress.dds',	'AS2D_EVENT_JFD_FANFARE',				50,				2,				10,				0,					0,				1,						NULL,				NULL),
		('PLAYER_EVENT_JFD_MISC_TERRIBLE_OFFICIAL',					'EVENT_CLASS_BAD',		NULL,															NULL,													'Event_Scroll.dds',			'AS2D_EVENT_JFD_DIPLOMACY_BAD',			50,				1,				10,				0,					0,				0,						NULL,				NULL),
		('PLAYER_EVENT_JFD_MISC_TERRIBLE_OFFICIAL_2',				'EVENT_CLASS_BAD',		NULL,															NULL,													'Event_Scroll.dds',			'AS2D_EVENT_JFD_DIPLOMACY_BAD',			50,				1,				10,				0,					0,				0,						NULL,				NULL);
--------------------------------------------------------------------------------------------------------------------------
-- EventChoices
--------------------------------------------------------------------------------------------------------------------------		
INSERT INTO EventChoices
		(Type,														RequiredCiv,				PrereqTech,				EventChance,	FreeUnitsTechAppropriate,	RandomBarbarianSpawn,	IsCityState,	CityStateInfluence,	CapitalEffectOnly,	EventDuration,		EraScaling,		EventChoiceAudio,				Description,																Help,																	DisabledTooltip)
VALUES	('PLAYER_EVENT_JFD_MISC_CORRUPTION_CHOICE_1',				NULL,						NULL,					0,				0,							0,						0,				0,					0,					30,					1,				NULL,							'TXT_KEY_PLAYER_EVENT_JFD_MISC_CORRUPTION_DESCRIPTION_CHOICE_1',			'TXT_KEY_PLAYER_EVENT_JFD_MISC_CORRUPTION_CHOICE_1_HELP',				NULL),
		('PLAYER_EVENT_JFD_MISC_DEATH_ARTIST_CHOICE_1',				NULL,						NULL,					0,				0,							0,						0,				0,					0,					30,					1,				'AS2D_EVENT_JFD_GOLD_GIFT',		'TXT_KEY_PLAYER_EVENT_JFD_MISC_DEATH_ARTIST_DESCRIPTION_CHOICE_1',			'TXT_KEY_PLAYER_EVENT_JFD_MISC_DEATH_ARTIST_CHOICE_1_HELP',				NULL),
		('PLAYER_EVENT_JFD_MISC_DEATH_ARTIST_CHOICE_2',				NULL,						NULL,					0,				0,							0,						0,				0,					0,					30,					1,				'AS2D_EVENT_CHOICE',			'TXT_KEY_PLAYER_EVENT_JFD_MISC_DEATH_ARTIST_DESCRIPTION_CHOICE_2',			'TXT_KEY_PLAYER_EVENT_JFD_MISC_DEATH_ARTIST_CHOICE_2_HELP',				NULL),
		('PLAYER_EVENT_JFD_MISC_DEATH_ARTIST_CHOICE_3',				NULL,						NULL,					0,				0,							0,						0,				0,					0,					30,					1,				'AS2D_EVENT_CHOICE',			'TXT_KEY_PLAYER_EVENT_JFD_MISC_DEATH_ARTIST_DESCRIPTION_CHOICE_3',			'TXT_KEY_PLAYER_EVENT_JFD_MISC_DEATH_ARTIST_CHOICE_3_HELP',				'TXT_KEY_PLAYER_EVENT_JFD_MISC_DEATH_ARTIST_CHOICE_3_DISABLED'),
		('PLAYER_EVENT_JFD_MISC_DESTITUTE_NOBLE_CHOICE_1',			NULL,						NULL,					0,				0,							0,						0,				0,					0,					30,					0,				'AS2D_EVENT_CHOICE',			'TXT_KEY_PLAYER_EVENT_JFD_MISC_DESTITUTE_NOBLE_DESCRIPTION_CHOICE_1',		'TXT_KEY_PLAYER_EVENT_JFD_MISC_DESTITUTE_NOBLE_CHOICE_1_HELP',			NULL),
		('PLAYER_EVENT_JFD_MISC_DESTITUTE_NOBLE_CHOICE_2',			NULL,						NULL,					0,				0,							0,						0,				0,					1,					30,					1,				'AS2D_EVENT_CHOICE',			'TXT_KEY_PLAYER_EVENT_JFD_MISC_DESTITUTE_NOBLE_DESCRIPTION_CHOICE_2',		'TXT_KEY_PLAYER_EVENT_JFD_MISC_DESTITUTE_NOBLE_CHOICE_2_HELP',			NULL),
		('PLAYER_EVENT_JFD_MISC_DESTITUTE_NOBLE_CHOICE_3',			NULL,						NULL,					0,				0,							0,						0,				0,					0,					30,					1,				'AS2D_EVENT_JFD_GOLD_GIFT',		'TXT_KEY_PLAYER_EVENT_JFD_MISC_DESTITUTE_NOBLE_DESCRIPTION_CHOICE_3',		'TXT_KEY_PLAYER_EVENT_JFD_MISC_DESTITUTE_NOBLE_CHOICE_3_HELP',			NULL),
		('PLAYER_EVENT_JFD_MISC_EMBASSY_CHOICE_1',					NULL,						NULL,					0,				0,							0,						1,				10,					0,					30,					0,				NULL,							'TXT_KEY_PLAYER_EVENT_JFD_MISC_EMBASSY_DESCRIPTION_CHOICE_1',				'TXT_KEY_PLAYER_EVENT_JFD_MISC_EMBASSY_CHOICE_1_HELP',					NULL),
		('PLAYER_EVENT_JFD_MISC_EXCELLENT_OFFICIAL_CHOICE_1',		NULL,						NULL,					0,				0,							0,						0,				0,					0,					30,					0,				NULL,							'TXT_KEY_PLAYER_EVENT_JFD_MISC_EXCELLENT_OFFICIAL_DESCRIPTION_CHOICE_1',	'TXT_KEY_PLAYER_EVENT_JFD_MISC_EXCELLENT_OFFICIAL_CHOICE_1_HELP',		NULL),
		('PLAYER_EVENT_JFD_MISC_EXCELLENT_OFFICIAL_2_CHOICE_1',		NULL,						NULL,					0,				0,							0,						0,				0,					0,					30,					0,				NULL,							'TXT_KEY_PLAYER_EVENT_JFD_MISC_EXCELLENT_OFFICIAL_2_DESCRIPTION_CHOICE_1',	'TXT_KEY_PLAYER_EVENT_JFD_MISC_EXCELLENT_OFFICIAL_2_CHOICE_1_HELP',		NULL),
		('PLAYER_EVENT_JFD_MISC_INCOMPETENCE_CHOICE_1',				NULL,						NULL,					0,				0,							0,						0,				-10,				0,					30,					0,				'AS2D_EVENT_CHOICE',			'TXT_KEY_PLAYER_EVENT_JFD_MISC_INCOMPETENCE_DESCRIPTION_CHOICE_1',			'TXT_KEY_PLAYER_EVENT_JFD_MISC_INCOMPETENCE_CHOICE_1_HELP',				NULL),
		('PLAYER_EVENT_JFD_MISC_INCOMPETENCE_CHOICE_2',				NULL,						NULL,					0,				0,							0,						0,				15,					0,					30,					1,				'AS2D_EVENT_CHOICE',			'TXT_KEY_PLAYER_EVENT_JFD_MISC_INCOMPETENCE_DESCRIPTION_CHOICE_2',			'TXT_KEY_PLAYER_EVENT_JFD_MISC_INCOMPETENCE_CHOICE_2_HELP',				NULL),
		('PLAYER_EVENT_JFD_MISC_INCOMPETENCE_CHOICE_3',				NULL,						NULL,					0,				1,							0,						0,				-15,				0,					30,					1,				'AS2D_EVENT_CHOICE',			'TXT_KEY_PLAYER_EVENT_JFD_MISC_INCOMPETENCE_DESCRIPTION_CHOICE_3',			'TXT_KEY_PLAYER_EVENT_JFD_MISC_INCOMPETENCE_CHOICE_3_HELP',				NULL),
		('PLAYER_EVENT_JFD_MISC_MERCENARIES_CHOICE_1',				NULL,						NULL,					0,				0,							0,						0,				0,					0,					30,					1,				'AS2D_EVENT_CHOICE',			'TXT_KEY_PLAYER_EVENT_JFD_MISC_MERCENARIES_DESCRIPTION_CHOICE_1',			'TXT_KEY_PLAYER_EVENT_JFD_MISC_MERCENARIES_CHOICE_1_HELP',				NULL),
		('PLAYER_EVENT_JFD_MISC_MERCENARIES_CHOICE_2',				NULL,						NULL,					0,				2,							0,						0,				0,					1,					30,					1,				'AS2D_EVENT_CHOICE',			'TXT_KEY_PLAYER_EVENT_JFD_MISC_MERCENARIES_DESCRIPTION_CHOICE_2',			'TXT_KEY_PLAYER_EVENT_JFD_MISC_MERCENARIES_CHOICE_2_HELP',				NULL),
		('PLAYER_EVENT_JFD_MISC_MERCENARIES_CHOICE_3',				NULL,						NULL,					0,				0,							2,						0,				0,					0,					30,					1,				'AS2D_EVENT_CHOICE',			'TXT_KEY_PLAYER_EVENT_JFD_MISC_MERCENARIES_DESCRIPTION_CHOICE_3',			'TXT_KEY_PLAYER_EVENT_JFD_MISC_MERCENARIES_CHOICE_3_HELP',				NULL),
		('PLAYER_EVENT_JFD_MISC_STATE_GIFT_CHOICE_1',				NULL,						NULL,					0,				0,							0,						0,				0,					0,					30,					1,				NULL,							'TXT_KEY_PLAYER_EVENT_JFD_MISC_STATE_GIFT_DESCRIPTION_CHOICE_1',			'TXT_KEY_PLAYER_EVENT_JFD_MISC_STATE_GIFT_CHOICE_1_HELP',				NULL),
		('PLAYER_EVENT_JFD_MISC_SOLAR_ECLIPSE_CHOICE_1',			NULL,						NULL,					0,				0,							0,						0,				0,					0,					30,					1,				'AS2D_EVENT_CHOICE',			'TXT_KEY_PLAYER_EVENT_JFD_MISC_SOLAR_ECLIPSE_DESCRIPTION_CHOICE_1',			'TXT_KEY_PLAYER_EVENT_JFD_MISC_SOLAR_ECLIPSE_CHOICE_1_HELP',			NULL),
		('PLAYER_EVENT_JFD_MISC_SOLAR_ECLIPSE_CHOICE_2',			NULL,						NULL,					0,				0,							0,						0,				0,					0,					30,					1,				'AS2D_EVENT_CHOICE',			'TXT_KEY_PLAYER_EVENT_JFD_MISC_SOLAR_ECLIPSE_DESCRIPTION_CHOICE_2',			'TXT_KEY_PLAYER_EVENT_JFD_MISC_SOLAR_ECLIPSE_CHOICE_2_HELP',			NULL),
		('PLAYER_EVENT_JFD_MISC_SOLAR_ECLIPSE_CHOICE_3',			NULL,						'TECH_THEOLOGY',		0,				0,							0,						0,				0,					0,					30,					1,				'AS2D_EVENT_CHOICE',			'TXT_KEY_PLAYER_EVENT_JFD_MISC_SOLAR_ECLIPSE_DESCRIPTION_CHOICE_3',			'TXT_KEY_PLAYER_EVENT_JFD_MISC_SOLAR_ECLIPSE_CHOICE_3_HELP',			NULL),
		('PLAYER_EVENT_JFD_MISC_SOLAR_ECLIPSE_CHOICE_4',			NULL,						'TECH_ASTRONOMY',		0,				0,							0,						0,				0,					0,					30,					1,				'AS2D_EVENT_CHOICE',			'TXT_KEY_PLAYER_EVENT_JFD_MISC_SOLAR_ECLIPSE_DESCRIPTION_CHOICE_4',			'TXT_KEY_PLAYER_EVENT_JFD_MISC_SOLAR_ECLIPSE_CHOICE_4_HELP',			NULL),
		('PLAYER_EVENT_JFD_MISC_SOLAR_ECLIPSE_CHOICE_5',			'CIVILIZATION_IROQUOIS',	'TECH_CIVIL_SERVICE',	0,				0,							0,						0,				0,					0,					50,					1,				'AS2D_EVENT_CHOICE',			'TXT_KEY_PLAYER_EVENT_JFD_MISC_SOLAR_ECLIPSE_DESCRIPTION_CHOICE_5',			'TXT_KEY_PLAYER_EVENT_JFD_MISC_SOLAR_ECLIPSE_CHOICE_5_HELP',			NULL),
		('PLAYER_EVENT_JFD_MISC_TECH_BREAKTHROUGH_CHOICE_1',		NULL,						NULL,					0,				0,							0,						0,				0,					0,					30,					1,				'AS2D_EVENT_JFD_TECH_INVEST',	'TXT_KEY_PLAYER_EVENT_JFD_MISC_TECH_BREAKTHROUGH_DESCRIPTION_CHOICE_1',		'TXT_KEY_PLAYER_EVENT_JFD_MISC_TECH_BREAKTHROUGH_CHOICE_1_HELP',		NULL),
		('PLAYER_EVENT_JFD_MISC_TECH_BREAKTHROUGH_CHOICE_2',		NULL,						NULL,					50,				0,							0,						0,				0,					0,					30,					1,				'AS2D_EVENT_JFD_TECH_INVEST',	'TXT_KEY_PLAYER_EVENT_JFD_MISC_TECH_BREAKTHROUGH_DESCRIPTION_CHOICE_2',		'TXT_KEY_PLAYER_EVENT_JFD_MISC_TECH_BREAKTHROUGH_CHOICE_2_HELP',		NULL),
		('PLAYER_EVENT_JFD_MISC_TERRIBLE_OFFICIAL_CHOICE_1',		NULL,						NULL,					0,				0,							0,						0,				0,					0,					30,					0,				NULL,							'TXT_KEY_PLAYER_EVENT_JFD_MISC_TERRIBLE_OFFICIAL_DESCRIPTION_CHOICE_1',		'TXT_KEY_PLAYER_EVENT_JFD_MISC_TERRIBLE_OFFICIAL_CHOICE_1_HELP',		NULL),
		('PLAYER_EVENT_JFD_MISC_TERRIBLE_OFFICIAL_2_CHOICE_1',		NULL,						NULL,					0,				0,							0,						0,				0,					0,					30,					0,				NULL,							'TXT_KEY_PLAYER_EVENT_JFD_MISC_TERRIBLE_OFFICIAL_2_DESCRIPTION_CHOICE_1',	'TXT_KEY_PLAYER_EVENT_JFD_MISC_TERRIBLE_OFFICIAL_2_CHOICE_1_HELP',		NULL);
--------------------------------------------------------------------------------------------------------------------------
-- Event_ParentEvents
--------------------------------------------------------------------------------------------------------------------------	
INSERT INTO Event_ParentEvents
		(EventType,												EventChoiceType)
VALUES	('PLAYER_EVENT_JFD_MISC_CORRUPTION',					'PLAYER_EVENT_JFD_MISC_CORRUPTION_CHOICE_1'),
		('PLAYER_EVENT_JFD_MISC_DESTITUTE_NOBLE',				'PLAYER_EVENT_JFD_MISC_DESTITUTE_NOBLE_CHOICE_1'),		
		('PLAYER_EVENT_JFD_MISC_DESTITUTE_NOBLE',				'PLAYER_EVENT_JFD_MISC_DESTITUTE_NOBLE_CHOICE_2'),		
		('PLAYER_EVENT_JFD_MISC_DESTITUTE_NOBLE',				'PLAYER_EVENT_JFD_MISC_DESTITUTE_NOBLE_CHOICE_3'),
		('PLAYER_EVENT_JFD_MISC_DEATH_ARTIST',					'PLAYER_EVENT_JFD_MISC_DEATH_ARTIST_CHOICE_1'),		
		('PLAYER_EVENT_JFD_MISC_DEATH_ARTIST',					'PLAYER_EVENT_JFD_MISC_DEATH_ARTIST_CHOICE_2'),		
		('PLAYER_EVENT_JFD_MISC_DEATH_ARTIST',					'PLAYER_EVENT_JFD_MISC_DEATH_ARTIST_CHOICE_3'),
		('PLAYER_EVENT_JFD_MISC_EMBASSY',						'PLAYER_EVENT_JFD_MISC_EMBASSY_CHOICE_1'),
		('PLAYER_EVENT_JFD_MISC_EXCELLENT_OFFICIAL',			'PLAYER_EVENT_JFD_MISC_EXCELLENT_OFFICIAL_CHOICE_1'),
		('PLAYER_EVENT_JFD_MISC_EXCELLENT_OFFICIAL_2',			'PLAYER_EVENT_JFD_MISC_EXCELLENT_OFFICIAL_2_CHOICE_1'),
		('PLAYER_EVENT_JFD_MISC_INCOMPETENCE',					'PLAYER_EVENT_JFD_MISC_INCOMPETENCE_CHOICE_1'),		
		('PLAYER_EVENT_JFD_MISC_INCOMPETENCE',					'PLAYER_EVENT_JFD_MISC_INCOMPETENCE_CHOICE_2'),		
		('PLAYER_EVENT_JFD_MISC_INCOMPETENCE',					'PLAYER_EVENT_JFD_MISC_INCOMPETENCE_CHOICE_3'),
		('PLAYER_EVENT_JFD_MISC_MERCENARIES',					'PLAYER_EVENT_JFD_MISC_MERCENARIES_CHOICE_1'),		
		('PLAYER_EVENT_JFD_MISC_MERCENARIES',					'PLAYER_EVENT_JFD_MISC_MERCENARIES_CHOICE_2'),		
		('PLAYER_EVENT_JFD_MISC_MERCENARIES',					'PLAYER_EVENT_JFD_MISC_MERCENARIES_CHOICE_3'),
		('PLAYER_EVENT_JFD_MISC_STATE_GIFT',					'PLAYER_EVENT_JFD_MISC_STATE_GIFT_CHOICE_1'),
		('PLAYER_EVENT_JFD_MISC_SOLAR_ECLIPSE',					'PLAYER_EVENT_JFD_MISC_SOLAR_ECLIPSE_CHOICE_1'),		
		('PLAYER_EVENT_JFD_MISC_SOLAR_ECLIPSE',					'PLAYER_EVENT_JFD_MISC_SOLAR_ECLIPSE_CHOICE_2'),		
		('PLAYER_EVENT_JFD_MISC_SOLAR_ECLIPSE',					'PLAYER_EVENT_JFD_MISC_SOLAR_ECLIPSE_CHOICE_3'),
		('PLAYER_EVENT_JFD_MISC_SOLAR_ECLIPSE',					'PLAYER_EVENT_JFD_MISC_SOLAR_ECLIPSE_CHOICE_4'),
		('PLAYER_EVENT_JFD_MISC_SOLAR_ECLIPSE',					'PLAYER_EVENT_JFD_MISC_SOLAR_ECLIPSE_CHOICE_5'),
		('PLAYER_EVENT_JFD_MISC_TECH_BREAKTHROUGH',				'PLAYER_EVENT_JFD_MISC_TECH_BREAKTHROUGH_CHOICE_1'),		
		('PLAYER_EVENT_JFD_MISC_TECH_BREAKTHROUGH',				'PLAYER_EVENT_JFD_MISC_TECH_BREAKTHROUGH_CHOICE_2'),		
		('PLAYER_EVENT_JFD_MISC_TERRIBLE_OFFICIAL',				'PLAYER_EVENT_JFD_MISC_TERRIBLE_OFFICIAL_CHOICE_1'),
		('PLAYER_EVENT_JFD_MISC_TERRIBLE_OFFICIAL_2',			'PLAYER_EVENT_JFD_MISC_TERRIBLE_OFFICIAL_2_CHOICE_1');
--------------------------------------------------------------------------------------------------------------------------
-- Event_MinimumResourceRequired
--------------------------------------------------------------------------------------------------------------------------	
INSERT INTO Event_MinimumResourceRequired
		(EventType,												ResourceType,				Quantity)
SELECT	'PLAYER_EVENT_JFD_MISC_TERRIBLE_OFFICIAL',				'RESOURCE_MAGISTRATES',		1
WHERE EXISTS (SELECT Type FROM Resources WHERE Type = 'RESOURCE_MAGISTRATES');

INSERT INTO Event_MinimumResourceRequired
		(EventType,												ResourceType,				Quantity)
SELECT	'PLAYER_EVENT_JFD_MISC_TERRIBLE_OFFICIAL_2',			'RESOURCE_JFD_DIGNITARIES',	1
WHERE EXISTS (SELECT Type FROM Resources WHERE Type = 'RESOURCE_JFD_DIGNITARIES');
--------------------------------------------------------------------------------------------------------------------------
-- EventChoice_ResourceQuantity
--------------------------------------------------------------------------------------------------------------------------	
INSERT INTO EventChoice_ResourceQuantity
		(EventChoiceType,										ResourceType,				Quantity)
SELECT	'PLAYER_EVENT_JFD_MISC_EXCELLENT_OFFICIAL_CHOICE_1',	'RESOURCE_MAGISTRATES',		1
WHERE EXISTS (SELECT Type FROM Resources WHERE Type = 'RESOURCE_MAGISTRATES');

INSERT INTO EventChoice_ResourceQuantity
		(EventChoiceType,										ResourceType,				Quantity)
SELECT	'PLAYER_EVENT_JFD_MISC_EXCELLENT_OFFICIAL_2_CHOICE_1',	'RESOURCE_JFD_DIGNITARIES',	1
WHERE EXISTS (SELECT Type FROM Resources WHERE Type = 'RESOURCE_JFD_DIGNITARIES');

INSERT INTO EventChoice_ResourceQuantity
		(EventChoiceType,										ResourceType,				Quantity)
SELECT	'PLAYER_EVENT_JFD_MISC_TERRIBLE_OFFICIAL_CHOICE_1',		'RESOURCE_MAGISTRATES',		-1
WHERE EXISTS (SELECT Type FROM Resources WHERE Type = 'RESOURCE_MAGISTRATES');

INSERT INTO EventChoice_ResourceQuantity
		(EventChoiceType,										ResourceType,				Quantity)
SELECT	'PLAYER_EVENT_JFD_MISC_TERRIBLE_OFFICIAL_2_CHOICE_1',	'RESOURCE_JFD_DIGNITARIES',	-1
WHERE EXISTS (SELECT Type FROM Resources WHERE Type = 'RESOURCE_JFD_DIGNITARIES');
--------------------------------------------------------------------------------------------------------------------------
-- EventChoice_MinimumStartYield
--------------------------------------------------------------------------------------------------------------------------	
INSERT INTO EventChoice_MinimumStartYield
		(EventChoiceType,										YieldType,					Yield)
VALUES	('PLAYER_EVENT_JFD_MISC_CORRUPTION_CHOICE_1',			'YIELD_GOLD',				50),
		('PLAYER_EVENT_JFD_MISC_DEATH_ARTIST_CHOICE_2',			'YIELD_GOLD',				50),
		('PLAYER_EVENT_JFD_MISC_DEATH_ARTIST_CHOICE_3',			'YIELD_GOLD',				100),
		('PLAYER_EVENT_JFD_MISC_DESTITUTE_NOBLE_CHOICE_2',		'YIELD_GOLD',				50),
		('PLAYER_EVENT_JFD_MISC_DESTITUTE_NOBLE_CHOICE_3',		'YIELD_GOLDEN_AGE_POINTS',	30),
		('PLAYER_EVENT_JFD_MISC_INCOMPETENCE_CHOICE_2',			'YIELD_CULTURE',			20),
		('PLAYER_EVENT_JFD_MISC_MERCENARIES_CHOICE_2',			'YIELD_GOLD',				100);
--------------------------------------------------------------------------------------------------------------------------
-- EventChoice_EventCostYield
--------------------------------------------------------------------------------------------------------------------------		
INSERT INTO EventChoice_EventCostYield
		(EventChoiceType,										YieldType,					Yield)
VALUES	('PLAYER_EVENT_JFD_MISC_CORRUPTION_CHOICE_1',			'YIELD_GOLD',				50),
		('PLAYER_EVENT_JFD_MISC_DEATH_ARTIST_CHOICE_2',			'YIELD_GOLD',				50),
		('PLAYER_EVENT_JFD_MISC_DEATH_ARTIST_CHOICE_3',			'YIELD_GOLD',				100),
		('PLAYER_EVENT_JFD_MISC_DESTITUTE_NOBLE_CHOICE_2',		'YIELD_GOLD',				50),
		('PLAYER_EVENT_JFD_MISC_DESTITUTE_NOBLE_CHOICE_3',		'YIELD_GOLDEN_AGE_POINTS',	30),
		('PLAYER_EVENT_JFD_MISC_INCOMPETENCE_CHOICE_2',			'YIELD_CULTURE',			20),
		('PLAYER_EVENT_JFD_MISC_MERCENARIES_CHOICE_2',			'YIELD_GOLD',				100);
--------------------------------------------------------------------------------------------------------------------------
-- EventChoice_InstantYield
--------------------------------------------------------------------------------------------------------------------------		
INSERT INTO EventChoice_InstantYield
		(EventChoiceType,										YieldType,					Yield)
VALUES	('PLAYER_EVENT_JFD_MISC_DEATH_ARTIST_CHOICE_1',			'YIELD_GOLD',				100),
		('PLAYER_EVENT_JFD_MISC_DEATH_ARTIST_CHOICE_2',			'YIELD_CULTURE',			100),
		('PLAYER_EVENT_JFD_MISC_DESTITUTE_NOBLE_CHOICE_3',		'YIELD_GOLD',				50),
		('PLAYER_EVENT_JFD_MISC_MERCENARIES_CHOICE_1',			'YIELD_GOLDEN_AGE_POINTS',	25),
		('PLAYER_EVENT_JFD_MISC_MERCENARIES_CHOICE_3',			'YIELD_CULTURE',			50),
		('PLAYER_EVENT_JFD_MISC_STATE_GIFT_CHOICE_1',			'YIELD_GOLD',				50),
		('PLAYER_EVENT_JFD_MISC_SOLAR_ECLIPSE_CHOICE_1',		'YIELD_FAITH',				20),
		('PLAYER_EVENT_JFD_MISC_SOLAR_ECLIPSE_CHOICE_2',		'YIELD_SCIENCE',			10),
		('PLAYER_EVENT_JFD_MISC_SOLAR_ECLIPSE_CHOICE_3',		'YIELD_CULTURE',			10),
		('PLAYER_EVENT_JFD_MISC_SOLAR_ECLIPSE_CHOICE_3',		'YIELD_FAITH',				10),
		('PLAYER_EVENT_JFD_MISC_SOLAR_ECLIPSE_CHOICE_4',		'YIELD_CULTURE',			10),
		('PLAYER_EVENT_JFD_MISC_SOLAR_ECLIPSE_CHOICE_4',		'YIELD_SCIENCE',			10),
		('PLAYER_EVENT_JFD_MISC_SOLAR_ECLIPSE_CHOICE_5',		'YIELD_GOLDEN_AGE_POINTS',	50),
		('PLAYER_EVENT_JFD_MISC_TECH_BREAKTHROUGH_CHOICE_1',	'YIELD_SCIENCE',			5),
		('PLAYER_EVENT_JFD_MISC_TECH_BREAKTHROUGH_CHOICE_2',	'YIELD_SCIENCE',			20);
--------------------------------------------------------------------------------------------------------------------------
-- EventChoice_FreeGreatWorks
--------------------------------------------------------------------------------------------------------------------------		
INSERT INTO EventChoice_FreeGreatWorks
		(EventChoiceType,										GreatWorkSlot,						UnitType)
VALUES	('PLAYER_EVENT_JFD_MISC_DEATH_ARTIST_CHOICE_3',			'GREAT_WORK_SLOT_ART_ARTIFACT',		'UNIT_ARTIST');
--------------------------------------------------------------------------------------------------------------------------
-- EventChoice_FreeUnitClasses
--------------------------------------------------------------------------------------------------------------------------		
INSERT INTO EventChoice_FreeUnitClasses
		(EventChoiceType,										UnitClassType,				Quantity)
VALUES	('PLAYER_EVENT_JFD_MISC_DESTITUTE_NOBLE_CHOICE_2',		'UNITCLASS_GREAT_GENERAL',	1);
--------------------------------------------------------------------------------------------------------------------------
-- EventChoiceFlavors
--------------------------------------------------------------------------------------------------------------------------		
INSERT INTO EventChoiceFlavors
		(EventChoiceType,										FlavorType,					Flavor)
VALUES	('PLAYER_EVENT_JFD_MISC_DEATH_ARTIST_CHOICE_1',			'FLAVOR_GOLD',				20),
		('PLAYER_EVENT_JFD_MISC_DEATH_ARTIST_CHOICE_2',			'FLAVOR_CULTURE',			20),
		('PLAYER_EVENT_JFD_MISC_DEATH_ARTIST_CHOICE_3',			'FLAVOR_GREAT_PEOPLE',		20),
		('PLAYER_EVENT_JFD_MISC_DESTITUTE_NOBLE_CHOICE_1',		'FLAVOR_HAPPINESS',			20),
		('PLAYER_EVENT_JFD_MISC_DESTITUTE_NOBLE_CHOICE_2',		'FLAVOR_OFFENSE',			20),
		('PLAYER_EVENT_JFD_MISC_DESTITUTE_NOBLE_CHOICE_3',		'FLAVOR_GOLD',				20),
		('PLAYER_EVENT_JFD_MISC_INCOMPETENCE_CHOICE_1',			'FLAVOR_CULTURE',			20),
		('PLAYER_EVENT_JFD_MISC_INCOMPETENCE_CHOICE_2',			'FLAVOR_DIPLOMACY',			20),
		('PLAYER_EVENT_JFD_MISC_INCOMPETENCE_CHOICE_3',			'FLAVOR_OFFENSE',			20),
		('PLAYER_EVENT_JFD_MISC_MERCENARIES_CHOICE_1',			'FLAVOR_HAPPINESS',			20),
		('PLAYER_EVENT_JFD_MISC_SOLAR_ECLIPSE_CHOICE_1',		'FLAVOR_RELIGION',			20),
		('PLAYER_EVENT_JFD_MISC_SOLAR_ECLIPSE_CHOICE_2',		'FLAVOR_SCIENCE',			20),
		('PLAYER_EVENT_JFD_MISC_SOLAR_ECLIPSE_CHOICE_3',		'FLAVOR_CULTURE',			10),
		('PLAYER_EVENT_JFD_MISC_SOLAR_ECLIPSE_CHOICE_3',		'FLAVOR_RELIGION',			10),
		('PLAYER_EVENT_JFD_MISC_SOLAR_ECLIPSE_CHOICE_4',		'FLAVOR_CULTURE',			10),
		('PLAYER_EVENT_JFD_MISC_SOLAR_ECLIPSE_CHOICE_4',		'FLAVOR_SCIENCE',			10),
		('PLAYER_EVENT_JFD_MISC_SOLAR_ECLIPSE_CHOICE_5',		'FLAVOR_HAPPINESS',			20),
		('PLAYER_EVENT_JFD_MISC_TECH_BREAKTHROUGH_CHOICE_1',	'FLAVOR_SCIENCE',			10),
		('PLAYER_EVENT_JFD_MISC_TECH_BREAKTHROUGH_CHOICE_2',	'FLAVOR_SCIENCE',			20);
--------------------------------------------------------------------------------------------------------------------------
-- EventChoice_Notification
--------------------------------------------------------------------------------------------------------------------------		
INSERT INTO EventChoice_Notification
		(EventChoiceType,										NotificationType,					Description,															ShortDescription,													IsWorldEvent)
VALUES	('PLAYER_EVENT_JFD_MISC_DEATH_ARTIST_CHOICE_1',			'NOTIFICATION_EVENT_CHOICE_FIN',	'TXT_KEY_NOTIFICATION_PLAYER_EVENT_JFD_MISC_DEATH_ARTIST_CHOICE_1',		'TXT_KEY_PLAYER_EVENT_JFD_MISC_DEATH_ARTIST_DESCRIPTION',			0),
		('PLAYER_EVENT_JFD_MISC_DEATH_ARTIST_CHOICE_2',			'NOTIFICATION_EVENT_CHOICE_FIN',	'TXT_KEY_NOTIFICATION_PLAYER_EVENT_JFD_MISC_DEATH_ARTIST_CHOICE_2',		'TXT_KEY_PLAYER_EVENT_JFD_MISC_DEATH_ARTIST_DESCRIPTION',			0),
		('PLAYER_EVENT_JFD_MISC_DEATH_ARTIST_CHOICE_3',			'NOTIFICATION_EVENT_CHOICE_FIN',	'TXT_KEY_NOTIFICATION_PLAYER_EVENT_JFD_MISC_DEATH_ARTIST_CHOICE_3',		'TXT_KEY_PLAYER_EVENT_JFD_MISC_DEATH_ARTIST_DESCRIPTION',			0),
		('PLAYER_EVENT_JFD_MISC_DESTITUTE_NOBLE_CHOICE_2',		'NOTIFICATION_EVENT_CHOICE_FIN',	'TXT_KEY_NOTIFICATION_PLAYER_EVENT_JFD_MISC_DESTITUTE_NOBLE_CHOICE_2',	'TXT_KEY_PLAYER_EVENT_JFD_MISC_DESTITUTE_NOBLE_DESCRIPTION',		0),
		('PLAYER_EVENT_JFD_MISC_DESTITUTE_NOBLE_CHOICE_3',		'NOTIFICATION_EVENT_CHOICE_FIN',	'TXT_KEY_NOTIFICATION_PLAYER_EVENT_JFD_MISC_DESTITUTE_NOBLE_CHOICE_3',	'TXT_KEY_PLAYER_EVENT_JFD_MISC_DESTITUTE_NOBLE_DESCRIPTION',		0),
		('PLAYER_EVENT_JFD_MISC_INCOMPETENCE_CHOICE_1',			'NOTIFICATION_EVENT_CHOICE_FIN',	'TXT_KEY_NOTIFICATION_PLAYER_EVENT_JFD_MISC_INCOMPETENCE_CHOICE_1',		'TXT_KEY_PLAYER_EVENT_JFD_MISC_INCOMPETENCE_DESCRIPTION',			0),
		('PLAYER_EVENT_JFD_MISC_INCOMPETENCE_CHOICE_2',			'NOTIFICATION_EVENT_CHOICE_FIN',	'TXT_KEY_NOTIFICATION_PLAYER_EVENT_JFD_MISC_INCOMPETENCE_CHOICE_2',		'TXT_KEY_PLAYER_EVENT_JFD_MISC_INCOMPETENCE_DESCRIPTION',			0),
		('PLAYER_EVENT_JFD_MISC_MERCENARIES_CHOICE_1',			'NOTIFICATION_EVENT_CHOICE_FIN',	'TXT_KEY_NOTIFICATION_PLAYER_EVENT_JFD_MISC_MERCENARIES_CHOICE_1',		'TXT_KEY_PLAYER_EVENT_JFD_MISC_MERCENARIES_DESCRIPTION',			0),
		('PLAYER_EVENT_JFD_MISC_MERCENARIES_CHOICE_2',			'NOTIFICATION_EVENT_CHOICE_FIN',	'TXT_KEY_NOTIFICATION_PLAYER_EVENT_JFD_MISC_MERCENARIES_CHOICE_2',		'TXT_KEY_PLAYER_EVENT_JFD_MISC_MERCENARIES_DESCRIPTION',			0),
		('PLAYER_EVENT_JFD_MISC_MERCENARIES_CHOICE_3',			'NOTIFICATION_EVENT_CHOICE_FIN',	'TXT_KEY_NOTIFICATION_PLAYER_EVENT_JFD_MISC_MERCENARIES_CHOICE_3',		'TXT_KEY_PLAYER_EVENT_JFD_MISC_MERCENARIES_DESCRIPTION',			0),
		('PLAYER_EVENT_JFD_MISC_SOLAR_ECLIPSE_CHOICE_1',		'NOTIFICATION_EVENT_CHOICE_FIN',	'TXT_KEY_NOTIFICATION_PLAYER_EVENT_JFD_MISC_SOLAR_ECLIPSE_CHOICE_1',	'TXT_KEY_PLAYER_EVENT_JFD_MISC_SOLAR_ECLIPSE_DESCRIPTION',			0),
		('PLAYER_EVENT_JFD_MISC_SOLAR_ECLIPSE_CHOICE_2',		'NOTIFICATION_EVENT_CHOICE_FIN',	'TXT_KEY_NOTIFICATION_PLAYER_EVENT_JFD_MISC_SOLAR_ECLIPSE_CHOICE_1',	'TXT_KEY_PLAYER_EVENT_JFD_MISC_SOLAR_ECLIPSE_DESCRIPTION',			0),
		('PLAYER_EVENT_JFD_MISC_SOLAR_ECLIPSE_CHOICE_3',		'NOTIFICATION_EVENT_CHOICE_FIN',	'TXT_KEY_NOTIFICATION_PLAYER_EVENT_JFD_MISC_SOLAR_ECLIPSE_CHOICE_1',	'TXT_KEY_PLAYER_EVENT_JFD_MISC_SOLAR_ECLIPSE_DESCRIPTION',			0),
		('PLAYER_EVENT_JFD_MISC_SOLAR_ECLIPSE_CHOICE_4',		'NOTIFICATION_EVENT_CHOICE_FIN',	'TXT_KEY_NOTIFICATION_PLAYER_EVENT_JFD_MISC_SOLAR_ECLIPSE_CHOICE_1',	'TXT_KEY_PLAYER_EVENT_JFD_MISC_SOLAR_ECLIPSE_DESCRIPTION',			0),
		('PLAYER_EVENT_JFD_MISC_SOLAR_ECLIPSE_CHOICE_5',		'NOTIFICATION_EVENT_CHOICE_FIN',	'TXT_KEY_NOTIFICATION_PLAYER_EVENT_JFD_MISC_SOLAR_ECLIPSE_CHOICE_1',	'TXT_KEY_PLAYER_EVENT_JFD_MISC_SOLAR_ECLIPSE_DESCRIPTION',			0);
--==========================================================================================================================
-- CITY EVENTS
--==========================================================================================================================
-- CityEvents
--------------------------------------------------------------------------------------------------------------------------		
INSERT INTO CityEvents
		(Type,														EventClass,					Description,												Help,														CityEventArt,				CityEventAudio,							CapitalOnly,	NumChoices,	RandomChance,	RandomChanceDelta,	EventCooldown,  IsOneShot,	RequiredBuildingClass,			RequiredEra,		ObsoleteEra)
VALUES	('CITY_EVENT_JFD_MISC_ASSASSINATION',						'EVENT_CLASS_BAD',			'TXT_KEY_CITY_EVENT_JFD_MISC_ASSASSINATION_DESCRIPTION',	'TXT_KEY_CITY_EVENT_JFD_MISC_ASSASSINATION_HELP',			'Event_ShadowyCabal.dds',	'AS2D_EVENT_JFD_GENERIC_EVENT_BAD',		0,				2,			10,				0,					50,				0,			NULL,							NULL,				NULL),
		('CITY_EVENT_JFD_MISC_BEAST',								'EVENT_CLASS_GOOD',			'TXT_KEY_CITY_EVENT_JFD_MISC_BEAST_DESCRIPTION',			'TXT_KEY_CITY_EVENT_JFD_MISC_BEAST_HELP',					'Event_Beast.dds',			'AS2D_EVENT_JFD_BEAST',					0,				3,			10,				0,					50,				0,			NULL,							NULL,				'ERA_RENAISSANCE'),
		('CITY_EVENT_JFD_MISC_BEAST_FAIL',							'EVENT_CLASS_BAD',			NULL,														NULL,														'Event_Beast.dds',			'AS2D_EVENT_JFD_BEAST_FAIL',			0,				1,			20,				2,					30,				0,			NULL,							NULL,				NULL),
		('CITY_EVENT_JFD_MISC_BEAST_KILL',							'EVENT_CLASS_BAD',			NULL,														NULL,														'Event_Beast.dds',			'AS2D_EVENT_JFD_BEAST_KILL',			0,				1,			20,				2,					30,				0,			NULL,							NULL,				NULL),
		('CITY_EVENT_JFD_MISC_BEAST_LEAVES',						'EVENT_CLASS_GOOD',			NULL,														NULL,														'Event_Beast.dds',			'AS2D_EVENT_JFD_FANFARE',				0,				1,			20,				2,					30,				0,			NULL,							NULL,				NULL),
		('CITY_EVENT_JFD_MISC_BEAST_SUCCESS',						'EVENT_CLASS_GOOD',			NULL,														NULL,														'Event_Beast.dds',			'AS2D_EVENT_JFD_FANFARE',				0,				1,			20,				2,					30,				0,			NULL,							NULL,				NULL),
		('CITY_EVENT_JFD_MISC_BEAST_SUIT',							'EVENT_CLASS_GOOD',			NULL,														NULL,														'Event_Beast.dds',			'AS2D_EVENT_JFD_BEAST_SUIT',			0,				1,			20,				2,					30,				0,			NULL,							NULL,				NULL),
		('CITY_EVENT_JFD_MISC_EIFFEL_TOWER',						'EVENT_CLASS_NEUTRAL',		'TXT_KEY_CITY_EVENT_JFD_MISC_EIFFEL_TOWER_DESCRIPTION',		'TXT_KEY_CITY_EVENT_JFD_MISC_EIFFEL_TOWER_DESCRIPTION',		'Event_Eiffel.dds',			'AS2D_EVENT_JFD_GENERIC_EVENT',			0,				3,			10,				5,					30,				1,			'BUILDINGCLASS_EIFFEL_TOWER',	NULL,				NULL),
		('CITY_EVENT_JFD_MISC_HARVEST_BAD',							'EVENT_CLASS_BAD',			NULL,														NULL,														'Event_HarvestBad.dds',		'AS2D_EVENT_JFD_GENERIC_EVENT_BAD_2',	0,				1,			10,				0,					50,				0,			'BUILDINGCLASS_GRANARY',		NULL,				NULL),
		('CITY_EVENT_JFD_MISC_HARVEST_GOOD',						'EVENT_CLASS_GOOD',			NULL,														NULL,														'Event_HarvestGood.dds',	'AS2D_EVENT_JFD_FANFARE',				0,				1,			10,				0,					50,				0,			'BUILDINGCLASS_GRANARY',		NULL,				NULL),
		('CITY_EVENT_JFD_MISC_UPRISING',							'EVENT_CLASS_BAD',			NULL,														NULL,														'Event_Revolt.dds',			'AS2D_EVENT_JFD_GENERIC_EVENT_BAD',		0,				1,			10,				0,					50,				0,			NULL,							'ERA_CLASSICAL',	'ERA_INDUSTRIAL');
--------------------------------------------------------------------------------------------------------------------------
-- CityEvent_ParentEvents
--------------------------------------------------------------------------------------------------------------------------	
INSERT INTO CityEvent_ParentEvents
		(CityEventType,												CityEventChoiceType)
VALUES	('CITY_EVENT_JFD_MISC_ASSASSINATION',						'CITY_EVENT_JFD_MISC_ASSASSINATION_CHOICE_1'),	
		('CITY_EVENT_JFD_MISC_ASSASSINATION',						'CITY_EVENT_JFD_MISC_ASSASSINATION_CHOICE_2'),
		('CITY_EVENT_JFD_MISC_BEAST',								'CITY_EVENT_JFD_MISC_BEAST_CHOICE_1'),	
		('CITY_EVENT_JFD_MISC_BEAST',								'CITY_EVENT_JFD_MISC_BEAST_CHOICE_2'),
		('CITY_EVENT_JFD_MISC_BEAST',								'CITY_EVENT_JFD_MISC_BEAST_CHOICE_3'),
		('CITY_EVENT_JFD_MISC_BEAST_FAIL',							'CITY_EVENT_JFD_MISC_BEAST_FAIL_CHOICE_1'),
		('CITY_EVENT_JFD_MISC_BEAST_KILL',							'CITY_EVENT_JFD_MISC_BEAST_KILL_CHOICE_1'),
		('CITY_EVENT_JFD_MISC_BEAST_LEAVES',						'CITY_EVENT_JFD_MISC_BEAST_LEAVES_CHOICE_1'),
		('CITY_EVENT_JFD_MISC_BEAST_SUCCESS',						'CITY_EVENT_JFD_MISC_BEAST_SUCCESS_CHOICE_1'),
		('CITY_EVENT_JFD_MISC_BEAST_SUIT',							'CITY_EVENT_JFD_MISC_BEAST_SUIT_CHOICE_1'),
		('CITY_EVENT_JFD_MISC_EIFFEL_TOWER',						'CITY_EVENT_JFD_MISC_EIFFEL_TOWER_CHOICE_1'),	
		('CITY_EVENT_JFD_MISC_EIFFEL_TOWER',						'CITY_EVENT_JFD_MISC_EIFFEL_TOWER_CHOICE_2'),
		('CITY_EVENT_JFD_MISC_EIFFEL_TOWER',						'CITY_EVENT_JFD_MISC_EIFFEL_TOWER_CHOICE_3'),
		('CITY_EVENT_JFD_MISC_HARVEST_BAD',							'CITY_EVENT_JFD_MISC_HARVEST_BAD_CHOICE_1'),
		('CITY_EVENT_JFD_MISC_HARVEST_GOOD',						'CITY_EVENT_JFD_MISC_HARVEST_GOOD_CHOICE_1'),
		('CITY_EVENT_JFD_MISC_UPRISING',							'CITY_EVENT_JFD_MISC_UPRISING_CHOICE_1');
--------------------------------------------------------------------------------------------------------------------------
-- CityEventChoices
--------------------------------------------------------------------------------------------------------------------------		
INSERT INTO CityEventChoices
		(Type,														EventChoiceAudio,			RequiredBuildingClass,		EventBuildingClass,						EventBuildingClassDestruction,		ResistanceCounter,	RequiresGarrison,	RandomBarbarianSpawn,	EventChance,	EraScaling,		EventDuration,	Expires,	Description,														Help,														DisabledToolTip)
VALUES	('CITY_EVENT_JFD_MISC_ASSASSINATION_CHOICE_1',				'AS2D_EVENT_CHOICE',		NULL,						NULL,									NULL,								10,					0,					0,						0,				1,				30,				0,			'TXT_KEY_CITY_EVENT_JFD_MISC_ASSASSINATION_DESCRIPTION_CHOICE_1',	'TXT_KEY_CITY_EVENT_JFD_MISC_ASSASSINATION_CHOICE_1_HELP',	NULL),
		('CITY_EVENT_JFD_MISC_ASSASSINATION_CHOICE_2',				'AS2D_EVENT_CHOICE',		NULL,						NULL,									NULL,								0,					0,					0,						0,				1,				50,				0,			'TXT_KEY_CITY_EVENT_JFD_MISC_ASSASSINATION_DESCRIPTION_CHOICE_2',	'TXT_KEY_CITY_EVENT_JFD_MISC_ASSASSINATION_CHOICE_2_HELP',	NULL),
		('CITY_EVENT_JFD_MISC_BEAST_CHOICE_1',						'AS2D_EVENT_CHOICE',		NULL,						NULL,									NULL,								0,					0,					0,						0,				0,				30,				0,			'TXT_KEY_CITY_EVENT_JFD_MISC_BEAST_DESCRIPTION_CHOICE_1',			'TXT_KEY_CITY_EVENT_JFD_MISC_BEAST_CHOICE_1_HELP',			NULL),
		('CITY_EVENT_JFD_MISC_BEAST_CHOICE_2',						'AS2D_EVENT_CHOICE',		NULL,						NULL,									NULL,								0,					1,					0,						0,				1,				50,				0,			'TXT_KEY_CITY_EVENT_JFD_MISC_BEAST_DESCRIPTION_CHOICE_2',			'TXT_KEY_CITY_EVENT_JFD_MISC_BEAST_CHOICE_2_HELP',			NULL),
		('CITY_EVENT_JFD_MISC_BEAST_CHOICE_3',						'AS2D_EVENT_CHOICE',		'BUILDINGCLASS_THEATRE',	NULL,									NULL,								0,					0,					0,						50,				0,				30,				0,			'TXT_KEY_CITY_EVENT_JFD_MISC_BEAST_DESCRIPTION_CHOICE_3',			'TXT_KEY_CITY_EVENT_JFD_MISC_BEAST_CHOICE_3_HELP',			NULL),
		('CITY_EVENT_JFD_MISC_BEAST_FAIL_CHOICE_1',					'AS2D_EVENT_CHOICE',		NULL,						NULL,									NULL,								0,					0,					0,						0,				1,				30,				0,			'TXT_KEY_CITY_EVENT_JFD_MISC_BEAST_FAIL_DESCRIPTION_CHOICE_1',		'TXT_KEY_CITY_EVENT_JFD_MISC_BEAST_FAIL_CHOICE_1_HELP',		NULL),
		('CITY_EVENT_JFD_MISC_BEAST_KILL_CHOICE_1',					'AS2D_EVENT_CHOICE',		NULL,						NULL,									NULL,								0,					0,					0,						0,				1,				30,				0,			'TXT_KEY_CITY_EVENT_JFD_MISC_BEAST_KILL_DESCRIPTION_CHOICE_1',		'TXT_KEY_CITY_EVENT_JFD_MISC_BEAST_KILL_CHOICE_1_HELP',		NULL),
		('CITY_EVENT_JFD_MISC_BEAST_LEAVES_CHOICE_1',				'AS2D_EVENT_CHOICE',		NULL,						NULL,									NULL,								0,					0,					0,						0,				1,				30,				0,			'TXT_KEY_CITY_EVENT_JFD_MISC_BEAST_LEAVES_DESCRIPTION_CHOICE_1',	'TXT_KEY_CITY_EVENT_JFD_MISC_BEAST_LEAVES_CHOICE_1_HELP',	NULL),
		('CITY_EVENT_JFD_MISC_BEAST_SUCCESS_CHOICE_1',				'AS2D_EVENT_CHOICE',		NULL,						NULL,									NULL,								0,					0,					0,						0,				1,				30,				0,			'TXT_KEY_CITY_EVENT_JFD_MISC_BEAST_SUCCESS_DESCRIPTION_CHOICE_1',	'TXT_KEY_CITY_EVENT_JFD_MISC_BEAST_SUCCESS_CHOICE_1_HELP',	NULL),
		('CITY_EVENT_JFD_MISC_BEAST_SUIT_CHOICE_1',					'AS2D_EVENT_CHOICE',		NULL,						NULL,									NULL,								0,					0,					0,						0,				1,				30,				0,			'TXT_KEY_CITY_EVENT_JFD_MISC_BEAST_SUIT_DESCRIPTION_CHOICE_1',		'TXT_KEY_CITY_EVENT_JFD_MISC_BEAST_SUIT_CHOICE_1_HELP',		NULL),
		('CITY_EVENT_JFD_MISC_EIFFEL_TOWER_CHOICE_1',				'AS2D_EVENT_CHOICE',		NULL,						NULL,									NULL,								0,					0,					0,						0,				0,				30,				0,			'TXT_KEY_CITY_EVENT_JFD_MISC_EIFFEL_TOWER_DESCRIPTION_CHOICE_1',	'TXT_KEY_CITY_EVENT_JFD_MISC_EIFFEL_TOWER_CHOICE_1_HELP',	NULL),
		('CITY_EVENT_JFD_MISC_EIFFEL_TOWER_CHOICE_2',				'AS2D_EVENT_CHOICE',		NULL,						'BUILDINGCLASS_BROADCAST_TOWER',		NULL,								0,					0,					0,						0,				0,				30,				0,			'TXT_KEY_CITY_EVENT_JFD_MISC_EIFFEL_TOWER_DESCRIPTION_CHOICE_2',	'TXT_KEY_CITY_EVENT_JFD_MISC_EIFFEL_TOWER_CHOICE_2_HELP',	NULL),
		('CITY_EVENT_JFD_MISC_EIFFEL_TOWER_CHOICE_3',				'AS2D_EVENT_CHOICE',		NULL,						NULL,									'BUILDINGCLASS_EIFFEL_TOWER',		0,					0,					0,						0,				0,				30,				0,			'TXT_KEY_CITY_EVENT_JFD_MISC_EIFFEL_TOWER_DESCRIPTION_CHOICE_3',	'TXT_KEY_CITY_EVENT_JFD_MISC_EIFFEL_TOWER_CHOICE_3_HELP',	NULL),
		('CITY_EVENT_JFD_MISC_HARVEST_BAD_CHOICE_1',				'AS2D_EVENT_CHOICE',		NULL,						NULL,									NULL,								0,					0,					0,						0,				0,				10,				1,			'TXT_KEY_CITY_EVENT_JFD_MISC_HARVEST_BAD_DESCRIPTION_CHOICE_1',		'TXT_KEY_CITY_EVENT_JFD_MISC_HARVEST_BAD_CHOICE_1_HELP',	NULL),
		('CITY_EVENT_JFD_MISC_HARVEST_GOOD_CHOICE_1',				'AS2D_EVENT_CHOICE',		NULL,						NULL,									NULL,								0,					0,					0,						0,				0,				10,				1,			'TXT_KEY_CITY_EVENT_JFD_MISC_HARVEST_GOOD_DESCRIPTION_CHOICE_1',	'TXT_KEY_CITY_EVENT_JFD_MISC_HARVEST_GOOD_CHOICE_1_HELP',	NULL),
		('CITY_EVENT_JFD_MISC_UPRISING_CHOICE_1',					'AS2D_EVENT_CHOICE',		NULL,						NULL,									NULL,								0,					0,					2,						0,				0,				10,				1,			'TXT_KEY_CITY_EVENT_JFD_MISC_UPRISING_DESCRIPTION_CHOICE_1',		'TXT_KEY_CITY_EVENT_JFD_MISC_UPRISING_CHOICE_1_HELP',		NULL);
--------------------------------------------------------------------------------------------------------------------------
-- CityEvent_CityEventLinks
--------------------------------------------------------------------------------------------------------------------------	
INSERT INTO CityEvent_EventLinks
		(CityEventType,												CityEventLinker,									CityEventChoice,						CheckOnlyEventCity,		CheckForActive)
VALUES	('CITY_EVENT_JFD_MISC_BEAST_FAIL',							NULL,												'CITY_EVENT_JFD_MISC_BEAST_CHOICE_2',	1,						1),
		('CITY_EVENT_JFD_MISC_BEAST_FAIL',							'CITY_EVENT_JFD_MISC_BEAST_SUCCESS',				NULL,									1,						0),
		('CITY_EVENT_JFD_MISC_BEAST_FAIL',							'CITY_EVENT_JFD_MISC_BEAST_SUIT',					NULL,									1,						0),
		('CITY_EVENT_JFD_MISC_BEAST_KILL',							NULL,												'CITY_EVENT_JFD_MISC_BEAST_CHOICE_1',	1,						1),
		('CITY_EVENT_JFD_MISC_BEAST_LEAVES',						NULL,												'CITY_EVENT_JFD_MISC_BEAST_CHOICE_1',	1,						1),
		('CITY_EVENT_JFD_MISC_BEAST_SUCCESS',						NULL,												'CITY_EVENT_JFD_MISC_BEAST_CHOICE_2',	1,						1),
		('CITY_EVENT_JFD_MISC_BEAST_SUCCESS',						'CITY_EVENT_JFD_MISC_BEAST_FAIL',					NULL,									1,						0),
		('CITY_EVENT_JFD_MISC_BEAST_SUCCESS',						'CITY_EVENT_JFD_MISC_BEAST_SUIT',					NULL,									1,						0),
		('CITY_EVENT_JFD_MISC_BEAST_SUIT',							NULL,												'CITY_EVENT_JFD_MISC_BEAST_CHOICE_2',	1,						1),
		('CITY_EVENT_JFD_MISC_BEAST_SUIT',							'CITY_EVENT_JFD_MISC_BEAST_FAIL',					NULL,									1,						0),
		('CITY_EVENT_JFD_MISC_BEAST_SUIT',							'CITY_EVENT_JFD_MISC_BEAST_SUCCESS',				NULL,									1,						0),
		('CITY_EVENT_JFD_MISC_HARVEST_BAD',							'CITY_EVENT_JFD_MISC_HARVEST_GOOD',					NULL,									1,						1),
		('CITY_EVENT_JFD_MISC_HARVEST_GOOD',						'CITY_EVENT_JFD_MISC_HARVEST_BAD',					NULL,									1,						1);
--------------------------------------------------------------------------------------------------------------------------
-- CityEventChoice_EventCostYield
--------------------------------------------------------------------------------------------------------------------------	
INSERT INTO CityEventChoice_EventCostYield
		(CityEventChoiceType,										YieldType,					Yield)
VALUES	('CITY_EVENT_JFD_MISC_ASSASSINATION_CHOICE_2',				'YIELD_CULTURE',			25),
		('CITY_EVENT_JFD_MISC_BEAST_FAIL_CHOICE_1',					'YIELD_GOLDEN_AGE_POINTS',	25),
		('CITY_EVENT_JFD_MISC_BEAST_KILL_CHOICE_1',					'YIELD_FOOD',				10),
		('CITY_EVENT_JFD_MISC_EIFFEL_TOWER_CHOICE_2',				'YIELD_GOLD',				250);
--------------------------------------------------------------------------------------------------------------------------
-- CityEventChoice_MinimumStartYield
--------------------------------------------------------------------------------------------------------------------------	
INSERT INTO CityEventChoice_MinimumStartYield
		(CityEventChoiceType,										YieldType,					Yield)
VALUES	('CITY_EVENT_JFD_MISC_ASSASSINATION_CHOICE_2',				'YIELD_CULTURE',			25),
		('CITY_EVENT_JFD_MISC_BEAST_FAIL_CHOICE_1',					'YIELD_GOLDEN_AGE_POINTS',	25),
		('CITY_EVENT_JFD_MISC_EIFFEL_TOWER_CHOICE_2',				'YIELD_GOLD',				250);
--------------------------------------------------------------------------------------------------------------------------
-- CityEventChoice_InstantYield
--------------------------------------------------------------------------------------------------------------------------	
INSERT INTO CityEventChoice_InstantYield
		(CityEventChoiceType,										YieldType,					Yield)
VALUES	('CITY_EVENT_JFD_MISC_ASSASSINATION_CHOICE_2',				'YIELD_GOLDEN_AGE_POINTS',	10),
		('CITY_EVENT_JFD_MISC_BEAST_CHOICE_1',						'YIELD_PRODUCTION',			10),
		('CITY_EVENT_JFD_MISC_BEAST_CHOICE_2',						'YIELD_GOLDEN_AGE_POINTS',	50),
		('CITY_EVENT_JFD_MISC_BEAST_LEAVES_CHOICE_1',				'YIELD_GOLDEN_AGE_POINTS',	25),
		('CITY_EVENT_JFD_MISC_BEAST_SUCCESS_CHOICE_1',				'YIELD_GOLDEN_AGE_POINTS',	25),
		('CITY_EVENT_JFD_MISC_BEAST_SUIT_CHOICE_1',					'YIELD_CULTURE',			20);
--------------------------------------------------------------------------------------------------------------------------
-- CityEventChoice_FreeUnitClasses
--------------------------------------------------------------------------------------------------------------------------	
INSERT INTO CityEventChoice_FreeUnitClasses
		(CityEventChoiceType,										UnitClassType,				Quantity)
VALUES	('CITY_EVENT_JFD_MISC_EIFFEL_TOWER_CHOICE_3',				'UNITCLASS_ARTIST',			3);
--------------------------------------------------------------------------------------------------------------------------
-- CityEventChoice_BuildingClassYieldChange
--------------------------------------------------------------------------------------------------------------------------	
INSERT INTO CityEventChoice_BuildingClassYieldChange
		(CityEventChoiceType,										BuildingClassType,			YieldType,			YieldChange)
VALUES	('CITY_EVENT_JFD_MISC_BEAST_CHOICE_3',						'BUILDINGCLASS_THEATRE',	'YIELD_CULTURE',	1),
		('CITY_EVENT_JFD_MISC_HARVEST_BAD_CHOICE_1',				'BUILDINGCLASS_GRANARY',	'YIELD_FOOD',		-1),
		('CITY_EVENT_JFD_MISC_HARVEST_GOOD_CHOICE_1',				'BUILDINGCLASS_GRANARY',	'YIELD_FOOD',		1);
--------------------------------------------------------------------------------------------------------------------------
-- CityEventChoiceFlavors
--------------------------------------------------------------------------------------------------------------------------		
INSERT INTO CityEventChoiceFlavors
		(CityEventChoiceType,										FlavorType,					Flavor)
VALUES	('CITY_EVENT_JFD_MISC_ASSASSINATION_CHOICE_1',				'FLAVOR_CULTURE',			10),
		('CITY_EVENT_JFD_MISC_ASSASSINATION_CHOICE_2',				'FLAVOR_PRODUCTION',		10),
		('CITY_EVENT_JFD_MISC_BEAST_CHOICE_1',						'FLAVOR_PRODUCTION',		10),
		('CITY_EVENT_JFD_MISC_BEAST_CHOICE_2',						'FLAVOR_HAPPINESS',			20),
		('CITY_EVENT_JFD_MISC_BEAST_CHOICE_3',						'FLAVOR_CULTURE',			10),
		('CITY_EVENT_JFD_MISC_EIFFEL_TOWER_CHOICE_2',				'FLAVOR_GREAT_PEOPLE',		20),
		('CITY_EVENT_JFD_MISC_EIFFEL_TOWER_CHOICE_3',				'FLAVOR_CULTURE',			20);
--------------------------------------------------------------------------------------------------------------------------
-- CityEventChoice_Notification
--------------------------------------------------------------------------------------------------------------------------		
INSERT INTO CityEventChoice_Notification
		(CityEventChoiceType,										NotificationType,						Description,																ShortDescription,												IsWorldEvent,	NeedCityCoordinates)
VALUES	('CITY_EVENT_JFD_MISC_ASSASSINATION_CHOICE_1',				'NOTIFICATION_EVENT_CHOICE_CITY_FIN',	'TXT_KEY_NOTIFICATION_CITY_EVENT_JFD_MISC_ASSASSINATION_CHOICE_1',			'TXT_KEY_CITY_EVENT_JFD_MISC_ASSASSINATION_DESCRIPTION',		0,				1),
		('CITY_EVENT_JFD_MISC_ASSASSINATION_CHOICE_2',				'NOTIFICATION_EVENT_CHOICE_CITY_FIN',	'TXT_KEY_NOTIFICATION_CITY_EVENT_JFD_MISC_ASSASSINATION_CHOICE_2',			'TXT_KEY_CITY_EVENT_JFD_MISC_ASSASSINATION_DESCRIPTION',		0,				1),
		('CITY_EVENT_JFD_MISC_BEAST_CHOICE_1',						'NOTIFICATION_EVENT_CHOICE_CITY_FIN',	'TXT_KEY_NOTIFICATION_CITY_EVENT_JFD_MISC_BEAST_CHOICE_1',					'TXT_KEY_CITY_EVENT_JFD_MISC_BEAST_DESCRIPTION',				0,				1),
		('CITY_EVENT_JFD_MISC_BEAST_CHOICE_2',						'NOTIFICATION_EVENT_CHOICE_CITY_FIN',	'TXT_KEY_NOTIFICATION_CITY_EVENT_JFD_MISC_BEAST_CHOICE_2',					'TXT_KEY_CITY_EVENT_JFD_MISC_BEAST_DESCRIPTION',				0,				1),
		('CITY_EVENT_JFD_MISC_EIFFEL_TOWER_CHOICE_1',				'NOTIFICATION_EVENT_CHOICE_CITY_FIN',	'TXT_KEY_NOTIFICATION_CITY_EVENT_JFD_MISC_EIFFEL_TOWER_CHOICE_1',			'TXT_KEY_CITY_EVENT_JFD_MISC_EIFFEL_TOWER_DESCRIPTION',			0,				1),
		('CITY_EVENT_JFD_MISC_EIFFEL_TOWER_CHOICE_2',				'NOTIFICATION_EVENT_CHOICE_CITY_FIN',	'TXT_KEY_NOTIFICATION_CITY_EVENT_JFD_MISC_EIFFEL_TOWER_CHOICE_2',			'TXT_KEY_CITY_EVENT_JFD_MISC_EIFFEL_TOWER_DESCRIPTION',			0,				1),
		('CITY_EVENT_JFD_MISC_EIFFEL_TOWER_CHOICE_3',				'NOTIFICATION_EVENT_CHOICE_CITY_FIN',	'TXT_KEY_NOTIFICATION_CITY_EVENT_JFD_MISC_EIFFEL_TOWER_CHOICE_3',			'TXT_KEY_CITY_EVENT_JFD_MISC_EIFFEL_TOWER_DESCRIPTION',			0,				1);
--------------------------------------------------------------------------------------------------------------------------
-- CityEventChoice_WorldEvents
--------------------------------------------------------------------------------------------------------------------------		
INSERT INTO CityEventChoice_WorldEvents
		(CityEventChoiceType,										Description)
VALUES	('CITY_EVENT_JFD_MISC_EIFFEL_TOWER_CHOICE_1',				'TXT_KEY_WORLD_CITY_EVENT_JFD_EIFFEL_TOWER_1'),
		('CITY_EVENT_JFD_MISC_EIFFEL_TOWER_CHOICE_2',				'TXT_KEY_WORLD_CITY_EVENT_JFD_EIFFEL_TOWER_1'),
		('CITY_EVENT_JFD_MISC_EIFFEL_TOWER_CHOICE_3',				'TXT_KEY_WORLD_CITY_EVENT_JFD_EIFFEL_TOWER_3');
--==========================================================================================================================
--==========================================================================================================================
