--==========================================================================================================================	
-- AUDIO
--==========================================================================================================================			
-- Audio_Sounds
--------------------------------------------------------------------------------------------------------------------------	
INSERT INTO Audio_Sounds
		(SoundID, 									FileName, 						LoadType)
VALUES	('SND_JFD_SECULARIZATION', 					'Secularization', 				'DynamicResident'),
		--Buildings
		('SND_BUILDING_JFD_ALTAR', 					'Altar',						'DynamicResident'),
		('SND_BUILDING_JFD_CHURCH', 				'Church',						'DynamicResident'),
		('SND_BUILDING_JFD_DAOGUAN', 				'Doaguan',						'DynamicResident'),
		('SND_BUILDING_JFD_GRAND_INQUISITION', 		'GrandInquisition',				'DynamicResident'),
		('SND_BUILDING_JFD_GURDWARA', 				'Gurdwara',						'DynamicResident'),
		('SND_BUILDING_JFD_MANDIR', 				'Mandir',						'DynamicResident'),
		('SND_BUILDING_JFD_SPANISH_INQUISITION', 	'SpanishInquisition',			'DynamicResident'),
		('SND_BUILDING_JFD_SYNAGOGUE', 				'Synagogue',					'DynamicResident'),
		('SND_BUILDING_JFD_TORII', 					'Torii',						'DynamicResident'),
		--Contracts
		('SND_CONTRACT_BUDDHISM_ACTIVATE', 			'BuddistMissActivate', 			'DynamicResident'),
		('SND_CONTRACT_CATHOLICISM_ACTIVATE', 		'ChristMissionaryActivate', 	'DynamicResident'),
		('SND_CONTRACT_CONFUCIANISM_ACTIVATE', 		'ConfucianMissActivate', 		'DynamicResident'),
		('SND_CONTRACT_HINDUISM_ACTIVATE', 			'HinduMissActivate', 			'DynamicResident'),
		('SND_CONTRACT_ISLAM_ACTIVATE', 			'IslamicMissActivate', 			'DynamicResident'),
		('SND_CONTRACT_JUDAISM_ACTIVATE', 			'JewishMissActivate', 			'DynamicResident'),
		('SND_CONTRACT_TAOISM_ACTIVATE', 			'TaoistMissActivate', 			'DynamicResident'),
		('SND_CONTRACT_ZOROASTRIANISM_ACTIVATE', 	'ZoroMissActivate', 			'DynamicResident'),
		--Generic
		('SND_CITY_CONVERTS_RELIGION', 				'ReligionConvert', 				'DynamicResident'),
		('SND_UNIT_GREAT_PROPHET_ACTIVATE', 		'GreatProphetActivate', 		'DynamicResident'),
		('SND_GREAT_WORK_JFD_RELIC', 				'JFD_PatriarchyFX', 			'DynamicResident'),
		--Institutions
		('SND_INSTITUTION_JFD_CALIPHATE', 			'JFD_CaliphateFX', 				'DynamicResident'),
		('SND_INSTITUTION_JFD_PAPACY', 				'JFD_PapacyFX', 				'DynamicResident'),
		('SND_INSTITUTION_JFD_MANDATE', 			'JFD_MandateOfHeavenFX', 		'DynamicResident'),
		--Religions	
		('SND_JFD_AMATONGO', 						'JFD_Amatongo', 				'DynamicResident'),
		('SND_JFD_ANDEAN', 							'JFD_Andean', 					'DynamicResident'),
		('SND_JFD_ANGAKKUQISM', 					'JFD_Angakkuqism', 				'DynamicResident'),
		('SND_JFD_ANGLICANISM', 					'JFD_Anglicanism', 				'DynamicResident'),
		('SND_JFD_ATENISM', 						'JFD_Atenism', 					'DynamicResident'),
		('SND_JFD_BAHAI', 							'JFD_Bahai', 					'DynamicResident'),
		('SND_JFD_BOGOMILISM', 						'JFD_Bogomilism', 				'DynamicResident'),
		('SND_JFD_BUDDHISM', 						'JFD_Buddhism', 				'DynamicResident'),
		('SND_JFD_CALVINISM', 						'JFD_Calvinism', 				'DynamicResident'),
		('SND_JFD_CANAANISM', 						'JFD_Canaanism', 				'DynamicResident'),
		('SND_JFD_CATHARISM', 						'JFD_Cathar', 					'DynamicResident'),
		('SND_JFD_CATHOLICISM', 					'JFD_Catholicism', 				'DynamicResident'),
		('SND_JFD_CONFUCIANISM', 					'JFD_Confucianism', 			'DynamicResident'),
		('SND_JFD_CHURCH_OF_THE_EAST', 				'JFD_ChurchOfTheEast', 			'DynamicResident'),
		('SND_JFD_DIONYSIANISM', 					'JFD_Dionysianism', 			'DynamicResident'),
		('SND_JFD_DRUIDISM', 						'JFD_Druidism', 				'DynamicResident'),
		('SND_JFD_DRUZE', 							'JFD_Druze', 					'DynamicResident'),
		('SND_JFD_FAT_ROOG', 						'JFD_Fat_Roog', 				'DynamicResident'),
		('SND_JFD_FORN_SIDR', 						'JFD_Forn_Sidr', 				'DynamicResident'),
		('SND_JFD_HELLENISM', 						'JFD_Hellenism', 				'DynamicResident'),
		('SND_JFD_HINDUISM', 						'JFD_Hinduism', 				'DynamicResident'),
		('SND_JFD_HUSITISM', 						'JFD_Hussite', 					'DynamicResident'),
		('SND_JFD_IBADI', 							'JFD_Ibadi', 					'DynamicResident'),
		('SND_JFD_ITAN', 							'JFD_Itan', 					'DynamicResident'),
		('SND_JFD_JAINISM', 						'JFD_Jainism', 					'DynamicResident'),
		('SND_JFD_JUDAISM', 						'JFD_Judaism', 					'DynamicResident'),
		('SND_JFD_LUTHERISM', 						'JFD_Lutherism', 				'DynamicResident'),
		('SND_JFD_MAHAYANA', 						'JFD_Mahayana', 				'DynamicResident'),
		('SND_JFD_MANAISM', 						'JFD_Manaism', 					'DynamicResident'),
		('SND_JFD_MANDEANISM', 						'JFD_Mandeanism', 				'DynamicResident'),
		('SND_JFD_MESOPOTAMIC', 					'JFD_Mesopotamic', 				'DynamicResident'),
		('SND_JFD_MIDEWIWIN', 						'JFD_Midewiwin', 				'DynamicResident'),
		('SND_JFD_MORMONISM', 						'JFD_Mormonism', 				'DynamicResident'),
		('SND_JFD_MUISM', 							'JFD_Muism', 					'DynamicResident'),
		('SND_JFD_NATIVE_AMERICAN', 				'JFD_NativeAmerican', 			'DynamicResident'),
		('SND_JFD_NZAMBIISM', 						'JFD_Nzambiism', 				'DynamicResident'),
		('SND_JFD_ORTHODOXY', 						'JFD_Orthodoxy', 				'DynamicResident'),
		('SND_JFD_PACHISM', 						'JFD_Pachism', 					'DynamicResident'),
		('SND_JFD_PAJELANCA', 						'JFD_Pajelanca', 				'DynamicResident'),
		('SND_JFD_PESEDJET', 						'JFD_Pesedjet', 				'DynamicResident'),
		('SND_JFD_ROMUVA', 							'JFD_Romuva', 					'DynamicResident'),
		('SND_JFD_SAMAN', 							'JFD_Saman', 					'DynamicResident'),
		('SND_JFD_SATSANA_PHI', 					'JFD_SatsanaPhi', 				'DynamicResident'),
		('SND_JFD_SHIA', 							'JFD_Shia', 					'DynamicResident'),
		('SND_JFD_SHINTO', 							'JFD_Shinto', 					'DynamicResident'),
		('SND_JFD_SIKHISM', 						'JFD_Sikhism', 					'DynamicResident'),
		('SND_JFD_SLAVIANISM', 						'JFD_Slavanism', 				'DynamicResident'),
		('SND_JFD_SUNNI', 							'JFD_Sunni', 					'DynamicResident'),
		('SND_JFD_TAOISM', 							'JFD_Taoism', 					'DynamicResident'),
		('SND_JFD_TENGRIISM', 						'JFD_Tengriism', 				'DynamicResident'),
		('SND_JFD_TJUKURPA', 						'JFD_Tjukurpa', 				'DynamicResident'),
		('SND_JFD_TLATEOMATILIZTLI', 				'JFD_Tlatoematiliztli', 		'DynamicResident'),
		('SND_JFD_TZOLKIN', 						'JFD_Tzolkin', 					'DynamicResident'),
		('SND_JFD_VAJRAYANA', 						'JFD_Vajrayana', 				'DynamicResident'),
		('SND_JFD_VOODOO', 							'JFD_Voodoo', 					'DynamicResident'),
		('SND_JFD_WILRAN_MAPU', 					'JFD_WilranMapu', 				'DynamicResident'),
		('SND_JFD_ZOROASTRIANISM', 					'JFD_Zoroastrianism', 			'DynamicResident'),
		('SND_JFD_YAZDANISM', 						'JFD_Yazdanism', 				'DynamicResident'),
		('SND_WONDER_SPEECH_JFD_ABU_SIMBEL', 		'Wonder_AbuSimbel',				'DynamicResident'),
		('SND_WONDER_SPEECH_JFD_BUDDHAS_BAMIYAN', 	'Wonder_BuddhaBamiyan',			'DynamicResident'),
		('SND_WONDER_SPEECH_JFD_COLOGNE', 			'Wonder_Cologne',				'DynamicResident'),
		('SND_WONDER_SPEECH_JFD_DOME_ROCK', 		'Wonder_DomeRock',				'DynamicResident'),
		('SND_WONDER_SPEECH_JFD_PANTHEON', 			'Wonder_Pantheon',				'DynamicResident'),
		('SND_WONDER_SPEECH_JFD_SOLOMON_TEMPLE', 	'Wonder_Solomon',				'DynamicResident'),
		('SND_WONDER_SPEECH_JFD_TODAI', 			'Wonder_Todai',					'DynamicResident'),
		('SND_WONDER_SPEECH_JFD_TEMPLE_HEAVEN', 	'Wonder_TempleHeaven',			'DynamicResident');
--------------------------------------------------------------------------------------------------------------------------
-- Audio_2DSounds
--------------------------------------------------------------------------------------------------------------------------	
INSERT INTO Audio_2DSounds
		(ScriptID, 									SoundID, 									DontTriggerDuplicates,	TaperSoundtrackVolume,	MinVolume,	MaxVolume,	SoundType)
VALUES	('AS2D_JFD_SECULARIZATION', 				'SND_JFD_SECULARIZATION', 					1,						0.0,					75,			75,			'GAME_SFX'),
		--Buildings
		('AS2D_BUILDING_JFD_ALTAR', 				'SND_BUILDING_JFD_ALTAR', 					1,						0.0,					75,			75,			'GAME_SFX'),
		('AS2D_BUILDING_JFD_CHURCH', 				'SND_BUILDING_JFD_CHURCH', 					1,						0.0,					75,			75,			'GAME_SFX'),
		('AS2D_BUILDING_JFD_DAOGUAN', 				'SND_BUILDING_JFD_DAOGUAN', 				1,						0.0,					75,			75,			'GAME_SFX'),
		('AS2D_BUILDING_JFD_GRAND_INQUISITION',		'SND_BUILDING_JFD_GRAND_INQUISITION',		1,						0.0	,					75,			75,			'GAME_SFX'),
		('AS2D_BUILDING_JFD_GURDWARA', 				'SND_BUILDING_JFD_GURDWARA', 				1,						0.0,					75,			75,			'GAME_SFX'),
		('AS2D_BUILDING_JFD_MANDIR', 				'SND_BUILDING_JFD_MANDIR', 					1,						0.0,					75,			75,			'GAME_SFX'),
		('AS2D_BUILDING_JFD_SPANISH_INQUISITION',	'SND_BUILDING_JFD_SPANISH_INQUISITION',		1,						0.0	,					75,			75,			'GAME_SFX'),
		('AS2D_BUILDING_JFD_SYNAGOGUE', 			'SND_BUILDING_JFD_SYNAGOGUE', 				1,						0.0,					75,			75,			'GAME_SFX'),
		('AS2D_BUILDING_JFD_TORII', 				'SND_BUILDING_JFD_TORII', 					1,						0.0,					75,			75,			'GAME_SFX'),
		--Contracts
		('AS2D_CONTRACT_BUDDHISM_ACTIVATE', 		'SND_CONTRACT_BUDDHISM_ACTIVATE', 			1,						0.0,					75,			75,			'GAME_SFX'),
		('AS2D_CONTRACT_CATHOLICISM_ACTIVATE', 		'SND_CONTRACT_CATHOLICISM_ACTIVATE', 		1,						0.0,					75,			75,			'GAME_SFX'),
		('AS2D_CONTRACT_CONFUCIANISM_ACTIVATE', 	'SND_CONTRACT_CONFUCIANISM_ACTIVATE', 		1,						0.0,					75,			75,			'GAME_SFX'),
		('AS2D_CONTRACT_HINDUISM_ACTIVATE', 		'SND_CONTRACT_HINDUISM_ACTIVATE', 			1,						0.0,					75,			75,			'GAME_SFX'),
		('AS2D_CONTRACT_ISLAM_ACTIVATE', 			'SND_CONTRACT_ISLAM_ACTIVATE', 				1,						0.0,					75,			75,			'GAME_SFX'),
		('AS2D_CONTRACT_JUDAISM_ACTIVATE', 			'SND_CONTRACT_JUDAISM_ACTIVATE', 			1,						0.0,					75,			75,			'GAME_SFX'),
		('AS2D_CONTRACT_TAOISM_ACTIVATE', 			'SND_CONTRACT_TAOISM_ACTIVATE', 			1,						0.0,					75,			75,			'GAME_SFX'),
		('AS2D_CONTRACT_ZOROASTRIANISM_ACTIVATE', 	'SND_CONTRACT_ZOROASTRIANISM_ACTIVATE', 	1,						0.0,					75,			75,			'GAME_SFX'),
		--Generic                                   -Generic
		('AS2D_CITY_CONVERTS_RELIGION', 			'SND_CITY_CONVERTS_RELIGION', 				1,						0.0,					75,			75,			'GAME_SFX'),
		('AS2D_GREAT_WORK_JFD_RELIC', 				'SND_GREAT_WORK_JFD_RELIC', 				1,						0.0,					75,			75,			'GAME_SFX'),
		('AS2D_UNIT_GREAT_PROPHET_ACTIVATE', 		'SND_UNIT_GREAT_PROPHET_ACTIVATE', 			1,						0.0,					75,			75,			'GAME_SFX'),
		--Institutions                              -Institutions
		('AS2D_INSTITUTION_JFD_CALIPHATE', 			'SND_INSTITUTION_JFD_CALIPHATE', 			1,						0.0,					75,			75,			'GAME_SFX'),
		('AS2D_INSTITUTION_JFD_PAPACY', 			'SND_INSTITUTION_JFD_PAPACY', 				1,						0.0,					75,			75,			'GAME_SFX'),
		('AS2D_INSTITUTION_JFD_MANDATE', 			'SND_INSTITUTION_JFD_MANDATE', 				1,						0.0,					75,			75,			'GAME_SFX'),
		--Religions	                                -Religions	
		('AS2D_JFD_AMATONGO', 						'SND_JFD_AMATONGO', 						1,						0.0,					75,			75,			'GAME_SFX'),
		('AS2D_JFD_ANDEAN', 						'SND_JFD_ANDEAN', 							1,						0.0,					75,			75,			'GAME_SFX'),
		('AS2D_JFD_ANGAKKUQISM', 					'SND_JFD_ANGAKKUQISM', 						1,						0.0,					75,			75,			'GAME_SFX'),
		('AS2D_JFD_ANGLICANISM', 					'SND_JFD_ANGLICANISM', 						1,						0.0,					75,			75,			'GAME_SFX'),
		('AS2D_JFD_ATENISM', 						'SND_JFD_ATENISM', 							1,						0.0,					75,			75,			'GAME_SFX'),
		('AS2D_JFD_BAHAI', 							'SND_JFD_BAHAI', 							1,						0.0,					75,			75,			'GAME_SFX'),
		('AS2D_JFD_BOGOMILISM', 					'SND_JFD_BOGOMILISM', 						1,						0.0,					75,			75,			'GAME_SFX'),
		('AS2D_JFD_BUDDHISM', 						'SND_JFD_BUDDHISM', 						1,						0.0,					75,			75,			'GAME_SFX'),
		('AS2D_JFD_CALVINISM', 						'SND_JFD_CALVINISM', 						1,						0.0,					75,			75,			'GAME_SFX'),
		('AS2D_JFD_CANAANISM', 						'SND_JFD_CANAANISM', 						1,						0.0,					75,			75,			'GAME_SFX'),
		('AS2D_JFD_CATHARISM', 						'SND_JFD_CATHARISM', 						1,						0.0,					75,			75,			'GAME_SFX'),
		('AS2D_JFD_CATHOLICISM', 					'SND_JFD_CATHOLICISM', 						1,						0.0,					75,			75,			'GAME_SFX'),
		('AS2D_JFD_CONFUCIANISM', 					'SND_JFD_CONFUCIANISM', 					1,						0.0,					75,			75,			'GAME_SFX'),
		('AS2D_JFD_CHURCH_OF_THE_EAST', 			'SND_JFD_CHURCH_OF_THE_EAST', 				1,						0.0,					75,			75,			'GAME_SFX'),
		('AS2D_JFD_DIONYSIANISM', 					'SND_JFD_DIONYSIANISM', 					1,						0.0,					75,			75,			'GAME_SFX'),
		('AS2D_JFD_DRUIDISM', 						'SND_JFD_DRUIDISM', 						1,						0.0,					75,			75,			'GAME_SFX'),
		('AS2D_JFD_DRUZE', 							'SND_JFD_DRUZE', 							1,						0.0,					75,			75,			'GAME_SFX'),
		('AS2D_JFD_FAT_ROOG', 						'SND_JFD_FAT_ROOG', 						1,						0.0,					75,			75,			'GAME_SFX'),
		('AS2D_JFD_FORN_SIDR', 						'SND_JFD_FORN_SIDR', 						1,						0.0,					75,			75,			'GAME_SFX'),
		('AS2D_JFD_HELLENISM', 						'SND_JFD_HELLENISM', 						1,						0.0,					75,			75,			'GAME_SFX'),
		('AS2D_JFD_HINDUISM', 						'SND_JFD_HINDUISM', 						1,						0.0,					75,			75,			'GAME_SFX'),
		('AS2D_JFD_HUSITISM', 						'SND_JFD_HUSITISM', 						1,						0.0,					75,			75,			'GAME_SFX'),
		('AS2D_JFD_IBADI', 							'SND_JFD_IBADI', 							1,						0.0,					75,			75,			'GAME_SFX'),
		('AS2D_JFD_ITAN', 							'SND_JFD_ITAN', 							1,						0.0,					75,			75,			'GAME_SFX'),
		('AS2D_JFD_JAINISM', 						'SND_JFD_JAINISM', 							1,						0.0,					75,			75,			'GAME_SFX'),
		('AS2D_JFD_JUDAISM', 						'SND_JFD_JUDAISM', 							1,						0.0,					75,			75,			'GAME_SFX'),
		('AS2D_JFD_LUTHERISM', 						'SND_JFD_LUTHERISM', 						1,						0.0,					75,			75,			'GAME_SFX'),
		('AS2D_JFD_MAHAYANA', 						'SND_JFD_MAHAYANA', 						1,						0.0,					75,			75,			'GAME_SFX'),
		('AS2D_JFD_MANAISM', 						'SND_JFD_MANAISM', 							1,						0.0,					75,			75,			'GAME_SFX'),
		('AS2D_JFD_MANDEANISM', 					'SND_JFD_MANDEANISM', 						1,						0.0,					75,			75,			'GAME_SFX'),
		('AS2D_JFD_MESOPOTAMIC', 					'SND_JFD_MESOPOTAMIC', 						1,						0.0,					75,			75,			'GAME_SFX'),
		('AS2D_JFD_MIDEWIWIN', 						'SND_JFD_MIDEWIWIN', 						1,						0.0,					75,			75,			'GAME_SFX'),
		('AS2D_JFD_MORMONISM', 						'SND_JFD_MORMONISM', 						1,						0.0,					75,			75,			'GAME_SFX'),
		('AS2D_JFD_MUISM', 							'SND_JFD_MUISM', 							1,						0.0,					75,			75,			'GAME_SFX'),
		('AS2D_JFD_NATIVE_AMERICAN', 				'SND_JFD_NATIVE_AMERICAN', 					1,						0.0,					75,			75,			'GAME_SFX'),
		('AS2D_JFD_NZAMBIISM', 						'SND_JFD_NZAMBIISM', 						1,						0.0,					75,			75,			'GAME_SFX'),
		('AS2D_JFD_ORTHODOXY', 						'SND_JFD_ORTHODOXY', 						1,						0.0,					75,			75,			'GAME_SFX'),
		('AS2D_JFD_PACHISM', 						'SND_JFD_PACHISM', 							1,						0.0,					75,			75,			'GAME_SFX'),
		('AS2D_JFD_PAJELANCA', 						'SND_JFD_PAJELANCA', 						1,						0.0,					75,			75,			'GAME_SFX'),
		('AS2D_JFD_PESEDJET', 						'SND_JFD_PESEDJET', 						1,						0.0,					75,			75,			'GAME_SFX'),
		('AS2D_JFD_ROMUVA', 						'SND_JFD_ROMUVA', 							1,						0.0,					75,			75,			'GAME_SFX'),
		('AS2D_JFD_SAMAN', 							'SND_JFD_SAMAN', 							1,						0.0,					75,			75,			'GAME_SFX'),
		('AS2D_JFD_SATANISM', 						'SND_JFD_SATANISM', 						1,						0.0,					75,			75,			'GAME_SFX'),
		('AS2D_JFD_SATSANA_PHI', 					'SND_JFD_SATSANA_PHI', 						1,						0.0,					75,			75,			'GAME_SFX'),
		('AS2D_JFD_SHIA', 							'SND_JFD_SHIA', 							1,						0.0,					75,			75,			'GAME_SFX'),
		('AS2D_JFD_SHINTO', 						'SND_JFD_SHINTO', 							1,						0.0,					75,			75,			'GAME_SFX'),
		('AS2D_JFD_SIKHISM', 						'SND_JFD_SIKHISM', 							1,						0.0,					75,			75,			'GAME_SFX'),
		('AS2D_JFD_SLAVIANISM', 					'SND_JFD_SLAVIANISM', 						1,						0.0,					75,			75,			'GAME_SFX'),
		('AS2D_JFD_SUNNI', 							'SND_JFD_SUNNI', 							1,						0.0,					75,			75,			'GAME_SFX'),
		('AS2D_JFD_TAOISM', 						'SND_JFD_TAOISM', 							1,						0.0,					75,			75,			'GAME_SFX'),
		('AS2D_JFD_TENGRIISM', 						'SND_JFD_TENGRIISM', 						1,						0.0,					60,			60,			'GAME_SFX'),
		('AS2D_JFD_TJUKURPA', 						'SND_JFD_TJUKURPA', 						1,						0.0,					75,			75,			'GAME_SFX'),
		('AS2D_JFD_TLATEOMATILIZTLI', 				'SND_JFD_TLATEOMATILIZTLI', 				1,						0.0,					75,			75,			'GAME_SFX'),
		('AS2D_JFD_TZOLKIN', 						'SND_JFD_TZOLKIN', 							1,						0.0,					75,			75,			'GAME_SFX'),
		('AS2D_JFD_WILRAN_MAPU', 					'SND_JFD_WILRAN_MAPU', 						1,						0.0,					75,			75,			'GAME_SFX'),
		('AS2D_JFD_VAJRAYANA', 						'SND_JFD_VAJRAYANA', 						1,						0.0,					75,			75,			'GAME_SFX'),
		('AS2D_JFD_VOODOO', 						'SND_JFD_VOODOO', 							1,						0.0,					75,			75,			'GAME_SFX'),
		('AS2D_JFD_ZOROASTRIANISM', 				'SND_JFD_ZOROASTRIANISM', 					1,						0.0,					75,			75,			'GAME_SFX'),
		('AS2D_JFD_YAZDANISM', 						'SND_JFD_YAZDANISM', 						1,						0.0,					75,			75,			'GAME_SFX'),
		--Wonders
		('AS2D_WONDER_SPEECH_JFD_ABU_SIMBEL', 		'SND_WONDER_SPEECH_JFD_ABU_SIMBEL', 		1,						0.0,					75,			75,			'GAME_MUSIC_STINGS'),
		('AS2D_WONDER_SPEECH_JFD_BUDDHAS_BAMIYAN', 	'SND_WONDER_SPEECH_JFD_BUDDHAS_BAMIYAN', 	1,						0.0,					75,			75,			'GAME_MUSIC_STINGS'),
		('AS2D_WONDER_SPEECH_JFD_COLOGNE', 			'SND_WONDER_SPEECH_JFD_COLOGNE', 			1,						0.0,					75,			75,			'GAME_MUSIC_STINGS'),
		('AS2D_WONDER_SPEECH_JFD_DOME_ROCK', 		'SND_WONDER_SPEECH_JFD_DOME_ROCK', 			1,						0.0,					75,			75,			'GAME_MUSIC_STINGS'),
		('AS2D_WONDER_SPEECH_JFD_PANTHEON', 		'SND_WONDER_SPEECH_JFD_PANTHEON', 			1,						0.0,					75,			75,			'GAME_MUSIC_STINGS'),
		('AS2D_WONDER_SPEECH_JFD_SOLOMON_TEMPLE', 	'SND_WONDER_SPEECH_JFD_SOLOMON_TEMPLE', 	1,						0.0,					75,			75,			'GAME_MUSIC_STINGS'),
		('AS2D_WONDER_SPEECH_JFD_TODAI', 			'SND_WONDER_SPEECH_JFD_TODAI', 				1,						0.0,					75,			75,			'GAME_MUSIC_STINGS'),
		('AS2D_WONDER_SPEECH_JFD_TEMPLE_HEAVEN', 	'SND_WONDER_SPEECH_JFD_TEMPLE_HEAVEN', 		1,						0.0,					75,			75,			'GAME_MUSIC_STINGS');
--==========================================================================================================================	
-- COLOURS
--==========================================================================================================================			
-- Colors
--------------------------------------------------------------------------------------------------------------------------	
INSERT INTO Colors 
		(Type, 										Red, 		Green, 		Blue, 	Alpha)
VALUES	('COLOR_JFD_PIETY', 						0.960, 		0.458, 		0, 		1),
		('COLOR_JFD_PIETY_DEVOUT', 					1, 			0.474, 		0, 		1),
		('COLOR_JFD_PIETY_VIRTUOUS', 				0.860, 		0.435, 		0, 		1),
		('COLOR_JFD_PIETY_NEUTRAL', 				0.741, 		0.349, 		0,		1),
		('COLOR_JFD_PIETY_POOR', 					0.627, 		0.290, 		0, 		1),
		('COLOR_JFD_PIETY_HERETICAL', 				0.521, 		0.247, 		0, 		1);
--==========================================================================================================================
-- ICON ATLASES
--==========================================================================================================================
-- IconTextureAtlases
--------------------------------------------------------------------------------------------------------------------------	
INSERT INTO IconTextureAtlases 
		(Atlas, 									IconSize, 	Filename, 													IconsPerRow, 	IconsPerColumn)
VALUES	('JFD_PIETY_BELIEF_ATLAS', 					256, 		'JFD_PietyBeliefAtlas_256.dds',								4, 				2),
		('JFD_PIETY_BELIEF_ATLAS', 					128, 		'JFD_PietyBeliefAtlas_128.dds',								4, 				2),
		('JFD_PIETY_BELIEF_ATLAS', 					80, 		'JFD_PietyBeliefAtlas_80.dds',								4, 				2),
		('JFD_PIETY_BELIEF_ATLAS', 					64, 		'JFD_PietyBeliefAtlas_64.dds',								4, 				2),
		('JFD_PIETY_BELIEF_ATLAS', 					45, 		'JFD_PietyBeliefAtlas_45.dds',								4, 				2),
		('JFD_PIETY_BUILDING_ATLAS', 				256, 		'JFD_PietyBuildingAtlas_256.dds',							3, 				2),
		('JFD_PIETY_BUILDING_ATLAS', 				128, 		'JFD_PietyBuildingAtlas_128.dds',							3, 				2),
		('JFD_PIETY_BUILDING_ATLAS', 				80, 		'JFD_PietyBuildingAtlas_80.dds',							3, 				2),
		('JFD_PIETY_BUILDING_ATLAS', 				64, 		'JFD_PietyBuildingAtlas_64.dds',							3, 				2),
		('JFD_PIETY_BUILDING_ATLAS', 				45, 		'JFD_PietyBuildingAtlas_45.dds',							3, 				2),
		('JFD_PIETY_PROCESS_ATLAS', 				256, 		'JFD_PietyProcessAtlas_256.dds',							1, 				1),
		('JFD_PIETY_PROCESS_ATLAS', 				128, 		'JFD_PietyProcessAtlas_128.dds',							1, 				1),
		('JFD_PIETY_PROCESS_ATLAS', 				80, 		'JFD_PietyProcessAtlas_80.dds',								1, 				1),
		('JFD_PIETY_PROCESS_ATLAS', 				64, 		'JFD_PietyProcessAtlas_64.dds',								1, 				1),
		('JFD_PIETY_PROCESS_ATLAS', 				45, 		'JFD_PietyProcessAtlas_45.dds',								1, 				1),
		('JFD_PIETY_RELIGION_ATLAS',				128, 		'JFD_PietyHeresyAtlas_128.dds',								8, 				1),
		('JFD_PIETY_RELIGION_ATLAS',				80, 		'JFD_PietyHeresyAtlas_80.dds',								8, 				1),
		('JFD_PIETY_RELIGION_ATLAS',				64, 		'JFD_PietyHeresyAtlas_64.dds',								8, 				1),
		('JFD_PIETY_RELIGION_ATLAS',				48, 		'JFD_PietyHeresyAtlas_48.dds',								8, 				1),
		('JFD_PIETY_RELIGION_ATLAS',				45, 		'JFD_PietyHeresyAtlas_45.dds',								8, 				1),
		('JFD_PIETY_RELIGION_ATLAS',				32, 		'JFD_PietyHeresyAtlas_32.dds',								8, 				1),
		('JFD_PIETY_RELIGION_ATLAS',				24, 		'JFD_PietyHeresyAtlas_24.dds',								8, 				1),
		('JFD_PIETY_RELIGION_ATLAS',				16, 		'JFD_PietyHeresyAtlas_16.dds',								8, 				1),
		('JFD_PIETY_NOTIFICATION_ATLAS',			80, 		'JFD_PietyNotificationAtlas_80.dds',						1, 				1),
		('JFD_PIETY_SPECIALIST_ATLAS',				256, 		'JFD_PietySpecialistAtlas_256.dds',							1, 				2),
		('JFD_PIETY_SPECIALIST_ATLAS',				128, 		'JFD_PietySpecialistAtlas_128.dds',							1, 				2),
		('JFD_PIETY_SPECIALIST_ATLAS',				80, 		'JFD_PietySpecialistAtlas_80.dds',							1, 				2),
		('JFD_PIETY_SPECIALIST_ATLAS',				64, 		'JFD_PietySpecialistAtlas_64.dds',							1, 				2),
		('JFD_PIETY_SPECIALIST_ATLAS',				45, 		'JFD_PietySpecialistAtlas_45.dds',							1, 				2),
		('JFD_PIETY_SPECIALIST_ATLAS',				32, 		'JFD_PietySpecialistAtlas_32.dds',							1, 				2),
		('JFD_PIETY_TECH_ATLAS',					256, 		'JFD_PietyTechAtlas_256.dds',								2, 				2),
		('JFD_PIETY_TECH_ATLAS',					214, 		'JFD_PietyTechAtlas_214.dds',								2, 				2),
		('JFD_PIETY_TECH_ATLAS',					128, 		'JFD_PietyTechAtlas_128.dds',								2, 				2),
		('JFD_PIETY_TECH_ATLAS',					80, 		'JFD_PietyTechAtlas_80.dds',								2, 				2),
		('JFD_PIETY_TECH_ATLAS',					64, 		'JFD_PietyTechAtlas_64.dds',								2, 				2),
		('JFD_PIETY_TECH_ATLAS',					45, 		'JFD_PietyTechAtlas_45.dds',								2, 				2),
		('JFD_PIETY_WONDER_ATLAS', 					256, 		'JFD_PietyWonderAtlas_256.dds',								3, 				3),
		('JFD_PIETY_WONDER_ATLAS', 					128, 		'JFD_PietyWonderAtlas_128.dds',								3, 				3),
		('JFD_PIETY_WONDER_ATLAS', 					80, 		'JFD_PietyWonderAtlas_80.dds',								3, 				3),
		('JFD_PIETY_WONDER_ATLAS', 					64, 		'JFD_PietyWonderAtlas_64.dds',								3, 				3),
		('JFD_PIETY_WONDER_ATLAS', 					45, 		'JFD_PietyWonderAtlas_45.dds',								3, 				3);
--==========================================================================================================================
-- FONT ATLASES
--==========================================================================================================================
-- IconFontTextures
--------------------------------------------------------------------------------------------------------------------------
INSERT INTO IconFontTextures 
		(IconFontTexture, 							IconFontTextureFile)
VALUES	('ICON_FONT_TEXTURE_JFD_HERESIES',			'JFD_PietyHeresyAtlas_22_Fonticons'),
		('ICON_FONT_TEXTURE_JFD_GOLD_RELIGION', 	'JFD_GoldReligion_22_Fonticons'),
		('ICON_FONT_TEXTURE_JFD_PIETY',				'JFD_PietyFontIcons_22');
--------------------------------------------------------------------------------------------------------------------------
-- IconFontMapping
--------------------------------------------------------------------------------------------------------------------------
INSERT INTO IconFontMapping 
		(IconName, 									IconFontTexture,						IconMapping)
VALUES	('ICON_JFD_PIETY', 							'ICON_FONT_TEXTURE_JFD_PIETY',			1),
		('ICON_JFD_GOLD_RELIGION', 					'ICON_FONT_TEXTURE_JFD_GOLD_RELIGION',	1),
		('ICON_RELIGION_JFD_HERMETICISM',			'ICON_FONT_TEXTURE_JFD_HERESIES',		7);		
--==========================================================================================================================
--==========================================================================================================================