--==========================================================================================================================
-- EVENTS
--==========================================================================================================================
-- Events
--------------------------------------------------------------------------------------------------------------------------		
INSERT INTO Events
		(Type,																EventClass,				Description,																Help,																EventArt,					EventAudio,								NumChoices,	RandomChance,	RandomChanceDelta,	RequiredPietyLevel,				RequiredStateReligion,		RequiredEra,		IsOneShot)
VALUES	('PLAYER_EVENT_JFD_EPITHETS_BANQUET',								'EVENT_CLASS_GOOD',		'TXT_KEY_PLAYER_EVENT_JFD_EPITHETS_BANQUET_DESCRIPTION',					'TXT_KEY_PLAYER_EVENT_JFD_EPITHETS_BANQUET_HELP',					'Event_Banquet.dds',		'AS2D_EVENT_JFD_GENERIC_EVENT',			3,			10,				0,					NULL,							NULL,						NULL,				1),
		('PLAYER_EVENT_JFD_EPITHETS_CATHOLIC',								'EVENT_CLASS_GOOD',		NULL,																		NULL,																'Event_Coronation.dds',		'AS2D_JFD_CATHOLICISM',					1,			10,				0,					'PIETY_LEVEL_JFD_DEVOUT',		'RELIGION_CHRISTIANITY',	NULL,				1),
		('PLAYER_EVENT_JFD_EPITHETS_DEFAMATION',							'EVENT_CLASS_NEUTRAL',	'TXT_KEY_PLAYER_EVENT_JFD_EPITHETS_DEFAMATION_DESCRIPTION',					'TXT_KEY_PLAYER_EVENT_JFD_EPITHETS_DEFAMATION_HELP',				'Event_ManWriting.dds',		'AS2D_EVENT_JFD_GENERIC_EVENT',			3,			10,				0,					NULL,							NULL,						'ERA_CLASSICAL',	1),
		('PLAYER_EVENT_JFD_EPITHETS_EXECUTION',								'EVENT_CLASS_NEUTRAL',	'TXT_KEY_PLAYER_EVENT_JFD_EPITHETS_EXECUTION_DESCRIPTION',					'TXT_KEY_PLAYER_EVENT_JFD_EPITHETS_EXECUTION_HELP',					'Event_Executioner.dds',	'AS2D_EVENT_JFD_GENERIC_EVENT',			2,			10,				0,					NULL,							NULL,						NULL,				1),
		('PLAYER_EVENT_JFD_EPITHETS_EXECUTION_GUILT',						'EVENT_CLASS_BAD',		NULL,																		NULL,																'Event_Executioner.dds',	'AS2D_EVENT_JFD_FAIL',					1,			20,				2,					NULL,							NULL,						NULL,				1),
		('PLAYER_EVENT_JFD_EPITHETS_EXECUTION_GUILT_SUICIDE',				'EVENT_CLASS_BAD',		NULL,																		NULL,																'Event_Executioner.dds',	'AS2D_EVENT_JFD_FAIL',					1,			20,				2,					NULL,							NULL,						NULL,				1),
		('PLAYER_EVENT_JFD_EPITHETS_EXECUTION_INNOCENT',					'EVENT_CLASS_BAD',		NULL,																		NULL,																'Event_Executioner.dds',	'AS2D_EVENT_JFD_FAIL',					1,			20,				2,					NULL,							NULL,						NULL,				1),
		('PLAYER_EVENT_JFD_EPITHETS_EXECUTION_INNOCENT_2',					'EVENT_CLASS_GOOD',		NULL,																		NULL,																'Event_Executioner.dds',	'AS2D_EVENT_JFD_GENERIC_EVENT',			1,			20,				2,					NULL,							NULL,						NULL,				1),
		('PLAYER_EVENT_JFD_EPITHETS_EXECUTION_PROTEST',						'EVENT_CLASS_BAD',		NULL,																		NULL,																'Event_Executioner.dds',	'AS2D_EVENT_JFD_FAIL',					1,			20,				2,					NULL,							NULL,						NULL,				1),
		('PLAYER_EVENT_JFD_EPITHETS_EXECUTION_THANKS',						'EVENT_CLASS_GOOD',		NULL,																		NULL,																'Event_Executioner.dds',	'AS2D_EVENT_JFD_GENERIC_EVENT',			1,			20,				2,					NULL,							NULL,						NULL,				1),
		('PLAYER_EVENT_JFD_EPITHETS_SPOUSE',								'EVENT_CLASS_GOOD',		'TXT_KEY_PLAYER_EVENT_JFD_EPITHETS_SPOUSE_DESCRIPTION',						'TXT_KEY_PLAYER_EVENT_JFD_EPITHETS_SPOUSE_HELP',					'Event_Shocked.dds',		'AS2D_EVENT_JFD_WHISPERS',				3,			10,				0,					NULL,							NULL,						'ERA_MEDIEVAL',		1),
		('PLAYER_EVENT_JFD_EPITHETS_TREASURES',								'EVENT_CLASS_GOOD',		'TXT_KEY_PLAYER_EVENT_JFD_EPITHETS_TREASURES_DESCRIPTION',					'TXT_KEY_PLAYER_EVENT_JFD_EPITHETS_TREASURES_HELP',					'Event_Treasure.dds',		'AS2D_EVENT_JFD_GENERIC_EVENT',			3,			10,				0,					NULL,							NULL,						NULL,				1);
--------------------------------------------------------------------------------------------------------------------------
-- EventChoices
--------------------------------------------------------------------------------------------------------------------------		
INSERT INTO EventChoices
		(Type,																EventDuration,		CapitalEffectOnly,	ResistanceTurns,	WLTKDTurns,		PietyYield,	ResetResistanceCounter, ResistanceCounter,	EraScaling,	 EventChoiceAudio,						EventEpithet,					Description,																			Help)
VALUES	('PLAYER_EVENT_JFD_EPITHETS_BANQUET_CHOICE_1',						30,					1,					0,					10,				0,			0,						0,					0,			 'AS2D_EVENT_CHOICE',					'EPITHET_JFD_DRUNKARD',			'TXT_KEY_PLAYER_EVENT_JFD_EPITHETS_BANQUET_DESCRIPTION_CHOICE_1',						'TXT_KEY_PLAYER_EVENT_JFD_EPITHETS_BANQUET_CHOICE_1_HELP'),
		('PLAYER_EVENT_JFD_EPITHETS_BANQUET_CHOICE_2',						30,					1,					0,					10,				0,			0,						0,					0,			 'AS2D_EVENT_CHOICE',					'EPITHET_JFD_FAT',				'TXT_KEY_PLAYER_EVENT_JFD_EPITHETS_BANQUET_DESCRIPTION_CHOICE_2',						'TXT_KEY_PLAYER_EVENT_JFD_EPITHETS_BANQUET_CHOICE_2_HELP'),
		('PLAYER_EVENT_JFD_EPITHETS_BANQUET_CHOICE_3',						0,					1,					0,					5,				0,			0,						0,					0,			 'AS2D_EVENT_CHOICE',					NULL,							'TXT_KEY_PLAYER_EVENT_JFD_EPITHETS_BANQUET_DESCRIPTION_CHOICE_3',						'TXT_KEY_PLAYER_EVENT_JFD_EPITHETS_BANQUET_CHOICE_3_HELP'),
		('PLAYER_EVENT_JFD_EPITHETS_CATHOLIC_CHOICE_1',						30,					0,					0,					0,				5,			0,						0,					1,			 NULL,									'EPITHET_JFD_CATHOLIC',			'TXT_KEY_PLAYER_EVENT_JFD_EPITHETS_CATHOLIC_DESCRIPTION_CHOICE_1',						'TXT_KEY_PLAYER_EVENT_JFD_EPITHETS_CATHOLIC_CHOICE_1_HELP'),
		('PLAYER_EVENT_JFD_EPITHETS_DEFAMATION_CHOICE_1',					30,					0,					0,					0,				0,			1,						0,					0,			 'AS2D_EVENT_CHOICE',					'EPITHET_JFD_BAD',				'TXT_KEY_PLAYER_EVENT_JFD_EPITHETS_DEFAMATION_DESCRIPTION_CHOICE_1',					'TXT_KEY_PLAYER_EVENT_JFD_EPITHETS_DEFAMATION_CHOICE_1_HELP'),
		('PLAYER_EVENT_JFD_EPITHETS_DEFAMATION_CHOICE_2',					30,					0,					0,					0,				0,			0,						0,					1,			 'AS2D_EVENT_CHOICE',					'EPITHET_JFD_GOOD',				'TXT_KEY_PLAYER_EVENT_JFD_EPITHETS_DEFAMATION_DESCRIPTION_CHOICE_2',					'TXT_KEY_PLAYER_EVENT_JFD_EPITHETS_DEFAMATION_CHOICE_2_HELP'),
		('PLAYER_EVENT_JFD_EPITHETS_DEFAMATION_CHOICE_3',					0,					0,					0,					0,				0,			0,						0,					1,			 'AS2D_EVENT_CHOICE',					NULL,							'TXT_KEY_PLAYER_EVENT_JFD_EPITHETS_DEFAMATION_DESCRIPTION_CHOICE_3',					'TXT_KEY_PLAYER_EVENT_JFD_EPITHETS_DEFAMATION_CHOICE_3_HELP'),
		('PLAYER_EVENT_JFD_EPITHETS_EXECUTION_CHOICE_1',					50,					0,					0,					0,				0,			0,						0,					1,			 'AS2D_EVENT_CHOICE',					NULL,							'TXT_KEY_PLAYER_EVENT_JFD_EPITHETS_EXECUTION_DESCRIPTION_CHOICE_1',						'TXT_KEY_PLAYER_EVENT_JFD_EPITHETS_EXECUTION_CHOICE_1_HELP'),
		('PLAYER_EVENT_JFD_EPITHETS_EXECUTION_CHOICE_2',					50,					1,					1,					15,				0,			0,						0,					0,			 'AS2D_EVENT_CHOICE',					'EPITHET_JFD_FAIR',				'TXT_KEY_PLAYER_EVENT_JFD_EPITHETS_EXECUTION_DESCRIPTION_CHOICE_2',						'TXT_KEY_PLAYER_EVENT_JFD_EPITHETS_EXECUTION_CHOICE_2_HELP'),
		('PLAYER_EVENT_JFD_EPITHETS_EXECUTION_GUILT_CHOICE_1',				30,					0,					0,					0,				0,			0,						0,					1,			 NULL,									NULL,							'TXT_KEY_PLAYER_EVENT_JFD_EPITHETS_EXECUTION_GUILT_DESCRIPTION_CHOICE_1',				'TXT_KEY_PLAYER_EVENT_JFD_EPITHETS_EXECUTION_GUILT_CHOICE_1_HELP'),
		('PLAYER_EVENT_JFD_EPITHETS_EXECUTION_GUILT_SUICIDE_CHOICE_1',		30,					0,					0,					0,				0,			0,						0,					1,			 NULL,									NULL,							'TXT_KEY_PLAYER_EVENT_JFD_EPITHETS_EXECUTION_GUILT_SUICIDE_DESCRIPTION_CHOICE_1',		'TXT_KEY_PLAYER_EVENT_JFD_EPITHETS_EXECUTION_GUILT_SUICIDE_CHOICE_1_HELP'),
		('PLAYER_EVENT_JFD_EPITHETS_EXECUTION_INNOCENT_CHOICE_1',			30,					0,					0,					0,				0,			0,						0,					1,			 NULL,									NULL,							'TXT_KEY_PLAYER_EVENT_JFD_EPITHETS_EXECUTION_INNOCENT_DESCRIPTION_CHOICE_1',			'TXT_KEY_PLAYER_EVENT_JFD_EPITHETS_EXECUTION_INNOCENT_CHOICE_1_HELP'),
		('PLAYER_EVENT_JFD_EPITHETS_EXECUTION_INNOCENT_2_CHOICE_1',			30,					0,					0,					0,				0,			0,						0,					1,			 NULL,									NULL,							'TXT_KEY_PLAYER_EVENT_JFD_EPITHETS_EXECUTION_INNOCENT_2_DESCRIPTION_CHOICE_1',			'TXT_KEY_PLAYER_EVENT_JFD_EPITHETS_EXECUTION_INNOCENT_2_CHOICE_1_HELP'),
		('PLAYER_EVENT_JFD_EPITHETS_EXECUTION_PROTEST_CHOICE_1',			30,					1,					0,					0,				0,			0,						10,					1,			 NULL,									NULL,							'TXT_KEY_PLAYER_EVENT_JFD_EPITHETS_EXECUTION_PROTEST_DESCRIPTION_CHOICE_1',				'TXT_KEY_PLAYER_EVENT_JFD_EPITHETS_EXECUTION_PROTEST_CHOICE_1_HELP'),
		('PLAYER_EVENT_JFD_EPITHETS_EXECUTION_THANKS_CHOICE_1',				30,					0,					0,					0,				0,			0,						0,					1,			 NULL,									NULL,							'TXT_KEY_PLAYER_EVENT_JFD_EPITHETS_EXECUTION_THANKS_DESCRIPTION_CHOICE_1',				'TXT_KEY_PLAYER_EVENT_JFD_EPITHETS_EXECUTION_THANKS_CHOICE_1_HELP'),
		('PLAYER_EVENT_JFD_EPITHETS_SPOUSE_CHOICE_1',						30,					0,					0,					0,				0,			0,						0,					1,			 'AS2D_EVENT_CHOICE',					'EPITHET_JFD_HOMOSEXUAL',		'TXT_KEY_PLAYER_EVENT_JFD_EPITHETS_SPOUSE_DESCRIPTION_CHOICE_1',						'TXT_KEY_PLAYER_EVENT_JFD_EPITHETS_SPOUSE_CHOICE_1_HELP'),
		('PLAYER_EVENT_JFD_EPITHETS_SPOUSE_CHOICE_2',						30,					0,					0,					0,				0,			0,						0,					1,			 'AS2D_EVENT_CHOICE',					'EPITHET_JFD_CHASTE',			'TXT_KEY_PLAYER_EVENT_JFD_EPITHETS_SPOUSE_DESCRIPTION_CHOICE_2',						'TXT_KEY_PLAYER_EVENT_JFD_EPITHETS_SPOUSE_CHOICE_2_HELP'),
		('PLAYER_EVENT_JFD_EPITHETS_SPOUSE_CHOICE_3',						0,					0,					0,					0,				0,			0,						0,					1,			 'AS2D_EVENT_CHOICE',					NULL,							'TXT_KEY_PLAYER_EVENT_JFD_EPITHETS_SPOUSE_DESCRIPTION_CHOICE_3',						'TXT_KEY_PLAYER_EVENT_JFD_EPITHETS_SPOUSE_CHOICE_3_HELP'),
		('PLAYER_EVENT_JFD_EPITHETS_TREASURES_CHOICE_1',					30,					0,					0,					0,				0,			0,						0,					1,			 'AS2D_EVENT_CHOICE',					'EPITHET_JFD_FORTUNATE',		'TXT_KEY_PLAYER_EVENT_JFD_EPITHETS_TREASURES_DESCRIPTION_CHOICE_1',						'TXT_KEY_PLAYER_EVENT_JFD_EPITHETS_TREASURES_CHOICE_1_HELP'),
		('PLAYER_EVENT_JFD_EPITHETS_TREASURES_CHOICE_2',					30,					0,					0,					0,				0,			0,						0,					1,			 'AS2D_INTERFACE_CITY_SCREEN_PURCHASE',	'EPITHET_JFD_FORTUNATE',		'TXT_KEY_PLAYER_EVENT_JFD_EPITHETS_TREASURES_DESCRIPTION_CHOICE_2',						'TXT_KEY_PLAYER_EVENT_JFD_EPITHETS_TREASURES_CHOICE_2_HELP'),
		('PLAYER_EVENT_JFD_EPITHETS_TREASURES_CHOICE_3',					0,					0,					0,					0,				0,			0,						0,					1,			 'AS2D_EVENT_CHOICE',					NULL,							'TXT_KEY_PLAYER_EVENT_JFD_EPITHETS_TREASURES_DESCRIPTION_CHOICE_3',						'TXT_KEY_PLAYER_EVENT_JFD_EPITHETS_TREASURES_CHOICE_3_HELP');
--------------------------------------------------------------------------------------------------------------------------
-- Event_ParentEvents
--------------------------------------------------------------------------------------------------------------------------	
INSERT INTO Event_ParentEvents
		(EventType,													EventChoiceType)
VALUES	('PLAYER_EVENT_JFD_EPITHETS_BANQUET',						'PLAYER_EVENT_JFD_EPITHETS_BANQUET_CHOICE_1'),		
		('PLAYER_EVENT_JFD_EPITHETS_BANQUET',						'PLAYER_EVENT_JFD_EPITHETS_BANQUET_CHOICE_2'),		
		('PLAYER_EVENT_JFD_EPITHETS_BANQUET',						'PLAYER_EVENT_JFD_EPITHETS_BANQUET_CHOICE_3'),
		('PLAYER_EVENT_JFD_EPITHETS_CATHOLIC',						'PLAYER_EVENT_JFD_EPITHETS_CATHOLIC_CHOICE_1'),		
		('PLAYER_EVENT_JFD_EPITHETS_DEFAMATION',					'PLAYER_EVENT_JFD_EPITHETS_DEFAMATION_CHOICE_1'),		
		('PLAYER_EVENT_JFD_EPITHETS_DEFAMATION',					'PLAYER_EVENT_JFD_EPITHETS_DEFAMATION_CHOICE_2'),		
		('PLAYER_EVENT_JFD_EPITHETS_DEFAMATION',					'PLAYER_EVENT_JFD_EPITHETS_DEFAMATION_CHOICE_3'),
		('PLAYER_EVENT_JFD_EPITHETS_EXECUTION',						'PLAYER_EVENT_JFD_EPITHETS_EXECUTION_CHOICE_1'),		
		('PLAYER_EVENT_JFD_EPITHETS_EXECUTION',						'PLAYER_EVENT_JFD_EPITHETS_EXECUTION_CHOICE_2'),
		('PLAYER_EVENT_JFD_EPITHETS_EXECUTION_GUILT',				'PLAYER_EVENT_JFD_EPITHETS_EXECUTION_GUILT_CHOICE_1'),		
		('PLAYER_EVENT_JFD_EPITHETS_EXECUTION_GUILT_SUICIDE',		'PLAYER_EVENT_JFD_EPITHETS_EXECUTION_GUILT_SUICIDE_CHOICE_1'),		
		('PLAYER_EVENT_JFD_EPITHETS_EXECUTION_INNOCENT',			'PLAYER_EVENT_JFD_EPITHETS_EXECUTION_INNOCENT_CHOICE_1'),		
		('PLAYER_EVENT_JFD_EPITHETS_EXECUTION_INNOCENT_2',			'PLAYER_EVENT_JFD_EPITHETS_EXECUTION_INNOCENT_2_CHOICE_1'),		
		('PLAYER_EVENT_JFD_EPITHETS_EXECUTION_PROTEST',				'PLAYER_EVENT_JFD_EPITHETS_EXECUTION_PROTEST_CHOICE_1'),		
		('PLAYER_EVENT_JFD_EPITHETS_EXECUTION_THANKS',				'PLAYER_EVENT_JFD_EPITHETS_EXECUTION_THANKS_CHOICE_1'),		
		('PLAYER_EVENT_JFD_EPITHETS_SPOUSE',						'PLAYER_EVENT_JFD_EPITHETS_SPOUSE_CHOICE_1'),		
		('PLAYER_EVENT_JFD_EPITHETS_SPOUSE',						'PLAYER_EVENT_JFD_EPITHETS_SPOUSE_CHOICE_2'),		
		('PLAYER_EVENT_JFD_EPITHETS_SPOUSE',						'PLAYER_EVENT_JFD_EPITHETS_SPOUSE_CHOICE_3'),
		('PLAYER_EVENT_JFD_EPITHETS_TREASURES',						'PLAYER_EVENT_JFD_EPITHETS_TREASURES_CHOICE_1'),		
		('PLAYER_EVENT_JFD_EPITHETS_TREASURES',						'PLAYER_EVENT_JFD_EPITHETS_TREASURES_CHOICE_2'),
		('PLAYER_EVENT_JFD_EPITHETS_TREASURES',						'PLAYER_EVENT_JFD_EPITHETS_TREASURES_CHOICE_3');
--------------------------------------------------------------------------------------------------------------------------
-- Event_EventLinks
--------------------------------------------------------------------------------------------------------------------------	
INSERT INTO Event_EventLinks
		(EventType,													EventChoice,														CheckForActive)
VALUES	('PLAYER_EVENT_JFD_EPITHETS_EXECUTION_GUILT',				'PLAYER_EVENT_JFD_EPITHETS_EXECUTION_CHOICE_2',						1),
		('PLAYER_EVENT_JFD_EPITHETS_EXECUTION_GUILT',				'PLAYER_EVENT_JFD_EPITHETS_EXECUTION_GUILT_SUICIDE_CHOICE_1',		0),
		('PLAYER_EVENT_JFD_EPITHETS_EXECUTION_GUILT',				'PLAYER_EVENT_JFD_EPITHETS_EXECUTION_INNOCENT_CHOICE_1',			0),
		('PLAYER_EVENT_JFD_EPITHETS_EXECUTION_GUILT_SUICIDE',		'PLAYER_EVENT_JFD_EPITHETS_EXECUTION_CHOICE_2',						1),
		('PLAYER_EVENT_JFD_EPITHETS_EXECUTION_GUILT_SUICIDE',		'PLAYER_EVENT_JFD_EPITHETS_EXECUTION_GUILT_CHOICE_1',				0),
		('PLAYER_EVENT_JFD_EPITHETS_EXECUTION_GUILT_SUICIDE',		'PLAYER_EVENT_JFD_EPITHETS_EXECUTION_INNOCENT_CHOICE_1',			0),
		('PLAYER_EVENT_JFD_EPITHETS_EXECUTION_INNOCENT',			'PLAYER_EVENT_JFD_EPITHETS_EXECUTION_CHOICE_1',						1),
		('PLAYER_EVENT_JFD_EPITHETS_EXECUTION_INNOCENT_2',			'PLAYER_EVENT_JFD_EPITHETS_EXECUTION_CHOICE_2',						1),
		('PLAYER_EVENT_JFD_EPITHETS_EXECUTION_INNOCENT_2',			'PLAYER_EVENT_JFD_EPITHETS_EXECUTION_GUILT_CHOICE_1',				0),
		('PLAYER_EVENT_JFD_EPITHETS_EXECUTION_INNOCENT_2',			'PLAYER_EVENT_JFD_EPITHETS_EXECUTION_GUILT_SUICIDE_CHOICE_1',		0),
		('PLAYER_EVENT_JFD_EPITHETS_EXECUTION_PROTEST',				'PLAYER_EVENT_JFD_EPITHETS_EXECUTION_CHOICE_1',						1),
		('PLAYER_EVENT_JFD_EPITHETS_EXECUTION_THANKS',				'PLAYER_EVENT_JFD_EPITHETS_EXECUTION_CHOICE_2',						1);
--------------------------------------------------------------------------------------------------------------------------
-- EventChoice_MinimumStartYield
--------------------------------------------------------------------------------------------------------------------------	
INSERT INTO EventChoice_MinimumStartYield
		(EventChoiceType,													YieldType,						Yield)
VALUES	('PLAYER_EVENT_JFD_EPITHETS_EXECUTION_INNOCENT_CHOICE_1',			'YIELD_GOLDEN_AGE_POINTS',		10),
		('PLAYER_EVENT_JFD_EPITHETS_EXECUTION_GUILT_CHOICE_1',				'YIELD_GOLDEN_AGE_POINTS',		20),
		('PLAYER_EVENT_JFD_EPITHETS_EXECUTION_GUILT_SUICIDE_CHOICE_1',		'YIELD_GOLDEN_AGE_POINTS',		30);
--------------------------------------------------------------------------------------------------------------------------
-- EventChoice_EventCostYield
--------------------------------------------------------------------------------------------------------------------------		
INSERT INTO EventChoice_EventCostYield
		(EventChoiceType,													YieldType,						Yield)
VALUES	('PLAYER_EVENT_JFD_EPITHETS_EXECUTION_INNOCENT_CHOICE_1',			'YIELD_GOLDEN_AGE_POINTS',		10),
		('PLAYER_EVENT_JFD_EPITHETS_EXECUTION_GUILT_CHOICE_1',				'YIELD_GOLDEN_AGE_POINTS',		20),
		('PLAYER_EVENT_JFD_EPITHETS_EXECUTION_GUILT_SUICIDE_CHOICE_1',		'YIELD_GOLDEN_AGE_POINTS',		30);
--------------------------------------------------------------------------------------------------------------------------
-- EventChoice_InstantYield
--------------------------------------------------------------------------------------------------------------------------		
INSERT INTO EventChoice_InstantYield
		(EventChoiceType,													YieldType,						Yield)
VALUES	('PLAYER_EVENT_JFD_EPITHETS_DEFAMATION_CHOICE_2',					'YIELD_CULTURE',				20),
		('PLAYER_EVENT_JFD_EPITHETS_DEFAMATION_CHOICE_3',					'YIELD_GOLDEN_AGE_POINTS',		10),
		('PLAYER_EVENT_JFD_EPITHETS_EXECUTION_CHOICE_1',					'YIELD_GOLDEN_AGE_POINTS',		30),
		('PLAYER_EVENT_JFD_EPITHETS_EXECUTION_INNOCENT_2_CHOICE_1',			'YIELD_GOLDEN_AGE_POINTS',		10),
		('PLAYER_EVENT_JFD_EPITHETS_EXECUTION_THANKS_CHOICE_1',				'YIELD_GOLDEN_AGE_POINTS',		10),
		('PLAYER_EVENT_JFD_EPITHETS_SPOUSE_CHOICE_1',						'YIELD_CULTURE',				20),
		('PLAYER_EVENT_JFD_EPITHETS_SPOUSE_CHOICE_2',						'YIELD_FAITH',					30),
		('PLAYER_EVENT_JFD_EPITHETS_SPOUSE_CHOICE_3',						'YIELD_GOLDEN_AGE_POINTS',		10),
		('PLAYER_EVENT_JFD_EPITHETS_TREASURES_CHOICE_1',					'YIELD_CULTURE',				20),
		('PLAYER_EVENT_JFD_EPITHETS_TREASURES_CHOICE_2',					'YIELD_GOLD',					50),
		('PLAYER_EVENT_JFD_EPITHETS_TREASURES_CHOICE_3',					'YIELD_GOLDEN_AGE_POINTS',		25);
--------------------------------------------------------------------------------------------------------------------------
-- EventChoiceFlavors
--------------------------------------------------------------------------------------------------------------------------		
INSERT INTO EventChoiceFlavors
		(EventChoiceType,													FlavorType,						Flavor)
VALUES	('PLAYER_EVENT_JFD_EPITHETS_DEFAMATION_CHOICE_1',					'FLAVOR_PRODUCTION',			20),
		('PLAYER_EVENT_JFD_EPITHETS_DEFAMATION_CHOICE_2',					'FLAVOR_CULTURE',				20),
		('PLAYER_EVENT_JFD_EPITHETS_DEFAMATION_CHOICE_3',					'FLAVOR_HAPPINESS',				20),
		('PLAYER_EVENT_JFD_EPITHETS_EXECUTION_CHOICE_1',					'FLAVOR_HAPPINESS',				20),
		('PLAYER_EVENT_JFD_EPITHETS_EXECUTION_CHOICE_2',					'FLAVOR_GROWTH',				20),
		('PLAYER_EVENT_JFD_EPITHETS_SPOUSE_CHOICE_1',						'FLAVOR_CULTURE',				20),
		('PLAYER_EVENT_JFD_EPITHETS_SPOUSE_CHOICE_2',						'FLAVOR_RELIGION',				20),
		('PLAYER_EVENT_JFD_EPITHETS_TREASURES_CHOICE_1',					'FLAVOR_CULTURE',				20),
		('PLAYER_EVENT_JFD_EPITHETS_TREASURES_CHOICE_2',					'FLAVOR_GOLD',					20),
		('PLAYER_EVENT_JFD_EPITHETS_TREASURES_CHOICE_3',					'FLAVOR_HAPPINESS',				20);
--------------------------------------------------------------------------------------------------------------------------
-- EventChoice_Notification
--------------------------------------------------------------------------------------------------------------------------		
INSERT INTO EventChoice_Notification
		(EventChoiceType,									NotificationType,					Description,															ShortDescription,													IsWorldEvent)
VALUES	('PLAYER_EVENT_JFD_EPITHETS_BANQUET_CHOICE_1',		'NOTIFICATION_EVENT_CHOICE_FIN',	'TXT_KEY_NOTIFICATION_PLAYER_EVENT_JFD_EPITHETS_BANQUET_CHOICE_1',		'TXT_KEY_PLAYER_EVENT_JFD_EPITHETS_BANQUET_DESCRIPTION',			0),
		('PLAYER_EVENT_JFD_EPITHETS_BANQUET_CHOICE_2',		'NOTIFICATION_EVENT_CHOICE_FIN',	'TXT_KEY_NOTIFICATION_PLAYER_EVENT_JFD_EPITHETS_BANQUET_CHOICE_2',		'TXT_KEY_PLAYER_EVENT_JFD_EPITHETS_BANQUET_DESCRIPTION',			0),
		('PLAYER_EVENT_JFD_EPITHETS_CATHOLIC_CHOICE_1',		'NOTIFICATION_EVENT_CHOICE_FIN',	'TXT_KEY_NOTIFICATION_PLAYER_EVENT_JFD_EPITHETS_CATHOLIC_CHOICE_1',		'TXT_KEY_PLAYER_EVENT_JFD_EPITHETS_CATHOLIC_DESCRIPTION_CHOICE_1',	0),
		('PLAYER_EVENT_JFD_EPITHETS_DEFAMATION_CHOICE_1',	'NOTIFICATION_EVENT_CHOICE_FIN',	'TXT_KEY_NOTIFICATION_PLAYER_EVENT_JFD_EPITHETS_DEFAMATION_CHOICE_1',	'TXT_KEY_PLAYER_EVENT_JFD_EPITHETS_DEFAMATION_DESCRIPTION',			0),
		('PLAYER_EVENT_JFD_EPITHETS_DEFAMATION_CHOICE_2',	'NOTIFICATION_EVENT_CHOICE_FIN',	'TXT_KEY_NOTIFICATION_PLAYER_EVENT_JFD_EPITHETS_DEFAMATION_CHOICE_2',	'TXT_KEY_PLAYER_EVENT_JFD_EPITHETS_DEFAMATION_DESCRIPTION',			0),
		('PLAYER_EVENT_JFD_EPITHETS_EXECUTION_CHOICE_1',	'NOTIFICATION_EVENT_CHOICE_FIN',	'TXT_KEY_NOTIFICATION_PLAYER_EVENT_JFD_EPITHETS_EXECUTION_CHOICE_1',	'TXT_KEY_PLAYER_EVENT_JFD_EPITHETS_EXECUTION_DESCRIPTION',			0),
		('PLAYER_EVENT_JFD_EPITHETS_EXECUTION_CHOICE_2',	'NOTIFICATION_EVENT_CHOICE_FIN',	'TXT_KEY_NOTIFICATION_PLAYER_EVENT_JFD_EPITHETS_EXECUTION_CHOICE_2',	'TXT_KEY_PLAYER_EVENT_JFD_EPITHETS_EXECUTION_DESCRIPTION',			0),
		('PLAYER_EVENT_JFD_EPITHETS_TREASURES_CHOICE_1',	'NOTIFICATION_EVENT_CHOICE_FIN',	'TXT_KEY_NOTIFICATION_PLAYER_EVENT_JFD_EPITHETS_TREASURES_CHOICE_1',	'TXT_KEY_PLAYER_EVENT_JFD_EPITHETS_TREASURES_DESCRIPTION',			0),
		('PLAYER_EVENT_JFD_EPITHETS_TREASURES_CHOICE_2',	'NOTIFICATION_EVENT_CHOICE_FIN',	'TXT_KEY_NOTIFICATION_PLAYER_EVENT_JFD_EPITHETS_TREASURES_CHOICE_2',	'TXT_KEY_PLAYER_EVENT_JFD_EPITHETS_TREASURES_DESCRIPTION',			0),
		('PLAYER_EVENT_JFD_EPITHETS_SPOUSE_CHOICE_1',		'NOTIFICATION_EVENT_CHOICE_FIN',	'TXT_KEY_NOTIFICATION_PLAYER_EVENT_JFD_EPITHETS_SPOUSE_CHOICE_1',		'TXT_KEY_PLAYER_EVENT_JFD_EPITHETS_SPOUSE_DESCRIPTION',				0),
		('PLAYER_EVENT_JFD_EPITHETS_SPOUSE_CHOICE_2',		'NOTIFICATION_EVENT_CHOICE_FIN',	'TXT_KEY_NOTIFICATION_PLAYER_EVENT_JFD_EPITHETS_SPOUSE_CHOICE_2',		'TXT_KEY_PLAYER_EVENT_JFD_EPITHETS_SPOUSE_DESCRIPTION',				0);
--------------------------------------------------------------------------------------------------------------------------
-- EventChoice_WorldEvents
--------------------------------------------------------------------------------------------------------------------------		
INSERT INTO EventChoice_WorldEvents
		(EventChoiceType,									Description)
VALUES	('PLAYER_EVENT_JFD_EPITHETS_CATHOLIC_CHOICE_1',		'TXT_KEY_WORLD_PLAYER_EVENT_JFD_EPITHETS_CATHOLIC_1'),
		('PLAYER_EVENT_JFD_EPITHETS_DEFAMATION_CHOICE_1',	'TXT_KEY_WORLD_PLAYER_EVENT_JFD_EPITHETS_DEFAMATION_1'),
		('PLAYER_EVENT_JFD_EPITHETS_DEFAMATION_CHOICE_2',	'TXT_KEY_WORLD_PLAYER_EVENT_JFD_EPITHETS_DEFAMATION_1'),
		('PLAYER_EVENT_JFD_EPITHETS_EXECUTION_CHOICE_1',	'TXT_KEY_WORLD_PLAYER_EVENT_JFD_EPITHETS_EXECUTION_1'),
		('PLAYER_EVENT_JFD_EPITHETS_EXECUTION_CHOICE_2',	'TXT_KEY_WORLD_PLAYER_EVENT_JFD_EPITHETS_EXECUTION_1'),
		('PLAYER_EVENT_JFD_EPITHETS_TREASURES_CHOICE_1',	'TXT_KEY_WORLD_PLAYER_EVENT_JFD_EPITHETS_TREASURES_1'),
		('PLAYER_EVENT_JFD_EPITHETS_TREASURES_CHOICE_2',	'TXT_KEY_WORLD_PLAYER_EVENT_JFD_EPITHETS_TREASURES_1'),
		('PLAYER_EVENT_JFD_EPITHETS_SPOUSE_CHOICE_1',		'TXT_KEY_WORLD_PLAYER_EVENT_JFD_EPITHETS_SPOUSE_1'),
		('PLAYER_EVENT_JFD_EPITHETS_SPOUSE_CHOICE_2',		'TXT_KEY_WORLD_PLAYER_EVENT_JFD_EPITHETS_SPOUSE_2');
--==========================================================================================================================
-- SUKRITACT EVENTS
--==========================================================================================================================
-- JFD_Epithets
-------------------------------------
INSERT INTO JFD_Epithets
		(Type,								EventOnly,	ShortDescription,								Description,							 Help,										PolicyType)
SELECT	'EPITHET_JFD_BAD',					1,			'TXT_KEY_EPITHET_JFD_BAD_SHORT_DESC',			'TXT_KEY_EPITHET_JFD_BAD_DESC',			 'TXT_KEY_EPITHET_JFD_BAD_HELP',			'POLICY_EPITHET_JFD_BAD'
WHERE EXISTS (SELECT * FROM JFD_GlobalUserSettings WHERE Type = 'JFD_RTP_EPITHETS_CORE' AND Value = 1);

INSERT INTO JFD_Epithets
		(Type,								EventOnly,	ShortDescription,								Description,							 Help,										PolicyType)
SELECT	'EPITHET_JFD_CATHOLIC',				1,			'TXT_KEY_EPITHET_JFD_CATHOLIC_SHORT_DESC',		'TXT_KEY_EPITHET_JFD_CATHOLIC_DESC',	 'TXT_KEY_EPITHET_JFD_CATHOLIC_HELP',		'POLICY_EPITHET_JFD_CATHOLIC'
WHERE EXISTS (SELECT * FROM JFD_GlobalUserSettings WHERE Type = 'JFD_RTP_EPITHETS_CORE' AND Value = 1);

INSERT INTO JFD_Epithets
		(Type,								EventOnly,	ShortDescription,								Description,							 Help,										PolicyType)
SELECT	'EPITHET_JFD_DRUNKARD',				1,			'TXT_KEY_EPITHET_JFD_DRUNKARD_SHORT_DESC',		'TXT_KEY_EPITHET_JFD_DRUNKARD_DESC',	 'TXT_KEY_EPITHET_JFD_DRUNKARD_HELP',		'POLICY_EPITHET_JFD_DRUNKARD'
WHERE EXISTS (SELECT * FROM JFD_GlobalUserSettings WHERE Type = 'JFD_RTP_EPITHETS_CORE' AND Value = 1);

INSERT INTO JFD_Epithets
		(Type,								EventOnly,	ShortDescription,								Description,							 Help,										PolicyType)
SELECT	'EPITHET_JFD_FAT',					1,			'TXT_KEY_EPITHET_JFD_FAT_SHORT_DESC',			'TXT_KEY_EPITHET_JFD_FAT_DESC',			 'TXT_KEY_EPITHET_JFD_FAT_HELP',			'POLICY_EPITHET_JFD_FAT'
WHERE EXISTS (SELECT * FROM JFD_GlobalUserSettings WHERE Type = 'JFD_RTP_EPITHETS_CORE' AND Value = 1);

INSERT INTO JFD_Epithets
		(Type,								EventOnly,	ShortDescription,								Description,							 Help,										PolicyType)
SELECT	'EPITHET_JFD_GOOD',					1,			'TXT_KEY_EPITHET_JFD_GOOD_SHORT_DESC',			'TXT_KEY_EPITHET_JFD_GOOD_DESC',		 'TXT_KEY_EPITHET_JFD_GOOD_HELP',			'POLICY_EPITHET_JFD_GOOD'
WHERE EXISTS (SELECT * FROM JFD_GlobalUserSettings WHERE Type = 'JFD_RTP_EPITHETS_CORE' AND Value = 1);
-------------------------------------
-- Policies
-------------------------------------
INSERT INTO Policies
		(Type,								Description)
SELECT	'POLICY_EPITHET_JFD_BAD',			'TXT_KEY_EPITHET_JFD_BAD_SHORT_DESC'
WHERE EXISTS (SELECT * FROM JFD_GlobalUserSettings WHERE Type = 'JFD_RTP_EPITHETS_CORE' AND Value = 1);

INSERT INTO Policies
		(Type,								Description)
SELECT	'POLICY_EPITHET_JFD_CATHOLIC',		'TXT_KEY_EPITHET_JFD_CATHOLIC_SHORT_DESC'
WHERE EXISTS (SELECT * FROM JFD_GlobalUserSettings WHERE Type = 'JFD_RTP_EPITHETS_CORE' AND Value = 1);

INSERT INTO Policies
		(Type,								Description)
SELECT	'POLICY_EPITHET_JFD_DRUNKARD',		'TXT_KEY_EPITHET_JFD_DRUNKARD_SHORT_DESC'
WHERE EXISTS (SELECT * FROM JFD_GlobalUserSettings WHERE Type = 'JFD_RTP_EPITHETS_CORE' AND Value = 1);

INSERT INTO Policies
		(Type,								Description)
SELECT	'POLICY_EPITHET_JFD_FAT',			'TXT_KEY_EPITHET_JFD_FAT_SHORT_DESC'
WHERE EXISTS (SELECT * FROM JFD_GlobalUserSettings WHERE Type = 'JFD_RTP_EPITHETS_CORE' AND Value = 1);

INSERT INTO Policies
		(Type,								Description)
SELECT	'POLICY_EPITHET_JFD_GOOD',			'TXT_KEY_EPITHET_JFD_GOOD_SHORT_DESC'
WHERE EXISTS (SELECT * FROM JFD_GlobalUserSettings WHERE Type = 'JFD_RTP_EPITHETS_CORE' AND Value = 1);
--==========================================================================================================================
--==========================================================================================================================
