--==========================================================================================================================
-- CONTRACTS
--==========================================================================================================================
-- Contracts
------------------------
INSERT INTO Contracts 
		(Type, 										Category,						PrereqEra,				ObsoleteEra,			UnitType,						UnitCount,		IsSlavery,		Maintenance,	Rating,			DisbandChance,  MutinyChance,	ContractTurns,	YieldText,		Description, 										Adjective, 										Civilopedia,										PromotionType)
VALUES	('CONTRACT_JFD_AIRSCAN', 					'CONTRACT_JFD_MERCENARY',		'ERA_MODERN',			NULL,					NULL,							2,				0,				2,				4,				20,				10,				25,				'[ICON_GOLD]',	'TXT_KEY_CONTRACT_JFD_AIRSCAN_DESC',				'TXT_KEY_CONTRACT_JFD_AIRSCAN_ADJ',				'TXT_KEY_CONTRACT_JFD_AIRSCAN_TEXT',				'PROMOTION_JFD_AIRSCAN'),
		('CONTRACT_JFD_AL_TARSUSI', 				'CONTRACT_JFD_MERCENARY',		'ERA_MEDIEVAL',			'ERA_INDUSTRIAL',		NULL,							1,				0,				1,				5,				10,				5,				25,				'[ICON_GOLD]',	'TXT_KEY_CONTRACT_JFD_AL_TARSUSI_DESC',				'TXT_KEY_CONTRACT_JFD_AL_TARSUSI_ADJ',			'TXT_KEY_CONTRACT_JFD_AL_TARSUSI_TEXT',				'PROMOTION_JFD_AL_TARSUSI'),
		('CONTRACT_JFD_AMSAIG', 					'CONTRACT_JFD_MERCENARY',		'ERA_ANCIENT',			'ERA_RENAISSANCE',		NULL,							2,				0,				1,				5,				10,				5,				25,				'[ICON_GOLD]',	'TXT_KEY_CONTRACT_JFD_AMSAIG_DESC',					'TXT_KEY_CONTRACT_JFD_AMSAIG_ADJ',				'TXT_KEY_CONTRACT_JFD_AMSAIG_TEXT',					'PROMOTION_JFD_AMSAIG'),
		('CONTRACT_JFD_ARCHIMEDES', 				'CONTRACT_JFD_MERCENARY',		'ERA_ANCIENT',			'ERA_MEDIEVAL',			NULL,							1,				0,				1,				5,				10,				5,				25,				'[ICON_GOLD]',	'TXT_KEY_CONTRACT_JFD_ARCHIMEDES_DESC',				'TXT_KEY_CONTRACT_JFD_ARCHIMEDES_ADJ',			'TXT_KEY_CONTRACT_JFD_ARCHIMEDES_TEXT',				'PROMOTION_JFD_ARCHIMEDES'),
		('CONTRACT_JFD_ATHOLL', 					'CONTRACT_JFD_MERCENARY',		'ERA_RENAISSANCE',		'ERA_MODERN',			NULL,							2,				0,				2,				2,				40,				20,				25,				'[ICON_GOLD]',	'TXT_KEY_CONTRACT_JFD_ATHOLL_DESC',					'TXT_KEY_CONTRACT_JFD_ATHOLL_ADJ',				'TXT_KEY_CONTRACT_JFD_ATHOLL_TEXT',					'PROMOTION_JFD_ATHOLL'),
		('CONTRACT_JFD_ATTACOTTI', 					'CONTRACT_JFD_MERCENARY',		'ERA_ANCIENT',			'ERA_MEDIEVAL',			NULL,							3,				0,				5,				1,				50,				25,				25,				'[ICON_GOLD]',	'TXT_KEY_CONTRACT_JFD_ATTACOTTI_DESC',				'TXT_KEY_CONTRACT_JFD_ATTACOTTI_ADJ',			'TXT_KEY_CONTRACT_JFD_ATTACOTTI_TEXT',				'PROMOTION_JFD_ATTACOTTI'),
		('CONTRACT_JFD_BAE_SYSTEMS', 				'CONTRACT_JFD_MERCENARY',		'ERA_FUTURE',			NULL,					NULL,							1,				0,				1,				5,				10,				5,				25,				'[ICON_GOLD]',	'TXT_KEY_CONTRACT_JFD_BAE_SYSTEMS_DESC',			'TXT_KEY_CONTRACT_JFD_BAE_SYSTEMS_ADJ',			'TXT_KEY_CONTRACT_JFD_BAE_SYSTEMS_TEXT',			'PROMOTION_JFD_BAE_SYSTEMS'),
		('CONTRACT_JFD_BANDEIRANTES', 				'CONTRACT_JFD_MERCENARY',		'ERA_RENAISSANCE',		'ERA_MODERN',			NULL,							2,				0,				3,				2,				40,				20,				25,				'[ICON_GOLD]',	'TXT_KEY_CONTRACT_JFD_BANDEIRANTES_DESC',			'TXT_KEY_CONTRACT_JFD_BANDEIRANTES_ADJ',		'TXT_KEY_CONTRACT_JFD_BANDEIRANTES_TEXT',			'PROMOTION_JFD_BANDEIRANTES'),
		('CONTRACT_JFD_BARBARY_CORSAIRS', 			'CONTRACT_JFD_MERCENARY',		'ERA_RENAISSANCE',		'ERA_INDUSTRIAL',		NULL,							4,				0,				4,				2,				40,				20,				25,				'[ICON_GOLD]',	'TXT_KEY_CONTRACT_JFD_BARBARY_CORSAIRS_DESC',		'TXT_KEY_CONTRACT_JFD_BARBARY_CORSAIRS_ADJ',	'TXT_KEY_CONTRACT_JFD_BARBARY_CORSAIRS_TEXT',		'PROMOTION_JFD_BARBARY_CORSAIRS'),
		('CONTRACT_JFD_BASHI_BAZOUK', 				'CONTRACT_JFD_MERCENARY',		'ERA_MEDIEVAL',			'ERA_INDUSTRIAL',		NULL,							5,				0,				5,				1,				15,				25,				25,				'[ICON_GOLD]',	'TXT_KEY_CONTRACT_JFD_BASHI_BAZOUK_DESC',			'TXT_KEY_CONTRACT_JFD_BASHI_BAZOUK_ADJ',		'TXT_KEY_CONTRACT_JFD_BASHI_BAZOUK_TEXT',			'PROMOTION_JFD_BASHI_BAZOUK'),
		('CONTRACT_JFD_BELEARIC', 					'CONTRACT_JFD_MERCENARY',		'ERA_ANCIENT',			'ERA_MEDIEVAL',			NULL,							2,				0,				5,				1,				15,				25,				25,				'[ICON_GOLD]',	'TXT_KEY_CONTRACT_JFD_BELEARIC_DESC',				'TXT_KEY_CONTRACT_JFD_BELEARIC_ADJ',			'TXT_KEY_CONTRACT_JFD_BELEARIC_TEXT',				'PROMOTION_JFD_BELEARIC'),
		('CONTRACT_JFD_BERDAN', 					'CONTRACT_JFD_MERCENARY',		'ERA_INDUSTRIAL',		'ERA_MEDIEVAL',			NULL,							3,				0,				3,				3,				30,				15,				25,				'[ICON_GOLD]',	'TXT_KEY_CONTRACT_JFD_BERDAN_DESC',					'TXT_KEY_CONTRACT_JFD_BERDAN_ADJ',				'TXT_KEY_CONTRACT_JFD_BERDAN_TEXT',					'PROMOTION_JFD_BERDAN'),
		('CONTRACT_JFD_BESSI', 						'CONTRACT_JFD_MERCENARY',		'ERA_ANCIENT',			'ERA_MEDIEVAL',			NULL,							4,				0,				4,				2,				40,				20,				25,				'[ICON_GOLD]',	'TXT_KEY_CONTRACT_JFD_BESSI_DESC',					'TXT_KEY_CONTRACT_JFD_BESSI_ADJ',				'TXT_KEY_CONTRACT_JFD_BESSI_TEXT',					'PROMOTION_JFD_BESSI'),
		('CONTRACT_JFD_BLACK_BANDS', 				'CONTRACT_JFD_MERCENARY',		'ERA_MEDIEVAL',			'ERA_INDUSTRIAL',		'UNIT_GERMAN_LANDSKNECHT',		3,				0,				3,				3,				30,				15,				25,				'[ICON_GOLD]',	'TXT_KEY_CONTRACT_JFD_BLACK_BANDS_DESC',			'TXT_KEY_CONTRACT_JFD_BLACK_BANDS_ADJ',			'TXT_KEY_CONTRACT_JFD_BLACK_BANDS_TEXT',			'PROMOTION_JFD_BLACK_BANDS'),
		('CONTRACT_JFD_BLACKWATER', 				'CONTRACT_JFD_MERCENARY',		'ERA_FUTURE',			NULL,					NULL,							3,				0,				3,				3,				30,				15,				25,				'[ICON_GOLD]',	'TXT_KEY_CONTRACT_JFD_BLACKWATER_DESC',				'TXT_KEY_CONTRACT_JFD_BLACKWATER_ADJ',			'TXT_KEY_CONTRACT_JFD_BLACKWATER_TEXT',				'PROMOTION_JFD_BLACKWATER'),
		('CONTRACT_JFD_BLUE_GUARDS', 				'CONTRACT_JFD_MERCENARY',		'ERA_RENAISSANCE',		'ERA_INDUSTRIAL',		NULL,							1,				0,				1,				5,				10,				5,				25,				'[ICON_GOLD]',	'TXT_KEY_CONTRACT_JFD_BLUE_GUARDS_DESC',			'TXT_KEY_CONTRACT_JFD_BLUE_GUARDS_ADJ',			'TXT_KEY_CONTRACT_JFD_BLUE_GUARDS_TEXT',			'PROMOTION_JFD_BLUE_GUARDS'),
		('CONTRACT_JFD_BOEING', 					'CONTRACT_JFD_MERCENARY',		'ERA_MODERN',			NULL,					NULL,							2,				0,				2,				4,				20,				10,				25,				'[ICON_GOLD]',	'TXT_KEY_CONTRACT_JFD_BOEING_DESC',					'TXT_KEY_CONTRACT_JFD_BOEING_ADJ',				'TXT_KEY_CONTRACT_JFD_BOEING_TEXT',					'PROMOTION_JFD_BOEING'),
		('CONTRACT_JFD_BOFORS', 					'CONTRACT_JFD_MERCENARY',		'ERA_RENAISSANCE',		NULL,					NULL,							3,				0,				3,				3,				30,				15,				25,				'[ICON_GOLD]',	'TXT_KEY_CONTRACT_JFD_BOFORS_DESC',					'TXT_KEY_CONTRACT_JFD_BOFORS_ADJ',				'TXT_KEY_CONTRACT_JFD_BOFORS_TEXT',					'PROMOTION_JFD_BOFORS'),
		('CONTRACT_JFD_CATALAN_COMPANY', 			'CONTRACT_JFD_MERCENARY',		'ERA_MEDIEVAL',			'ERA_INDUSTRIAL',		NULL,							2,				0,				2,				4,				20,				10,				25,				'[ICON_GOLD]',	'TXT_KEY_CONTRACT_JFD_CATALAN_COMPANY_DESC',		'TXT_KEY_CONTRACT_JFD_CATALAN_COMPANY_ADJ',		'TXT_KEY_CONTRACT_JFD_CATALAN_COMPANY_TEXT',		'PROMOTION_JFD_CATALAN_COMPANY'),
		('CONTRACT_JFD_CEBEILLE', 					'CONTRACT_JFD_MERCENARY',		'ERA_INDUSTRIAL',		NULL,					NULL,							3,				0,				3,				3,				30,				15,				25,				'[ICON_GOLD]',	'TXT_KEY_CONTRACT_JFD_CEBEILLE_DESC',				'TXT_KEY_CONTRACT_JFD_CEBEILLE_ADJ',			'TXT_KEY_CONTRACT_JFD_CEBEILLE_TEXT',				'PROMOTION_JFD_CEBEILLE'),
		('CONTRACT_JFD_CINQUE', 					'CONTRACT_JFD_MERCENARY',		'ERA_MEDIEVAL',			'ERA_INDUSTRIAL',		NULL,							3,				0,				3,				3,				30,				15,				25,				'[ICON_GOLD]',	'TXT_KEY_CONTRACT_JFD_CINQUE_DESC',					'TXT_KEY_CONTRACT_JFD_CINQUE_ADJ',				'TXT_KEY_CONTRACT_JFD_CINQUE_TEXT',					'PROMOTION_JFD_CINQUE'),
		('CONTRACT_JFD_CHELA', 						'CONTRACT_JFD_MERCENARY',		'ERA_RENAISSANCE',		'ERA_INDUSTRIAL',		NULL,							4,				1,				5,				1,				15,				25,				25,				'[ICON_GOLD]',	'TXT_KEY_CONTRACT_JFD_CHELA_DESC',					'TXT_KEY_CONTRACT_JFD_CHELA_ADJ',				'TXT_KEY_CONTRACT_JFD_CHELA_TEXT',					'PROMOTION_JFD_CHELA'),
		('CONTRACT_JFD_CLAN_SWEENY', 				'CONTRACT_JFD_MERCENARY',		'ERA_MEDIEVAL',			'ERA_INDUSTRIAL',		NULL,							2,				0,				3,				3,				5,				25,				25,				'[ICON_GOLD]',	'TXT_KEY_CONTRACT_JFD_CLAN_SWEENY_DESC',			'TXT_KEY_CONTRACT_JFD_CLAN_SWEENY_ADJ',			'TXT_KEY_CONTRACT_JFD_CLAN_SWEENY_TEXT',			'PROMOTION_JFD_CLAN_SWEENY'),
		('CONTRACT_JFD_COLONIAL_MARINES', 			'CONTRACT_JFD_MERCENARY',		'ERA_INDUSTRIAL',		'ERA_POSTMODERN',		NULL,							2,				0,				4,				2,				40,				20,				25,				'[ICON_GOLD]',	'TXT_KEY_CONTRACT_JFD_COLONIAL_MARINES_DESC',		'TXT_KEY_CONTRACT_JFD_COLONIAL_MARINES_ADJ',	'TXT_KEY_CONTRACT_JFD_COLONIAL_MARINES_TEXT',		'PROMOTION_JFD_COLONIAL_MARINES'),
		('CONTRACT_JFD_COMPANY_ADVENTURERS', 		'CONTRACT_JFD_MERCENARY',		'ERA_MEDIEVAL',			'ERA_POSTMODERN',		NULL,							3,				0,				3,				3,				30,				15,				25,				'[ICON_GOLD]',	'TXT_KEY_CONTRACT_JFD_COMPANY_ADVENTURERS_DESC',	'TXT_KEY_CONTRACT_JFD_COMPANY_ADVENTURERS_ADJ',	'TXT_KEY_CONTRACT_JFD_COMPANY_ADVENTURERS_TEXT',	'PROMOTION_JFD_COMPANY_ADVENTURERS'),
		('CONTRACT_JFD_COMPANY_HAT', 				'CONTRACT_JFD_MERCENARY',		'ERA_MEDIEVAL',			'ERA_INDUSTRIAL',		NULL,							1,				0,				1,				5,				10,				5,				25,				'[ICON_GOLD]',	'TXT_KEY_CONTRACT_JFD_COMPANY_HAT_DESC',			'TXT_KEY_CONTRACT_JFD_COMPANY_HAT_ADJ',			'TXT_KEY_CONTRACT_JFD_COMPANY_HAT_TEXT',			'PROMOTION_JFD_COMPANY_HAT'),
		('CONTRACT_JFD_CORP_ENGINEER', 				'CONTRACT_JFD_MERCENARY',		'ERA_RENAISSANCE',		NULL,					NULL,							2,				0,				2,				4,				20,				10,				25,				'[ICON_GOLD]',	'TXT_KEY_CONTRACT_JFD_CORP_ENGINEER_DESC',			'TXT_KEY_CONTRACT_JFD_CORP_ENGINEER_ADJ',		'TXT_KEY_CONTRACT_JFD_CORP_ENGINEER_TEXT',			'PROMOTION_JFD_CORP_ENGINEER'),
		('CONTRACT_JFD_DE_MEURON', 					'CONTRACT_JFD_MERCENARY',		'ERA_RENAISSANCE',		'ERA_INDUSTRIAL',		NULL,							3,				0,				3,				3,				30,				15,				25,				'[ICON_GOLD]',	'TXT_KEY_CONTRACT_JFD_DE_MEURON_DESC',				'TXT_KEY_CONTRACT_JFD_DE_MEURON_ADJ',			'TXT_KEY_CONTRACT_JFD_DE_MEURON_TEXT',				'PROMOTION_JFD_DE_MEURON'),
		('CONTRACT_JFD_DE_WATTEVILLE', 				'CONTRACT_JFD_MERCENARY',		'ERA_RENAISSANCE',		'ERA_INDUSTRIAL',		NULL,							3,				0,				3,				3,				30,				15,				25,				'[ICON_GOLD]',	'TXT_KEY_CONTRACT_JFD_DE_WATTEVILLE_DESC',			'TXT_KEY_CONTRACT_JFD_DE_WATTEVILLE_ADJ',		'TXT_KEY_CONTRACT_JFD_DE_WATTEVILLE_TEXT',			'PROMOTION_JFD_DE_WATTEVILLE'),
		('CONTRACT_JFD_DIAMOND_DOGS', 				'CONTRACT_JFD_MERCENARY',		'ERA_FUTURE',			NULL,					NULL,							1,				0,				1,				5,				10,				5,				25,				'[ICON_GOLD]',	'TXT_KEY_CONTRACT_JFD_DIAMOND_DOGS_DESC',			'TXT_KEY_CONTRACT_JFD_DIAMOND_DOGS_ADJ',		'TXT_KEY_CONTRACT_JFD_DIAMOND_DOGS_TEXT',			'PROMOTION_JFD_DIAMOND_DOGS'),
		('CONTRACT_JFD_DYNCORP', 					'CONTRACT_JFD_MERCENARY',		'ERA_POSTMODERN',		NULL,					NULL,							1,				0,				1,				5,				10,				5,				25,				'[ICON_GOLD]',	'TXT_KEY_CONTRACT_JFD_DYNCORP_DESC',				'TXT_KEY_CONTRACT_JFD_DYNCORP_ADJ',				'TXT_KEY_CONTRACT_JFD_DYNCORP_TEXT',				'PROMOTION_JFD_DYNCORP'),
		('CONTRACT_JFD_ELSWICK', 					'CONTRACT_JFD_MERCENARY',		'ERA_INDUSTRIAL',		'ERA_POSTMODERN',		NULL,							3,				0,				3,				3,				30,				15,				25,				'[ICON_GOLD]',	'TXT_KEY_CONTRACT_JFD_ELSWICK_DESC',				'TXT_KEY_CONTRACT_JFD_ELSWICK_ADJ',				'TXT_KEY_CONTRACT_JFD_ELSWICK_TEXT',				'PROMOTION_JFD_ELSWICK'),
		('CONTRACT_JFD_EXECUTIVE_OUTCOMES',			'CONTRACT_JFD_MERCENARY',		'ERA_FUTURE',			NULL,					NULL,							2,				0,				2,				4,				20,				10,				25,				'[ICON_GOLD]',	'TXT_KEY_CONTRACT_JFD_EXECUTIVE_OUTCOMES_DESC',		'TXT_KEY_CONTRACT_JFD_EXECUTIVE_OUTCOMES_ADJ',	'TXT_KEY_CONTRACT_JFD_EXECUTIVE_OUTCOMES_TEXT',		'PROMOTION_JFD_EXECUTIVE_OUTCOMES'),
		('CONTRACT_JFD_FLYING_TIGERS', 				'CONTRACT_JFD_MERCENARY',		'ERA_MODERN',			'ERA_FUTURE',			NULL,							2,				0,				2,				4,				20,				10,				25,				'[ICON_GOLD]',	'TXT_KEY_CONTRACT_JFD_FLYING_TIGERS_DESC',			'TXT_KEY_CONTRACT_JFD_FLYING_TIGERS_ADJ',		'TXT_KEY_CONTRACT_JFD_FLYING_TIGERS_TEXT',			'PROMOTION_JFD_FLYING_TIGERS'),
		('CONTRACT_JFD_FORTIT_INDUSTRIES', 			'CONTRACT_JFD_MERCENARY',		'ERA_INDUSTRIAL',		'ERA_FUTURE',			NULL,							3,				0,				3,				3,				30,				15,				25,				'[ICON_GOLD]',	'TXT_KEY_CONTRACT_JFD_FORTIT_INDUSTRIES_DESC',		'TXT_KEY_CONTRACT_JFD_FORTIT_INDUSTRIES_ADJ',	'TXT_KEY_CONTRACT_JFD_FORTIT_INDUSTRIES_TEXT',		'PROMOTION_JFD_FORTIT_INDUSTRIES'),
		('CONTRACT_JFD_FOREIGN_LEGION', 			'CONTRACT_JFD_MERCENARY',		'ERA_MODERN',			NULL,					'UNIT_FRENCH_FOREIGNLEGION',	3,				0,				3,				3,				30,				15,				25,				'[ICON_GOLD]',	'TXT_KEY_CONTRACT_JFD_FOREIGN_LEGION_DESC',			'TXT_KEY_CONTRACT_JFD_FOREIGN_LEGION_ADJ',		'TXT_KEY_CONTRACT_JFD_FOREIGN_LEGION_TEXT',			'PROMOTION_JFD_FOREIGN_LEGION'),
		('CONTRACT_JFD_FULTON', 					'CONTRACT_JFD_MERCENARY',		'ERA_INDUSTRIAL',		'ERA_MODERN',			NULL,							2,				0,				2,				4,				20,				10,				25,				'[ICON_GOLD]',	'TXT_KEY_CONTRACT_JFD_FULTON_DESC',					'TXT_KEY_CONTRACT_JFD_FULTON_ADJ',				'TXT_KEY_CONTRACT_JFD_FULTON_TEXT',					'PROMOTION_JFD_FULTON'),
		('CONTRACT_JFD_GAESATAE', 					'CONTRACT_JFD_MERCENARY',		'ERA_ANCIENT',			'ERA_MEDIEVAL',			'UNIT_JFD_GAESATAE',			3,				0,				3,				3,				30,				15,				25,				'[ICON_GOLD]',	'TXT_KEY_CONTRACT_JFD_GAESATAE_DESC',				'TXT_KEY_CONTRACT_JFD_GAESATAE_ADJ',			'TXT_KEY_CONTRACT_JFD_GAESATAE_TEXT',				'PROMOTION_JFD_GAESATAE'),
		('CONTRACT_JFD_GASMOULOI', 					'CONTRACT_JFD_MERCENARY',		'ERA_CLASSICAL',		'ERA_MEDIEVAL',			NULL,							3,				0,				3,				3,				30,				15,				25,				'[ICON_GOLD]',	'TXT_KEY_CONTRACT_JFD_GASMOULOI_DESC',				'TXT_KEY_CONTRACT_JFD_GASMOULOI_ADJ',			'TXT_KEY_CONTRACT_JFD_GASMOULOI_TEXT',				'PROMOTION_JFD_GASMOULOI'),
		('CONTRACT_JFD_GHILMAN', 					'CONTRACT_JFD_MERCENARY',		'ERA_MEDIEVAL',			'ERA_INDUSTRIAL',		NULL,							4,				0,				5,				1,				15,				25,				25,				'[ICON_GOLD]',	'TXT_KEY_CONTRACT_JFD_GHILMAN_DESC',				'TXT_KEY_CONTRACT_JFD_GHILMAN_ADJ',				'TXT_KEY_CONTRACT_JFD_GHILMAN_TEXT',				'PROMOTION_JFD_GHILMAN'),
		('CONTRACT_JFD_GLENN_MARINE', 				'CONTRACT_JFD_MERCENARY',		'ERA_POSTMODERN',		NULL,					NULL,							4,				1,				4,				2,				40,				20,				25,				'[ICON_GOLD]',	'TXT_KEY_CONTRACT_JFD_GLENN_MARINE_DESC',			'TXT_KEY_CONTRACT_JFD_GLENN_MARINE_ADJ',		'TXT_KEY_CONTRACT_JFD_GLENN_MARINE_TEXT',			'PROMOTION_JFD_GLENN_MARINE'),
		('CONTRACT_JFD_GURKHA', 					'CONTRACT_JFD_MERCENARY',		'ERA_INDUSTRIAL',		NULL,					'UNIT_MC_INDIAN_GURKHA',		2,				0,				3,				3,				30,				15,				25,				'[ICON_GOLD]',	'TXT_KEY_CONTRACT_JFD_GURKHA_DESC',					'TXT_KEY_CONTRACT_JFD_GURKHA_ADJ',				'TXT_KEY_CONTRACT_JFD_GURKHA_TEXT',					'PROMOTION_JFD_GURKHA'),
		('CONTRACT_JFD_HABIRU', 					'CONTRACT_JFD_MERCENARY',		'ERA_ANCIENT',			'ERA_MEDIEVAL',			NULL,							4,				0,				5,				1,				20,				20,				25,				'[ICON_GOLD]',	'TXT_KEY_CONTRACT_JFD_HABIRU_DESC',					'TXT_KEY_CONTRACT_JFD_HABIRU_ADJ',				'TXT_KEY_CONTRACT_JFD_HABIRU_TEXT',					'PROMOTION_JFD_HABIRU'),
		('CONTRACT_JFD_HACKAPELL', 					'CONTRACT_JFD_MERCENARY',		'ERA_RENAISSANCE',		'ERA_MODERN',			'UNIT_SWEDISH_HAKKAPELIITTA',	2,				1,				2,				4,				20,				10,				25,				'[ICON_GOLD]',	'TXT_KEY_CONTRACT_JFD_HACKAPELL_DESC',				'TXT_KEY_CONTRACT_JFD_HACKAPELL_ADJ',			'TXT_KEY_CONTRACT_JFD_HACKAPELL_TEXT',				'PROMOTION_JFD_HACKAPELL'),
		('CONTRACT_JFD_HASHSHASHINS', 				'CONTRACT_JFD_MERCENARY',		'ERA_MEDIEVAL',			'ERA_RENAISSANCE',		NULL,							1,				0,				1,				5,				10,				5,				25,				'[ICON_GOLD]',	'TXT_KEY_CONTRACT_JFD_HASHSHASHINS_DESC',			'TXT_KEY_CONTRACT_JFD_HASHSHASHINS_ADJ',		'TXT_KEY_CONTRACT_JFD_HASHSHASHINS_TEXT',			'PROMOTION_JFD_HASHSHASHINS'),
		('CONTRACT_JFD_HARLAND_WOLFF', 				'CONTRACT_JFD_MERCENARY',		'ERA_INDUSTRIAL',		NULL,					NULL,							3,				0,				3,				3,				30,				15,				25,				'[ICON_GOLD]',	'TXT_KEY_CONTRACT_JFD_HARLAND_WOLFF_DESC',			'TXT_KEY_CONTRACT_JFD_HARLAND_WOLFF_ADJ',		'TXT_KEY_CONTRACT_JFD_HARLAND_WOLFF_TEXT',			'PROMOTION_JFD_HARLAND_WOLFF'),
		('CONTRACT_JFD_HAVEDIC', 					'CONTRACT_JFD_MERCENARY',		'ERA_CLASSICAL',		'ERA_INDUSTRIAL',		NULL,							1,				0,				1,				5,				10,				5,				25,				'[ICON_GOLD]',	'TXT_KEY_CONTRACT_JFD_HAVEDIC_DESC',				'TXT_KEY_CONTRACT_JFD_HAVEDIC_ADJ',				'TXT_KEY_CONTRACT_JFD_HAVEDIC_TEXT',				'PROMOTION_JFD_HAVEDIC'),
		('CONTRACT_JFD_HELMSCHMIED', 				'CONTRACT_JFD_MERCENARY',		'ERA_MEDIEVAL',			'ERA_INDUSTRIAL',		NULL,							2,				0,				2,				4,				20,				10,				25,				'[ICON_GOLD]',	'TXT_KEY_CONTRACT_JFD_HELMSCHMIED_DESC',			'TXT_KEY_CONTRACT_JFD_HELMSCHMIED_ADJ',			'TXT_KEY_CONTRACT_JFD_HELMSCHMIED_TEXT',			'PROMOTION_JFD_HELMSCHMIED'),
		('CONTRACT_JFD_HESSIANS', 					'CONTRACT_JFD_MERCENARY',		'ERA_INDUSTRIAL',		'ERA_MODERN',			'UNIT_JFD_HESSIAN',				3,				0,				3,				3,				30,				15,				25,				'[ICON_GOLD]',	'TXT_KEY_CONTRACT_JFD_HESSIANS_DESC',				'TXT_KEY_CONTRACT_JFD_HESSIANS_ADJ',			'TXT_KEY_CONTRACT_JFD_HESSIANS_TEXT',				'PROMOTION_JFD_HESSIANS'),
		('CONTRACT_JFD_HETAIREIA', 					'CONTRACT_JFD_MERCENARY',		'ERA_CLASSICAL',		'ERA_MEDIEVAL',			NULL,							3,				0,				3,				3,				30,				15,				25,				'[ICON_GOLD]',	'TXT_KEY_CONTRACT_JFD_HETAIREIA_DESC',				'TXT_KEY_CONTRACT_JFD_HETAIREIA_ADJ',			'TXT_KEY_CONTRACT_JFD_HETAIREIA_TEXT',				'PROMOTION_JFD_HETAIREIA'),
		('CONTRACT_JFD_HYUNDAI', 					'CONTRACT_JFD_MERCENARY',		'ERA_POSTMODERN',		NULL,					NULL,							1,				0,				1,				5,				10,				5,				25,				'[ICON_GOLD]',	'TXT_KEY_CONTRACT_JFD_HYUNDAI_DESC',				'TXT_KEY_CONTRACT_JFD_HYUNDAI_ADJ',				'TXT_KEY_CONTRACT_JFD_HYUNDAI_TEXT',				'PROMOTION_JFD_HYUNDAI'),
		('CONTRACT_JFD_JANISSARIES', 				'CONTRACT_JFD_MERCENARY',		'ERA_MEDIEVAL',			'ERA_MODERN',			'UNIT_OTTOMAN_JANISSARY',		2,				0,				2,				4,				20,				10,				25,				'[ICON_GOLD]',	'TXT_KEY_CONTRACT_JFD_JANISSARIES_DESC',			'TXT_KEY_CONTRACT_JFD_JANISSARIES_ADJ',			'TXT_KEY_CONTRACT_JFD_JANISSARIES_TEXT',			'PROMOTION_JFD_JANISSARIES'),
		('CONTRACT_JFD_JOMSVIKINGS', 				'CONTRACT_JFD_MERCENARY',		'ERA_MEDIEVAL',			'ERA_RENAISSANCE',		NULL,							2,				1,				2,				4,				20,				10,				25,				'[ICON_GOLD]',	'TXT_KEY_CONTRACT_JFD_JOMSVIKINGS_DESC',			'TXT_KEY_CONTRACT_JFD_JOMSVIKINGS_ADJ',			'TXT_KEY_CONTRACT_JFD_JOMSVIKINGS_TEXT',			'PROMOTION_JFD_JOMSVIKINGS'),
		('CONTRACT_JFD_LIGHTNING_WARRIORS', 		'CONTRACT_JFD_MERCENARY',		'ERA_ANCIENT',			'ERA_MEDIEVAL',			NULL,							2,				0,				3,				3,				30,				15,				25,				'[ICON_GOLD]',	'TXT_KEY_CONTRACT_JFD_LIGHTNING_WARRIORS_DESC',		'TXT_KEY_CONTRACT_JFD_LIGHTNING_WARRIORS_ADJ',	'TXT_KEY_CONTRACT_JFD_LIGHTNING_WARRIORS_TEXT',		'PROMOTION_JFD_LIGHTNING_WARRIORS'),
		('CONTRACT_JFD_MAMLUKES', 					'CONTRACT_JFD_MERCENARY',		'ERA_MEDIEVAL',			'ERA_INDUSTRIAL',		'UNIT_JFD_AYYUBID_MAMLUK',		2,				0,				2,				4,				20,				10,				25,				'[ICON_GOLD]',	'TXT_KEY_CONTRACT_JFD_MAMLUKES_DESC',				'TXT_KEY_CONTRACT_JFD_MAMLUKES_ADJ',			'TXT_KEY_CONTRACT_JFD_MAMLUKES_TEXT',				'PROMOTION_JFD_MAMLUKES'),
		('CONTRACT_JFD_MEDJAY', 					'CONTRACT_JFD_MERCENARY',		'ERA_ANCIENT',			'ERA_MEDIEVAL',			NULL,							3,				1,				5,				1,				15,				25,				25,				'[ICON_GOLD]',	'TXT_KEY_CONTRACT_JFD_MEDJAY_DESC',					'TXT_KEY_CONTRACT_JFD_MEDJAY_ADJ',				'TXT_KEY_CONTRACT_JFD_MEDJAY_TEXT',					'PROMOTION_JFD_MEDJAY'),
		('CONTRACT_JFD_MITSUBISHI', 				'CONTRACT_JFD_MERCENARY',		'ERA_POSTMODERN',		NULL,					NULL,							1,				1,				1,				5,				10,				5,				25,				'[ICON_GOLD]',	'TXT_KEY_CONTRACT_JFD_MITSUBISHI_DESC',				'TXT_KEY_CONTRACT_JFD_MITSUBISHI_ADJ',			'TXT_KEY_CONTRACT_JFD_MITSUBISHI_TEXT',				'PROMOTION_JFD_MITSUBISHI'),
		('CONTRACT_JFD_NEWCOMEN', 					'CONTRACT_JFD_MERCENARY',		'ERA_INDUSTRIAL',		'ERA_MODERN',			NULL,							3,				0,				3,				3,				30,				15,				25,				'[ICON_GOLD]',	'TXT_KEY_CONTRACT_JFD_NEWCOMEN_DESC',				'TXT_KEY_CONTRACT_JFD_NEWCOMEN_ADJ',			'TXT_KEY_CONTRACT_JFD_NEWCOMEN_TEXT',				'PROMOTION_JFD_NEWCOMEN'),
		('CONTRACT_JFD_NEGROLI', 					'CONTRACT_JFD_MERCENARY',		'ERA_MEDIEVAL',			'ERA_INDUSTRIAL',		NULL,							1,				0,				1,				5,				10,				5,				25,				'[ICON_GOLD]',	'TXT_KEY_CONTRACT_JFD_NEGROLI_DESC',				'TXT_KEY_CONTRACT_JFD_NEGROLI_ADJ',				'TXT_KEY_CONTRACT_JFD_NEGROLI_TEXT',				'PROMOTION_JFD_NEGROLI'),
		('CONTRACT_JFD_NOMADS', 					'CONTRACT_JFD_MERCENARY',		'ERA_MEDIEVAL',			'ERA_INDUSTRIAL',		NULL,							3,				0,				3,				3,				30,				15,				25,				'[ICON_GOLD]',	'TXT_KEY_CONTRACT_JFD_NOMADS_DESC',					'TXT_KEY_CONTRACT_JFD_NOMADS_ADJ',				'TXT_KEY_CONTRACT_JFD_NOMADS_TEXT',					'PROMOTION_JFD_NOMADS'),
		('CONTRACT_JFD_OUTLAWS', 					'CONTRACT_JFD_MERCENARY',		'ERA_INDUSTRIAL',		'ERA_MODERN',			NULL,							2,				0,				5,				1,				15,				25,				25,				'[ICON_GOLD]',	'TXT_KEY_CONTRACT_JFD_OUTLAWS_DESC',				'TXT_KEY_CONTRACT_JFD_OUTLAWS_ADJ',				'TXT_KEY_CONTRACT_JFD_OUTLAWS_TEXT',				'PROMOTION_JFD_OUTLAWS'),
		('CONTRACT_JFD_POTSDAM_GIANTS', 			'CONTRACT_JFD_MERCENARY',		'ERA_INDUSTRIAL',		'ERA_MODERN',			'UNIT_JFD_POTSDAM_GIANT',		2,				0,				4,				2,				40,				20,				25,				'[ICON_GOLD]',	'TXT_KEY_CONTRACT_JFD_POTSDAM_GIANTS_DESC',			'TXT_KEY_CONTRACT_JFD_POTSDAM_GIANTS_ADJ',		'TXT_KEY_CONTRACT_JFD_POTSDAM_GIANTS_TEXT',			'PROMOTION_JFD_POTSDAM_GIANTS'),
		('CONTRACT_JFD_ROBCO', 						'CONTRACT_JFD_MERCENARY',		'ERA_FUTURE',			NULL,					NULL,							2,				0,				2,				4,				20,				10,				25,				'[ICON_GOLD]',	'TXT_KEY_CONTRACT_JFD_ROBCO_DESC',					'TXT_KEY_CONTRACT_JFD_ROBCO_ADJ',				'TXT_KEY_CONTRACT_JFD_ROBCO_TEXT',					'PROMOTION_JFD_ROBCO'),
		('CONTRACT_JFD_SAIKASHUU', 					'CONTRACT_JFD_MERCENARY',		'ERA_MEDIEVAL',			'ERA_INDUSTRIAL',		NULL,							2,				0,				2,				4,				20,				10,				25,				'[ICON_GOLD]',	'TXT_KEY_CONTRACT_JFD_SAIKASHUU_DESC',				'TXT_KEY_CONTRACT_JFD_SAIKASHUU_ADJ',			'TXT_KEY_CONTRACT_JFD_SAIKASHUU_TEXT',				'PROMOTION_JFD_SAIKASHUU'),
		('CONTRACT_JFD_SALERAIOI', 					'CONTRACT_JFD_MERCENARY',		'ERA_CLASSICAL',		'ERA_MEDIEVAL',			NULL,							3,				0,				3,				3,				30,				15,				25,				'[ICON_GOLD]',	'TXT_KEY_CONTRACT_JFD_SALERAIOI_DESC',				'TXT_KEY_CONTRACT_JFD_SALERAIOI_ADJ',			'TXT_KEY_CONTRACT_JFD_SALERAIOI_TEXT',				'PROMOTION_JFD_SALERAIOI'),
		('CONTRACT_JFD_SANDLINE', 					'CONTRACT_JFD_MERCENARY',		'ERA_FUTURE',			NULL,					NULL,							2,				0,				2,				4,				20,				10,				25,				'[ICON_GOLD]',	'TXT_KEY_CONTRACT_JFD_SANDLINE_DESC',				'TXT_KEY_CONTRACT_JFD_SANDLINE_ADJ',			'TXT_KEY_CONTRACT_JFD_SANDLINE_TEXT',				'PROMOTION_JFD_SANDLINE'),
		('CONTRACT_JFD_SAQALIBA', 					'CONTRACT_JFD_MERCENARY',		'ERA_MEDIEVAL',			'ERA_INDUSTRIAL',		NULL,							2,				0,				4,				2,				40,				20,				25,				'[ICON_GOLD]',	'TXT_KEY_CONTRACT_JFD_SAQALIBA_DESC',				'TXT_KEY_CONTRACT_JFD_SAQALIBA_ADJ',			'TXT_KEY_CONTRACT_JFD_SAQALIBA_TEXT',				'PROMOTION_JFD_SAQALIBA'),
		('CONTRACT_JFD_SERBIAN_FREE_CORPS',			'CONTRACT_JFD_MERCENARY',		'ERA_RENAISSANCE',		'ERA_MODERN',			NULL,							3,				1,				3,				3,				30,				15,				25,				'[ICON_GOLD]',	'TXT_KEY_CONTRACT_JFD_SERBIAN_FREE_CORPS_DESC',		'TXT_KEY_CONTRACT_JFD_SERBIAN_FREE_CORPS_ADJ',	'TXT_KEY_CONTRACT_JFD_SERBIAN_FREE_CORPS_TEXT',		'PROMOTION_JFD_SERBIAN_FREE_CORPS'),
		('CONTRACT_JFD_SONS_MARS', 					'CONTRACT_JFD_MERCENARY',		'ERA_CLASSICAL',		'ERA_MEDIEVAL',			NULL,							2,				0,				2,				4,				20,				10,				25,				'[ICON_GOLD]',	'TXT_KEY_CONTRACT_JFD_SONS_MARS_DESC',				'TXT_KEY_CONTRACT_JFD_SONS_MARS_ADJ',			'TXT_KEY_CONTRACT_JFD_SONS_MARS_TEXT',				'PROMOTION_JFD_SONS_MARS'),
		('CONTRACT_JFD_SONS_MIL', 					'CONTRACT_JFD_MERCENARY',		'ERA_CLASSICAL',		'ERA_RENAISSANCE',		NULL,							2,				0,				3,				3,				30,				15,				25,				'[ICON_GOLD]',	'TXT_KEY_CONTRACT_JFD_SONS_MIL_DESC',				'TXT_KEY_CONTRACT_JFD_SONS_MIL_ADJ',			'TXT_KEY_CONTRACT_JFD_SONS_MIL_TEXT',				'PROMOTION_JFD_SONS_MIL'),
		('CONTRACT_JFD_ST_MARK', 					'CONTRACT_JFD_MERCENARY',		'ERA_MEDIEVAL',			'ERA_INDUSTRIAL',		'UNIT_JFD_DOPPELSOLDNER',		1,				0,				2,				4,				20,				10,				25,				'[ICON_GOLD]',	'TXT_KEY_CONTRACT_JFD_ST_MARK_DESC',				'TXT_KEY_CONTRACT_JFD_ST_MARK_ADJ',				'TXT_KEY_CONTRACT_JFD_ST_MARK_TEXT',				'PROMOTION_JFD_ST_MARK'),
		('CONTRACT_JFD_STRADIOT', 					'CONTRACT_JFD_MERCENARY',		'ERA_RENAISSANCE',		'ERA_INDUSTRIAL',		NULL,							2,				0,				3,				3,				30,				15,				25,				'[ICON_GOLD]',	'TXT_KEY_CONTRACT_JFD_STRADIOT_DESC',				'TXT_KEY_CONTRACT_JFD_STRADIOT_ADJ',			'TXT_KEY_CONTRACT_JFD_STRADIOT_TEXT',				'PROMOTION_JFD_STRADIOT'),
		('CONTRACT_JFD_SWISS_GUARD', 				'CONTRACT_JFD_MERCENARY',		'ERA_MEDIEVAL',			'ERA_INDUSTRIAL',		'UNIT_JFD_SWISS_GUARD',			3,				0,				4,				4,				20,				10,				25,				'[ICON_GOLD]',	'TXT_KEY_CONTRACT_JFD_SWISS_GUARD_DESC',			'TXT_KEY_CONTRACT_JFD_SWISS_GUARD_ADJ',			'TXT_KEY_CONTRACT_JFD_SWISS_GUARD_TEXT',			'PROMOTION_JFD_SWISS_GUARD'),
		('CONTRACT_JFD_TEN_THOUSAND', 				'CONTRACT_JFD_MERCENARY',		'ERA_ANCIENT',			'ERA_MEDIEVAL',			NULL,							5,				0,				4,				2,				40,				20,				25,				'[ICON_GOLD]',	'TXT_KEY_CONTRACT_JFD_TEN_THOUSAND_DESC',			'TXT_KEY_CONTRACT_JFD_TEN_THOUSAND_ADJ',		'TXT_KEY_CONTRACT_JFD_TEN_THOUSAND_TEXT',			'PROMOTION_JFD_TEN_THOUSAND'),
		('CONTRACT_JFD_OUTER_HEAVEN', 				'CONTRACT_JFD_MERCENARY',		'ERA_FUTURE',			NULL,					NULL,							2,				0,				2,				4,				20,				10,				25,				'[ICON_GOLD]',	'TXT_KEY_CONTRACT_JFD_OUTER_HEAVEN_DESC',			'TXT_KEY_CONTRACT_JFD_OUTER_HEAVEN_ADJ',		'TXT_KEY_CONTRACT_JFD_OUTER_HEAVEN_TEXT',			'PROMOTION_JFD_OUTER_HEAVEN'),
		('CONTRACT_JFD_VARANGIAN', 					'CONTRACT_JFD_MERCENARY',		'ERA_CLASSICAL',		'ERA_RENAISSANCE',		'UNIT_JFD_VARANGIAN_GUARD',		2,				0,				1,				5,				10,				5,				25,				'[ICON_GOLD]',	'TXT_KEY_CONTRACT_JFD_VARANGIAN_DESC',				'TXT_KEY_CONTRACT_JFD_VARANGIAN_ADJ',			'TXT_KEY_CONTRACT_JFD_VARANGIAN_TEXT',				'PROMOTION_JFD_VARANGIAN'),
		('CONTRACT_JFD_VERNY', 						'CONTRACT_JFD_MERCENARY',		'ERA_INDUSTRIAL',		'ERA_POSTMODERN',		NULL,							3,				0,				3,				3,				30,				15,				25,				'[ICON_GOLD]',	'TXT_KEY_CONTRACT_JFD_VERNY_DESC',					'TXT_KEY_CONTRACT_JFD_VERNY_ADJ',				'TXT_KEY_CONTRACT_JFD_VERNY_TEXT',					'PROMOTION_JFD_VERNY'),
		('CONTRACT_JFD_VICTUAL_BROTHERS', 			'CONTRACT_JFD_MERCENARY',		'ERA_MEDIEVAL',			'ERA_INDUSTRIAL',		NULL,							2,				0,				3,				3,				30,				15,				25,				'[ICON_GOLD]',	'TXT_KEY_CONTRACT_JFD_VICTUAL_BROTHERS_DESC',		'TXT_KEY_CONTRACT_JFD_VICTUAL_BROTHERS_ADJ',	'TXT_KEY_CONTRACT_JFD_VICTUAL_BROTHERS_TEXT',		'PROMOTION_JFD_VICTUAL_BROTHERS'),
		('CONTRACT_JFD_VITRUVIUS', 					'CONTRACT_JFD_MERCENARY',		'ERA_ANCIENT',			'ERA_RENAISSANCE',		NULL,							2,				0,				2,				4,				20,				10,				25,				'[ICON_GOLD]',	'TXT_KEY_CONTRACT_JFD_VITRUVIUS_DESC',				'TXT_KEY_CONTRACT_JFD_VITRUVIUS_ADJ',			'TXT_KEY_CONTRACT_JFD_VITRUVIUS_TEXT',				'PROMOTION_JFD_VITRUVIUS'),
		('CONTRACT_JFD_WEYLAND_YUTANI', 			'CONTRACT_JFD_MERCENARY',		'ERA_FUTURE',			NULL,					NULL,							1,				0,				1,				5,				10,				5,				25,				'[ICON_GOLD]',	'TXT_KEY_CONTRACT_JFD_WEYLAND_YUTANI_DESC',			'TXT_KEY_CONTRACT_JFD_WEYLAND_YUTANI_ADJ',		'TXT_KEY_CONTRACT_JFD_WEYLAND_YUTANI_TEXT',			'PROMOTION_JFD_WEYLAND_YUTANI'),
		('CONTRACT_JFD_WHITE_COMPANY', 				'CONTRACT_JFD_MERCENARY',		'ERA_RENAISSANCE',		'ERA_INDUSTRIAL',		NULL,							2,				0,				1,				5,				10,				5,				25,				'[ICON_GOLD]',	'TXT_KEY_CONTRACT_JFD_WHITE_COMPANY_DESC',			'TXT_KEY_CONTRACT_JFD_WHITE_COMPANY_ADJ',		'TXT_KEY_CONTRACT_JFD_WHITE_COMPANY_TEXT',			'PROMOTION_JFD_WHITE_COMPANY'),
		('CONTRACT_JFD_WILD_GEESE', 				'CONTRACT_JFD_MERCENARY',		'ERA_RENAISSANCE',		'ERA_MODERN',			NULL,							2,				0,				3,				3,				30,				15,				25,				'[ICON_GOLD]',	'TXT_KEY_CONTRACT_JFD_WILD_GEESE_DESC',				'TXT_KEY_CONTRACT_JFD_WILD_GEESE_ADJ',			'TXT_KEY_CONTRACT_JFD_WILD_GEESE_TEXT',				'PROMOTION_JFD_WILD_GEESE'),
		('CONTRACT_JFD_WHITE_LEGION', 				'CONTRACT_JFD_MERCENARY',		'ERA_POSTMODERN',		NULL,					NULL,							3,				0,				4,				2,				40,				20,				25,				'[ICON_GOLD]',	'TXT_KEY_CONTRACT_JFD_WHITE_LEGION_DESC',			'TXT_KEY_CONTRACT_JFD_WHITE_LEGION_ADJ',		'TXT_KEY_CONTRACT_JFD_WHITE_LEGION_TEXT',			'PROMOTION_JFD_WHITE_LEGION'),
		('CONTRACT_JFD_ZAPOROZHIAN', 				'CONTRACT_JFD_MERCENARY',		'ERA_INDUSTRIAL',		'ERA_MODERN',			'UNIT_RUSSIAN_COSSACK',			2,				0,				2,				4,				20,				10,				25,				'[ICON_GOLD]',	'TXT_KEY_CONTRACT_JFD_ZAPOROZHIAN_DESC',			'TXT_KEY_CONTRACT_JFD_ZAPOROZHIAN_ADJ',			'TXT_KEY_CONTRACT_JFD_ZAPOROZHIAN_TEXT',			'PROMOTION_JFD_ZAPOROZHIAN'),
		('CONTRACT_JFD_ZOUAVES', 					'CONTRACT_JFD_MERCENARY',		'ERA_INDUSTRIAL',		'ERA_MODERN',			NULL,							3,				0,				3,				3,				30,				15,				25,				'[ICON_GOLD]',	'TXT_KEY_CONTRACT_JFD_ZOUAVES_DESC',				'TXT_KEY_CONTRACT_JFD_ZOUAVES_ADJ',				'TXT_KEY_CONTRACT_JFD_ZOUAVES_TEXT',				'PROMOTION_JFD_ZOUAVES');
-------------------------------------
-- Contract_UnitClasses
-------------------------------------
INSERT INTO Contract_UnitClasses
		(ContractType, 								CultureType,			UseOnlyCultureType,		UnitClassType)
VALUES	('CONTRACT_JFD_ATTACOTTI',					'JFD_Northern',			0,						'UNITCLASS_SPEARMAN'),
		('CONTRACT_JFD_ATTACOTTI',					'JFD_Northern',			0,						'UNITCLASS_WARRIOR'),
		('CONTRACT_JFD_BESSI',						'JFD_Classical',		0,						'UNITCLASS_SPEARMAN'),
		('CONTRACT_JFD_BESSI',						'JFD_Classical',		0,						'UNITCLASS_WARRIOR'),
		('CONTRACT_JFD_BESSI',						'JFD_Classical',		0,						'UNITCLASS_COMPOSITE_BOWMAN'),
		('CONTRACT_JFD_BESSI',						'JFD_Classical',		0,						'UNITCLASS_ARCHER'),
		('CONTRACT_JFD_SONS_MARS',					'JFD_Classical',		0,						'UNITCLASS_SWORDSMAN'),
		('CONTRACT_JFD_SONS_MARS',					'JFD_Classical',		0,						'UNITCLASS_TRIREME'),
		('CONTRACT_JFD_SONS_MARS',					'JFD_Classical',		0,						'UNITCLASS_LONGSWORDSMAN'),
		('CONTRACT_JFD_TEN_THOUSAND',				'JFD_Classical',		0,						'UNITCLASS_SPEARMAN'),
		('CONTRACT_JFD_TEN_THOUSAND',				'JFD_Classical',		0,						'UNITCLASS_PIKEMAN'),
		('CONTRACT_JFD_SWISS_GUARD',				NULL,					0,						'UNITCLASS_PIKEMAN'),
		('CONTRACT_JFD_VICTUAL_BROTHERS',			NULL,					0,						'UNITCLASS_PRIVATEER');
---------------------------------------
-- Contract_UnitClasses
-------------------------------------	
INSERT INTO Contract_UnitCombats 
		(ContractType, 								CultureType,			UseOnlyCultureType,		UnitCombatType)
VALUES	('CONTRACT_JFD_AIRSCAN',					NULL,					0,						'UNITCOMBAT_BOMBER'),
		('CONTRACT_JFD_AIRSCAN',					NULL,					0,						'UNITCOMBAT_FIGHTER'),
		('CONTRACT_JFD_AL_TARSUSI',					'JFD_Islamic',			0,						'UNITCOMBAT_SIEGE'),
		('CONTRACT_JFD_AMSAIG',						'JFD_Northern',			1,						'UNITCOMBAT_ARCHER'),
		('CONTRACT_JFD_AMSAIG',						'JFD_Northern',			1,						'UNITCOMBAT_MELEE'),
		('CONTRACT_JFD_ARCHIMEDES',					'JFD_Classical',		0,						'UNITCOMBAT_SIEGE'),
		('CONTRACT_JFD_ARCHIMEDES',					'JFD_Classical',		0,						'UNITCOMBAT_NAVALRANGED'),
		('CONTRACT_JFD_ATHOLL',						'JFD_Northern',			0,						'UNITCOMBAT_GUN'),
		('CONTRACT_JFD_ATHOLL',						'JFD_Northern',			0,						'UNITCOMBAT_MELEE'),
		('CONTRACT_JFD_BAE_SYSTEMS',				NULL,					0,						'UNITCOMBAT_SIEGE'),
		('CONTRACT_JFD_BAE_SYSTEMS',				NULL,					0,						'UNITCOMBAT_NAVALRANGED'),
		('CONTRACT_JFD_BAE_SYSTEMS',				NULL,					0,						'UNITCOMBAT_NAVALMELEE'),
		('CONTRACT_JFD_BAE_SYSTEMS',				NULL,					0,						'UNITCOMBAT_CARRIER'),
		('CONTRACT_JFD_BANDEIRANTES',				'JFD_Southern',			0,						'UNITCOMBAT_MELEE'),
		('CONTRACT_JFD_BANDEIRANTES',				'JFD_Southern',			0,						'UNITCOMBAT_RECON'),
		('CONTRACT_JFD_BASHI_BAZOUK',				'JFD_Islamic',			0,						'UNITCOMBAT_MELEE'),
		('CONTRACT_JFD_BASHI_BAZOUK',				'JFD_Islamic',			0,						'UNITCOMBAT_GUN'),
		('CONTRACT_JFD_BELEARIC',					'JFD_Classical',		0,						'UNITCOMBAT_RECON'),
		('CONTRACT_JFD_BLACKWATER',					NULL,					0,						'UNITCOMBAT_GUN'),
		('CONTRACT_JFD_BLACKWATER',					NULL,					0,						'UNITCOMBAT_ARMOR'),
		('CONTRACT_JFD_BLACKWATER',					NULL,					0,						'UNITCOMBAT_NAVALMELEE'),
		('CONTRACT_JFD_BLACKWATER',					NULL,					0,						'UNITCOMBAT_NAVALRANGED'),
		('CONTRACT_JFD_BLACKWATER',					NULL,					0,						'UNITCOMBAT_SUBMARINE'),
		('CONTRACT_JFD_BLUE_GUARDS',				'JFD_Western',			0,						'UNITCOMBAT_GUN'),
		('CONTRACT_JFD_BERDAN',						NULL,					0,						'UNITCOMBAT_ARCHER'),
		('CONTRACT_JFD_BERDAN',						NULL,					0,						'UNITCOMBAT_GUN'),
		('CONTRACT_JFD_BOEING',						NULL,					0,						'UNITCOMBAT_HELICOPTER'),
		('CONTRACT_JFD_BOEING',						NULL,					0,						'UNITCOMBAT_BOMBER'),
		('CONTRACT_JFD_BOEING',						NULL,					0,						'UNITCOMBAT_FIGHTER'),
		('CONTRACT_JFD_BOFORS',						NULL,					0,						'UNITCOMBAT_SIEGE'),
		('CONTRACT_JFD_CATALAN_COMPANY',			'JFD_Southern',			0,						'UNITCOMBAT_ARCHER'),
		('CONTRACT_JFD_CATALAN_COMPANY',			'JFD_Southern',			0,						'UNITCOMBAT_NAVALMELEE'),
		('CONTRACT_JFD_CATALAN_COMPANY',			'JFD_Southern',			0,						'UNITCOMBAT_NAVALRANGED'),
		('CONTRACT_JFD_CATALAN_COMPANY',			'JFD_Western',			0,						'UNITCOMBAT_ARCHER'),
		('CONTRACT_JFD_CATALAN_COMPANY',			'JFD_Western',			0,						'UNITCOMBAT_NAVALMELEE'),
		('CONTRACT_JFD_CATALAN_COMPANY',			'JFD_Western',			0,						'UNITCOMBAT_NAVALRANGED'),
		('CONTRACT_JFD_CEBEILLE',					NULL,					0,						'UNITCOMBAT_BOMBER'),
		('CONTRACT_JFD_CHELA',						'JFD_Bharata',			0,						'UNITCOMBAT_ARCHER'),
		('CONTRACT_JFD_CHELA',						'JFD_Bharata',			0,						'UNITCOMBAT_GUN'),
		('CONTRACT_JFD_CHELA',						'JFD_Bharata',			0,						'UNITCOMBAT_MELEE'),
		('CONTRACT_JFD_CINQUE',						'JFD_Western',			0,						'UNITCOMBAT_NAVALMELEE'),
		('CONTRACT_JFD_CINQUE',						'JFD_Western',			0,						'UNITCOMBAT_NAVALRANGED'),
		('CONTRACT_JFD_CLAN_SWEENY',				'JFD_Northern',			0,						'UNITCOMBAT_ARCHER'),
		('CONTRACT_JFD_COLONIAL_MARINES',			'JFD_Bantu',			0,						'UNITCOMBAT_GUN'),
		('CONTRACT_JFD_COLONIAL_MARINES',			'JFD_WestAfrican',		0,						'UNITCOMBAT_GUN'),
		('CONTRACT_JFD_COMPANY_HAT',				'JFD_Southern',			0,						'UNITCOMBAT_MOUNTED'),
		('CONTRACT_JFD_COMPANY_HAT',				'JFD_Southern',			0,						'UNITCOMBAT_MELEE'),
		('CONTRACT_JFD_COMPANY_HAT',				'JFD_Southern',			0,						'UNITCOMBAT_GUN'),
		('CONTRACT_JFD_COMPANY_ADVENTURERS',		NULL,					0,						'UNITCOMBAT_RECON'),
		('CONTRACT_JFD_CORP_ENGINEER', 				NULL,					0,						'UNITCOMBAT_SIEGE'),
		('CONTRACT_JFD_DE_MEURON',					'JFD_Western',			0,						'UNITCOMBAT_ARCHER'),
		('CONTRACT_JFD_DE_MEURON',					'JFD_Western',			0,						'UNITCOMBAT_GUN'),
		('CONTRACT_JFD_DE_WATTEVILLE',				'JFD_Central',			0,						'UNITCOMBAT_ARCHER'),
		('CONTRACT_JFD_DE_WATTEVILLE',				'JFD_Central',			0,						'UNITCOMBAT_GUN'),
		('CONTRACT_JFD_DIAMOND_DOGS',				NULL,					0,						'UNITCOMBAT_GUN'),
		('CONTRACT_JFD_DYNACORP',					NULL,					0,						'UNITCOMBAT_GUN'),
		('CONTRACT_JFD_DYNACORP',					NULL,					0,						'UNITCOMBAT_ARMOR'),
		('CONTRACT_JFD_DYNACORP',					NULL,					0,						'UNITCOMBAT_HELICOPTER'),
		('CONTRACT_JFD_DYNACORP',					NULL,					0,						'UNITCOMBAT_BOMBER'),
		('CONTRACT_JFD_DYNACORP',					NULL,					0,						'UNITCOMBAT_FIGHTER'),
		('CONTRACT_JFD_ELSWICK',					NULL,					0,						'UNITCOMBAT_SIEGE'),
		('CONTRACT_JFD_ELSWICK',					NULL,					0,						'UNITCOMBAT_NAVALRANGED'),
		('CONTRACT_JFD_EXECUTIVE_OUTCOMES',			NULL,					0,						'UNITCOMBAT_GUN'),
		('CONTRACT_JFD_EXECUTIVE_OUTCOMES',			NULL,					0,						'UNITCOMBAT_ARMOR'),
		('CONTRACT_JFD_EXECUTIVE_OUTCOMES',			NULL,					0,						'UNITCOMBAT_HELICOPTER'),
		('CONTRACT_JFD_EXECUTIVE_OUTCOMES',			NULL,					0,						'UNITCOMBAT_BOMBER'),
		('CONTRACT_JFD_EXECUTIVE_OUTCOMES',			NULL,					0,						'UNITCOMBAT_FIGHTER'),
		('CONTRACT_JFD_EXECUTIVE_OUTCOMES',			NULL,					0,						'UNITCOMBAT_NAVALMELEE'),
		('CONTRACT_JFD_EXECUTIVE_OUTCOMES',			NULL,					0,						'UNITCOMBAT_NAVALRANGED'),
		('CONTRACT_JFD_EXECUTIVE_OUTCOMES',			NULL,					0,						'UNITCOMBAT_SUBMARINE'),
		('CONTRACT_JFD_HELMSCHMIED',				NULL,					0,						'UNITCOMBAT_SIEGE'),
		('CONTRACT_JFD_FLYING_TIGERS', 				NULL,					0,						'UNITCOMBAT_FIGHTER'),
		('CONTRACT_JFD_FORTIT_INDUSTRIES', 			NULL,					0,						'UNITCOMBAT_ARMOR'),
		('CONTRACT_JFD_FULTON',						NULL,					0,						'UNITCOMBAT_SUBMARINE'),
		('CONTRACT_JFD_FULTON',						NULL,					0,						'UNITCOMBAT_NAVALRANGED'),
		('CONTRACT_JFD_FULTON',						NULL,					0,						'UNITCOMBAT_NAVALMELEE'),
		('CONTRACT_JFD_GASMOULOI',					'JFD_Classical',		0,						'UNITCOMBAT_NAVALRANGED'),
		('CONTRACT_JFD_GASMOULOI',					'JFD_Classical',		0,						'UNITCOMBAT_NAVALMELEE'),
		('CONTRACT_JFD_GLENN_MARNIE', 				NULL,					0,						'UNITCOMBAT_CARRIER'),
		('CONTRACT_JFD_GLENN_MARNIE', 				NULL,					0,						'UNITCOMBAT_NAVALMELEE'),
		('CONTRACT_JFD_GLENN_MARNIE', 				NULL,					0,						'UNITCOMBAT_NAVALRANGED'),
		('CONTRACT_JFD_GLENN_MARNIE', 				NULL,					0,						'UNITCOMBAT_SUBMARINE'),
		('CONTRACT_JFD_GHILMAN',					'JFD_Steppe',			0,						'UNITCOMBAT_ARCHER'),
		('CONTRACT_JFD_GHILMAN',					'JFD_Steppe',			0,						'UNITCOMBAT_GUN'),
		('CONTRACT_JFD_GHILMAN',					'JFD_Steppe',			0,						'UNITCOMBAT_MELEE'),
		('CONTRACT_JFD_GURKHA',						'JFD_Bharata',			0,						'UNITCOMBAT_GUN'),
		('CONTRACT_JFD_HABIRU',						'JFD_Mesopotamic',		0,						'UNITCOMBAT_ARCHER'),
		('CONTRACT_JFD_HABIRU',						'JFD_Mesopotamic',		0,						'UNITCOMBAT_GUN'),
		('CONTRACT_JFD_HABIRU',						'JFD_Mesopotamic',		0,						'UNITCOMBAT_MELEE'),
		('CONTRACT_JFD_HASHSHASHINS',				'JFD_Islamic',			1,						'UNITCOMBAT_ARCHER'),
		('CONTRACT_JFD_HASHSHASHINS',				'JFD_Islamic',			1,						'UNITCOMBAT_MELEE'),
		('CONTRACT_JFD_HASHSHASHINS',				'JFD_Islamic',			1,						'UNITCOMBAT_GUN'),
		('CONTRACT_JFD_HETAIREIA',					'JFD_Classical',		0,						'UNITCOMBAT_MOUNTED'),
		('CONTRACT_JFD_HACKAPELL',					'JFD_Western',			0,						'UNITCOMBAT_MOUNTED'),
		('CONTRACT_JFD_HARLAND_WOLFF', 				NULL,					0,						'UNITCOMBAT_NAVALRANGED'),
		('CONTRACT_JFD_HARLAND_WOLFF', 				NULL,					0,						'UNITCOMBAT_NAVALMELEE'),
		('CONTRACT_JFD_HAVEDIC', 					NULL,					0,						'UNITCOMBAT_SIEGE'),
		('CONTRACT_JFD_HYUNDAI',					NULL,					0,						'UNITCOMBAT_NAVALRANGED'),
		('CONTRACT_JFD_HYUNDAI',					NULL,					0,						'UNITCOMBAT_NAVALMELEE'),
		('CONTRACT_JFD_HYUNDAI',					NULL,					0,						'UNITCOMBAT_CARRIER'),
		('CONTRACT_JFD_HYUNDAI',					NULL,					0,						'UNITCOMBAT_SUBMARINE'),
		('CONTRACT_JFD_JANISSARIES',				'JFD_Islamic',			0,						'UNITCOMBAT_GUN'),
		('CONTRACT_JFD_JOMSVIKINGS',				'JFD_Northern',			0,						'UNITCOMBAT_MELEE'),
		('CONTRACT_JFD_JOMSVIKINGS',				'JFD_Northern',			0,						'UNITCOMBAT_GUN'),
		('CONTRACT_JFD_LIGHTNING_WARRIORS',			'JFD_Mesoamerican',		0,						'UNITCOMBAT_MELEE'),
		('CONTRACT_JFD_MAMLUKES',					'JFD_Islamic',			0,						'UNITCOMBAT_MOUNTED'),
		('CONTRACT_JFD_MEDJAY',						'JFD_Mesopotamic',		0,						'UNITCOMBAT_ARCHER'),
		('CONTRACT_JFD_MITSUBISHI',					NULL,					0,						'UNITCOMBAT_NAVALRANGED'),
		('CONTRACT_JFD_NEGROLI',					'JFD_Southern',			0,						'UNITCOMBAT_SIEGE'),
		('CONTRACT_JFD_NEWCOMEN',					NULL,					0,						'UNITCOMBAT_NAVALRANGED'),
		('CONTRACT_JFD_NEWCOMEN',					NULL,					0,						'UNITCOMBAT_NAVALMELEE'),
		('CONTRACT_JFD_NOMADS',						'JFD_Steppe',			0,						'UNITCOMBAT_MOUNTED'),
		('CONTRACT_JFD_OUTLAWS',					'JFD_Colonial',			0,						'UNITCOMBAT_GUN'),
		('CONTRACT_JFD_ROBCO', 						NULL,					0,						'UNITCOMBAT_ARMOR'),
		('CONTRACT_JFD_ROBCO', 						NULL,					0,						'UNITCOMBAT_SIEGE'),
		('CONTRACT_JFD_SANDLINE', 					NULL,					0,						'UNITCOMBAT_GUN'),
		('CONTRACT_JFD_SANDLINE', 					NULL,					0,						'UNITCOMBAT_ARMOR'),
		('CONTRACT_JFD_SAIKASHUU',					'JFD_Oriental',			0,						'UNITCOMBAT_MELEE'),
		('CONTRACT_JFD_SAIKASHUU',					'JFD_Oriental',			0,						'UNITCOMBAT_GUN'),
		('CONTRACT_JFD_SALERAIOI',					'JFD_Classical',		0,						'UNITCOMBAT_MOUNTED'),
		('CONTRACT_JFD_SALERAIOI',					'JFD_Classical',		0,						'UNITCOMBAT_MELEE'),
		('CONTRACT_JFD_SALERAIOI',					'JFD_Classical',		0,						'UNITCOMBAT_GUN'),
		('CONTRACT_JFD_SAQALIBA',					'JFD_Eastern',			0,						'UNITCOMBAT_ARCHER'),
		('CONTRACT_JFD_SAQALIBA',					'JFD_Eastern',			0,						'UNITCOMBAT_GUN'),
		('CONTRACT_JFD_SAQALIBA',					'JFD_Eastern',			0,						'UNITCOMBAT_MELEE'),
		('CONTRACT_JFD_SERBIAN_FREE_CORPS',			'JFD_Eastern',			0,						'UNITCOMBAT_ARCHER'),
		('CONTRACT_JFD_SERBIAN_FREE_CORPS',			'JFD_Eastern',			0,						'UNITCOMBAT_GUN'),
		('CONTRACT_JFD_SERBIAN_FREE_CORPS',			'JFD_Eastern',			0,						'UNITCOMBAT_MELEE'),
		('CONTRACT_JFD_SONS_MIL',					'JFD_Northern',			0,						'UNITCOMBAT_MELEE'),
		('CONTRACT_JFD_STRADIOT',					'JFD_Eastern',			0,						'UNITCOMBAT_MOUNTED'),
		('CONTRACT_JFD_OUTER_HEAVEN',				NULL,					0,						'UNITCOMBAT_GUN'),
		('CONTRACT_JFD_VARANGIAN',					'JFD_Northern',			0,						'UNITCOMBAT_MELEE'),
		('CONTRACT_JFD_VERNY',						NULL,					0,						'UNITCOMBAT_NAVALRANGED'),
		('CONTRACT_JFD_VERNY',						NULL,					0,						'UNITCOMBAT_NAVALMELEE'),
		('CONTRACT_JFD_VITRUVIUS',					NULL,					0,						'UNITCOMBAT_SIEGE'),
		('CONTRACT_JFD_WHITE_COMPANY',				'JFD_Southern',			0,						'UNITCOMBAT_MOUNTED'),
		('CONTRACT_JFD_WHITE_LEGION',				'JFD_Eastern',			0,						'UNITCOMBAT_GUN'),
		('CONTRACT_JFD_WILD_GEESE',					'JFD_Northern',			0,						'UNITCOMBAT_GUN'),
		('CONTRACT_JFD_ZOUAVES',					'JFD_Central',			0,						'UNITCOMBAT_GUN');			
--==========================================================================================================================
--==========================================================================================================================