--==========================================================================================================================
-- CITY EVENTS
--==========================================================================================================================
-- CityEvents
--------------------------------------------------------------------------------------------------------------------------		
INSERT INTO CityEvents
		(Type,														EventClass,					Description,														Help,														CityEventArt,				CityEventAudio,						NumChoices,	RandomChance,	RandomChanceDelta,	EventCooldown,  IsOneShot,	MaximumCityPopulation,	CityLacksPlayerMajorityReligion,	RequiredBuildingClass,					RequiredEra)
VALUES	('CITY_EVENT_JFD_COLONIES_ASSEMBLY',						'EVENT_CLASS_GOOD',			'TXT_KEY_CITY_EVENT_JFD_COLONIES_ASSEMBLY_DESCRIPTION',				'TXT_KEY_CITY_EVENT_JFD_COLONIES_ASSEMBLY_HELP',			'Event_Assembly.dds',		'AS2D_EVENT_JFD_ASSEMBLY',			2,			10,				3,					30,				1,			0,						0,									'BUILDINGCLASS_JFD_GOVERNORS_MANSION',	'ERA_RENAISSANCE'),
		('CITY_EVENT_JFD_COLONIES_ASSEMBLY_GOLD',					'EVENT_CLASS_GOOD',			NULL,																NULL,														'Event_Assembly.dds',		'AS2D_EVENT_JFD_GOLD_GIFT',			1,			20,				1,					30,				0,			0,						0,									'BUILDINGCLASS_JFD_GOVERNORS_MANSION',	'ERA_RENAISSANCE'),
		('CITY_EVENT_JFD_COLONIES_ASSEMBLY_FREEDOM',				'EVENT_CLASS_GOOD',			'TXT_KEY_CITY_EVENT_JFD_COLONIES_ASSEMBLY_FREEDOM_DESCRIPTION',		'TXT_KEY_CITY_EVENT_JFD_COLONIES_ASSEMBLY_FREEDOM_HELP',	'Event_Assembly.dds',		'AS2D_EVENT_JFD_ASSEMBLY',			3,			20,				1,					30,				0,			0,						0,									'BUILDINGCLASS_JFD_GOVERNORS_MANSION',	'ERA_RENAISSANCE'),
		('CITY_EVENT_JFD_COLONIES_ASSEMBLY_FLAG',					'EVENT_CLASS_NEUTRAL',		'TXT_KEY_CITY_EVENT_JFD_COLONIES_ASSEMBLY_FLAG_DESCRIPTION',		'TXT_KEY_CITY_EVENT_JFD_COLONIES_ASSEMBLY_FLAG_HELP',		'Event_Assembly.dds',		'AS2D_EVENT_JFD_ASSEMBLY',			3,			20,				1,					30,				0,			0,						0,									'BUILDINGCLASS_JFD_GOVERNORS_MANSION',	'ERA_RENAISSANCE'),
		('CITY_EVENT_JFD_COLONIES_ASSEMBLY_FLAG_FAIL',				'EVENT_CLASS_GOOD',			NULL,																NULL,														'Event_Assembly.dds',		'AS2D_EVENT_JFD_ASSEMBLY',			1,			20,				5,					30,				0,			0,						0,									'BUILDINGCLASS_JFD_GOVERNORS_MANSION',	'ERA_RENAISSANCE'),
		('CITY_EVENT_JFD_COLONIES_ASSEMBLY_FLAG_SUCCESS',			'EVENT_CLASS_GOOD',			NULL,																NULL,														'Event_Assembly.dds',		'AS2D_EVENT_JFD_ASSEMBLY',			1,			20,				5,					30,				0,			0,						0,									'BUILDINGCLASS_JFD_GOVERNORS_MANSION',	'ERA_RENAISSANCE'),
		('CITY_EVENT_JFD_COLONIES_ASSEMBLY_TAX',					'EVENT_CLASS_BAD',			'TXT_KEY_CITY_EVENT_JFD_COLONIES_ASSEMBLY_TAX_DESCRIPTION',			'TXT_KEY_CITY_EVENT_JFD_COLONIES_ASSEMBLY_TAX_HELP',		'Event_Assembly.dds',		'AS2D_EVENT_JFD_ASSEMBLY_BAD',		2,			20,				1,					30,				0,			0,						0,									'BUILDINGCLASS_JFD_GOVERNORS_MANSION',	'ERA_RENAISSANCE'),
		('CITY_EVENT_JFD_COLONIES_ASSEMBLY_TRADE',					'EVENT_CLASS_NEUTRAL',		'TXT_KEY_CITY_EVENT_JFD_COLONIES_ASSEMBLY_TRADE_DESCRIPTION',		'TXT_KEY_CITY_EVENT_JFD_COLONIES_ASSEMBLY_TRADE_HELP',		'Event_Assembly.dds',		'AS2D_EVENT_JFD_ASSEMBLY',			3,			20,				1,					30,				0,			0,						0,									'BUILDINGCLASS_JFD_GOVERNORS_MANSION',	'ERA_RENAISSANCE'),
		('CITY_EVENT_JFD_COLONIES_ASSEMBLY_WAR',					'EVENT_CLASS_BAD',			'TXT_KEY_CITY_EVENT_JFD_COLONIES_ASSEMBLY_WAR_DESCRIPTION',			'TXT_KEY_CITY_EVENT_JFD_COLONIES_ASSEMBLY_WAR_HELP',		'Event_Assembly.dds',		'AS2D_EVENT_JFD_GENERIC_EVENT_BAD',	2,			20,				1,					30,				0,			0,						0,									'BUILDINGCLASS_JFD_GOVERNORS_MANSION',	'ERA_RENAISSANCE'),
		('CITY_EVENT_JFD_COLONIES_COMPANY',							'EVENT_CLASS_GOOD',			'TXT_KEY_CITY_EVENT_JFD_COLONIES_COMPANY_DESCRIPTION',				'TXT_KEY_CITY_EVENT_JFD_COLONIES_COMPANY_HELP',				'Event_TradeDock.dds',		'AS2D_EVENT_JFD_GENERIC_EVENT',		2,			10,				1,					50,				1,			0,						0,									'BUILDINGCLASS_JFD_GOVERNORS_MANSION',	'ERA_MEDIEVAL'),
		('CITY_EVENT_JFD_COLONIES_MIGRATION',						'EVENT_CLASS_GOOD',			'TXT_KEY_CITY_EVENT_JFD_COLONIES_MIGRATION_DESCRIPTION',			'TXT_KEY_CITY_EVENT_JFD_COLONIES_MIGRATION_HELP',			'Event_Migration.dds',		'AS2D_EVENT_JFD_GENERIC_EVENT',		2,			10,				1,					50,				0,			0,						0,									'BUILDINGCLASS_JFD_GOVERNORS_MANSION',	'ERA_MEDIEVAL'),
		('CITY_EVENT_JFD_COLONIES_MISSION',							'EVENT_CLASS_GOOD',			'TXT_KEY_CITY_EVENT_JFD_COLONIES_MISSION_DESCRIPTION',				'TXT_KEY_CITY_EVENT_JFD_COLONIES_MISSION_HELP',				'Event_Church.dds',			'AS2D_EVENT_JFD_CHURCH_BELLS',		2,			10,				1,					30,				0,			0,						1,									'BUILDINGCLASS_JFD_GOVERNORS_MANSION',	'ERA_MEDIEVAL'),
		('CITY_EVENT_JFD_COLONIES_PENAL',							'EVENT_CLASS_NEUTRAL',		'TXT_KEY_CITY_EVENT_JFD_COLONIES_PENAL_DESCRIPTION',				'TXT_KEY_CITY_EVENT_JFD_COLONIES_PENAL_HELP',				'Event_Dungeon.dds',		'AS2D_EVENT_JFD_GENERIC_EVENT',		2,			10,				1,					50,				0,			6,						0,									'BUILDINGCLASS_JFD_GOVERNORS_MANSION',	'ERA_MEDIEVAL');
--------------------------------------------------------------------------------------------------------------------------
-- CityEvent_MinimumStartYield
--------------------------------------------------------------------------------------------------------------------------	
INSERT INTO CityEvent_MinimumStartYield
		(CityEventType,												YieldType,					Yield)
VALUES	('CITY_EVENT_JFD_COLONIES_ASSEMBLY_TAX',					'YIELD_GOLD',				500);
--------------------------------------------------------------------------------------------------------------------------
-- CityEvent_ParentEvents
--------------------------------------------------------------------------------------------------------------------------	
INSERT INTO CityEvent_ParentEvents
		(CityEventType,												CityEventChoiceType)
VALUES	('CITY_EVENT_JFD_COLONIES_ASSEMBLY',						'CITY_EVENT_JFD_COLONIES_ASSEMBLY_CHOICE_1'),		
		('CITY_EVENT_JFD_COLONIES_ASSEMBLY',						'CITY_EVENT_JFD_COLONIES_CLOSE_ASSEMBLY_CHOICE_2'),		
		('CITY_EVENT_JFD_COLONIES_ASSEMBLY_GOLD',					'CITY_EVENT_JFD_COLONIES_ASSEMBLY_GOLD_CHOICE_1'),	
		('CITY_EVENT_JFD_COLONIES_ASSEMBLY_FLAG',					'CITY_EVENT_JFD_COLONIES_ASSEMBLY_FLAG_CHOICE_1'), 
		('CITY_EVENT_JFD_COLONIES_ASSEMBLY_FLAG',					'CITY_EVENT_JFD_COLONIES_ASSEMBLY_FLAG_CHOICE_2'), 
		('CITY_EVENT_JFD_COLONIES_ASSEMBLY_FLAG',					'CITY_EVENT_JFD_COLONIES_CLOSE_ASSEMBLY_CHOICE_2'), 
		('CITY_EVENT_JFD_COLONIES_ASSEMBLY_FLAG_FAIL',				'CITY_EVENT_JFD_COLONIES_ASSEMBLY_FLAG_FAIL_CHOICE_1'),	
		('CITY_EVENT_JFD_COLONIES_ASSEMBLY_FLAG_SUCCESS',			'CITY_EVENT_JFD_COLONIES_ASSEMBLY_FLAG_SUCCESS_CHOICE_1'),	
		('CITY_EVENT_JFD_COLONIES_ASSEMBLY_FREEDOM',				'CITY_EVENT_JFD_COLONIES_ASSEMBLY_FREEDOM_CHOICE_1'), 
		('CITY_EVENT_JFD_COLONIES_ASSEMBLY_FREEDOM',				'CITY_EVENT_JFD_COLONIES_ASSEMBLY_FREEDOM_CHOICE_2'), 
		('CITY_EVENT_JFD_COLONIES_ASSEMBLY_FREEDOM',				'CITY_EVENT_JFD_COLONIES_CLOSE_ASSEMBLY_CHOICE_2'), 
		('CITY_EVENT_JFD_COLONIES_ASSEMBLY_TAX',					'CITY_EVENT_JFD_COLONIES_ASSEMBLY_TAX_CHOICE_1'), 
		('CITY_EVENT_JFD_COLONIES_ASSEMBLY_TAX',					'CITY_EVENT_JFD_COLONIES_CLOSE_ASSEMBLY_CHOICE_2'), 
		('CITY_EVENT_JFD_COLONIES_ASSEMBLY_TRADE',					'CITY_EVENT_JFD_COLONIES_ASSEMBLY_TRADE_CHOICE_1'), 
		('CITY_EVENT_JFD_COLONIES_ASSEMBLY_TRADE',					'CITY_EVENT_JFD_COLONIES_ASSEMBLY_TRADE_CHOICE_2'), 
		('CITY_EVENT_JFD_COLONIES_ASSEMBLY_TRADE',					'CITY_EVENT_JFD_COLONIES_CLOSE_ASSEMBLY_CHOICE_2'), 
		('CITY_EVENT_JFD_COLONIES_ASSEMBLY_WAR',					'CITY_EVENT_JFD_COLONIES_ASSEMBLY_WAR_CHOICE_1'), 
		('CITY_EVENT_JFD_COLONIES_ASSEMBLY_WAR',					'CITY_EVENT_JFD_COLONIES_CLOSE_ASSEMBLY_CHOICE_2'), 
		('CITY_EVENT_JFD_COLONIES_COMPANY',							'CITY_EVENT_JFD_COLONIES_COMPANY_CHOICE_1'),		
		('CITY_EVENT_JFD_COLONIES_COMPANY',							'CITY_EVENT_JFD_COLONIES_COMPANY_CHOICE_2'),		
		('CITY_EVENT_JFD_COLONIES_MIGRATION',						'CITY_EVENT_JFD_COLONIES_MIGRATION_CHOICE_1'),		
		('CITY_EVENT_JFD_COLONIES_MIGRATION',						'CITY_EVENT_JFD_COLONIES_MIGRATION_CHOICE_2'),		
		('CITY_EVENT_JFD_COLONIES_MISSION',							'CITY_EVENT_JFD_COLONIES_MISSION_CHOICE_1'),		
		('CITY_EVENT_JFD_COLONIES_MISSION',							'CITY_EVENT_JFD_COLONIES_MISSION_CHOICE_2'),
		('CITY_EVENT_JFD_COLONIES_PENAL',							'CITY_EVENT_JFD_COLONIES_PENAL_CHOICE_1'),		
		('CITY_EVENT_JFD_COLONIES_PENAL',							'CITY_EVENT_JFD_COLONIES_PENAL_CHOICE_2');
--------------------------------------------------------------------------------------------------------------------------
-- CityEventChoices
--------------------------------------------------------------------------------------------------------------------------		
INSERT INTO CityEventChoices
		(Type,														EventChoiceAudio,							RandomBarbarianSpawn,	RevoltCounter,	ResetRevoltCounter,	ResistanceCounter,	ResistanceTurns,	WLTKDCounter,	EraScaling,		EventDuration,	Expires,	Description,																	Help,																	DisabledToolTip)
VALUES	('CITY_EVENT_JFD_COLONIES_ASSEMBLY_CHOICE_1',				'AS2D_EVENT_CHOICE',						0,						5,				0,					0,					0,					0,				1,				200,			0,			'TXT_KEY_CITY_EVENT_JFD_COLONIES_ASSEMBLY_DESCRIPTION_CHOICE_1',				'TXT_KEY_CITY_EVENT_JFD_COLONIES_ASSEMBLY_CHOICE_1_HELP',				NULL),
		('CITY_EVENT_JFD_COLONIES_ASSEMBLY_GOLD_CHOICE_1',			'AS2D_EVENT_CHOICE',						0,						0,				0,					0,					0,					0,				1,				30,				0,			'TXT_KEY_CITY_EVENT_JFD_COLONIES_ASSEMBLY_GOLD_DESCRIPTION_CHOICE_1',			'TXT_KEY_CITY_EVENT_JFD_COLONIES_ASSEMBLY_GOLD_CHOICE_1_HELP',			NULL),
		('CITY_EVENT_JFD_COLONIES_ASSEMBLY_FLAG_CHOICE_1',			'AS2D_EVENT_CHOICE',						0,						0,				0,					0,					0,					-5,				1,				30,				0,			'TXT_KEY_CITY_EVENT_JFD_COLONIES_ASSEMBLY_FLAG_DESCRIPTION_CHOICE_1',			'TXT_KEY_CITY_EVENT_JFD_COLONIES_ASSEMBLY_FLAG_CHOICE_1_HELP',			NULL),
		('CITY_EVENT_JFD_COLONIES_ASSEMBLY_FLAG_CHOICE_2',			'AS2D_EVENT_CHOICE',						0,						5,				0,					0,					0,					5,				1,				30,				0,			'TXT_KEY_CITY_EVENT_JFD_COLONIES_ASSEMBLY_FLAG_DESCRIPTION_CHOICE_2',			'TXT_KEY_CITY_EVENT_JFD_COLONIES_ASSEMBLY_FLAG_CHOICE_2_HELP',			NULL),
		('CITY_EVENT_JFD_COLONIES_ASSEMBLY_FLAG_FAIL_CHOICE_1',		'AS2D_EVENT_CHOICE',						0,						0,				0,					0,					0,					0,				0,				30,				1,			'TXT_KEY_CITY_EVENT_JFD_COLONIES_ASSEMBLY_FLAG_FAIL_DESCRIPTION_CHOICE_1',		'TXT_KEY_CITY_EVENT_JFD_COLONIES_ASSEMBLY_FLAG_FAIL_CHOICE_1_HELP',		NULL),
		('CITY_EVENT_JFD_COLONIES_ASSEMBLY_FLAG_SUCCESS_CHOICE_1',	'AS2D_EVENT_CHOICE',						0,						0,				0,					0,					0,					0,				0,				30,				1,			'TXT_KEY_CITY_EVENT_JFD_COLONIES_ASSEMBLY_FLAG_SUCCESS_DESCRIPTION_CHOICE_1',	'TXT_KEY_CITY_EVENT_JFD_COLONIES_ASSEMBLY_FLAG_SUCCESS_CHOICE_1_HELP',	NULL),
		('CITY_EVENT_JFD_COLONIES_ASSEMBLY_FREEDOM_CHOICE_1',		'AS2D_EVENT_CHOICE',						0,						0,				0,					0,					0,					-5,				1,				30,				0,			'TXT_KEY_CITY_EVENT_JFD_COLONIES_ASSEMBLY_FREEDOM_DESCRIPTION_CHOICE_1',		'TXT_KEY_CITY_EVENT_JFD_COLONIES_ASSEMBLY_FREEDOM_CHOICE_1_HELP',		NULL),
		('CITY_EVENT_JFD_COLONIES_ASSEMBLY_FREEDOM_CHOICE_2',		'AS2D_EVENT_CHOICE',						0,						5,				0,					0,					0,					0,				1,				30,				0,			'TXT_KEY_CITY_EVENT_JFD_COLONIES_ASSEMBLY_FREEDOM_DESCRIPTION_CHOICE_2',		'TXT_KEY_CITY_EVENT_JFD_COLONIES_ASSEMBLY_FREEDOM_CHOICE_2_HELP',		NULL),
		('CITY_EVENT_JFD_COLONIES_ASSEMBLY_TAX_CHOICE_1',			'AS2D_EVENT_CHOICE',						0,						0,				0,					0,					0,					0,				1,				30,				0,			'TXT_KEY_CITY_EVENT_JFD_COLONIES_ASSEMBLY_TAX_DESCRIPTION_CHOICE_1',			'TXT_KEY_CITY_EVENT_JFD_COLONIES_ASSEMBLY_TAX_CHOICE_1_HELP',			NULL),
		('CITY_EVENT_JFD_COLONIES_ASSEMBLY_TRADE_CHOICE_1',			'AS2D_EVENT_CHOICE',						0,						0,				0,					0,					0,					-5,				1,				30,				0,			'TXT_KEY_CITY_EVENT_JFD_COLONIES_ASSEMBLY_TRADE_DESCRIPTION_CHOICE_1',			'TXT_KEY_CITY_EVENT_JFD_COLONIES_ASSEMBLY_TRADE_CHOICE_1_HELP',			NULL),
		('CITY_EVENT_JFD_COLONIES_ASSEMBLY_TRADE_CHOICE_2',			'AS2D_EVENT_CHOICE',						0,						5,				0,					0,					0,					0,				1,				30,				0,			'TXT_KEY_CITY_EVENT_JFD_COLONIES_ASSEMBLY_TRADE_DESCRIPTION_CHOICE_2',			'TXT_KEY_CITY_EVENT_JFD_COLONIES_ASSEMBLY_TRADE_CHOICE_2_HELP',			NULL),
		('CITY_EVENT_JFD_COLONIES_ASSEMBLY_WAR_CHOICE_1',			'AS2D_EVENT_CHOICE',						3,						0,				0,					0,					0,					0,				0,				30,				0,			'TXT_KEY_CITY_EVENT_JFD_COLONIES_ASSEMBLY_WAR_DESCRIPTION_CHOICE_1',			'TXT_KEY_CITY_EVENT_JFD_COLONIES_ASSEMBLY_WAR_CHOICE_1_HELP',			NULL),
		('CITY_EVENT_JFD_COLONIES_COMPANY_CHOICE_1',				'AS2D_INTERFACE_POLICY',					0,						0,				0,					0,					0,					0,				1,				30,				0,			'TXT_KEY_CITY_EVENT_JFD_COLONIES_COMPANY_DESCRIPTION_CHOICE_1',					'TXT_KEY_CITY_EVENT_JFD_COLONIES_COMPANY_CHOICE_1_HELP',				NULL),
		('CITY_EVENT_JFD_COLONIES_COMPANY_CHOICE_2',				'AS2D_EVENT_CHOICE',						0,						0,				0,					0,					0,					0,				1,				30,				0,			'TXT_KEY_CITY_EVENT_JFD_COLONIES_COMPANY_DESCRIPTION_CHOICE_2',					'TXT_KEY_CITY_EVENT_JFD_COLONIES_COMPANY_CHOICE_2_HELP',				NULL),
		('CITY_EVENT_JFD_COLONIES_MIGRATION_CHOICE_1',				'AS2D_EVENT_CHOICE',						0,						0,				0,					0,					0,					0,				0,				30,				0,			'TXT_KEY_CITY_EVENT_JFD_COLONIES_MIGRATION_DESCRIPTION_CHOICE_1',				'TXT_KEY_CITY_EVENT_JFD_COLONIES_MIGRATION_CHOICE_1_HELP',				NULL),
		('CITY_EVENT_JFD_COLONIES_MIGRATION_CHOICE_2',				'AS2D_INTERFACE_CITY_SCREEN_PURCHASE',		0,						0,				0,					0,					0,					0,				0,				30,				0,			'TXT_KEY_CITY_EVENT_JFD_COLONIES_MIGRATION_DESCRIPTION_CHOICE_2',				'TXT_KEY_CITY_EVENT_JFD_COLONIES_MIGRATION_CHOICE_2_HELP',				NULL),
		('CITY_EVENT_JFD_COLONIES_MISSION_CHOICE_1',				'AS2D_EVENT_CHOICE',						0,						0,				0,					0,					0,					0,				0,				30,				0,			'TXT_KEY_CITY_EVENT_JFD_COLONIES_MISSION_DESCRIPTION_CHOICE_1',					'TXT_KEY_CITY_EVENT_JFD_COLONIES_MISSION_CHOICE_1_HELP',				NULL),
		('CITY_EVENT_JFD_COLONIES_MISSION_CHOICE_2',				'AS2D_EVENT_CHOICE',						0,						0,				0,					0,					0,					0,				0,				30,				0,			'TXT_KEY_CITY_EVENT_JFD_COLONIES_MISSION_DESCRIPTION_CHOICE_2',					'TXT_KEY_CITY_EVENT_JFD_COLONIES_MISSION_CHOICE_2_HELP',				NULL),
		('CITY_EVENT_JFD_COLONIES_PENAL_CHOICE_1',					'AS2D_EVENT_CHOICE',						0,						0,				0,					10,					0,					0,				1,				30,				0,			'TXT_KEY_CITY_EVENT_JFD_COLONIES_PENAL_DESCRIPTION_CHOICE_1',					'TXT_KEY_CITY_EVENT_JFD_COLONIES_PENAL_CHOICE_1_HELP',					NULL),
		('CITY_EVENT_JFD_COLONIES_PENAL_CHOICE_2',					'AS2D_EVENT_CHOICE',						0,						0,				0,					0,					0,					0,				0,				30,				0,			'TXT_KEY_CITY_EVENT_JFD_COLONIES_PENAL_DESCRIPTION_CHOICE_2',					'TXT_KEY_CITY_EVENT_JFD_COLONIES_PENAL_CHOICE_2_HELP',					NULL),
		('CITY_EVENT_JFD_COLONIES_CLOSE_ASSEMBLY_CHOICE_2',			'AS2D_EVENT_CHOICE',						0,						0,				1,					1,					1,					0,				0,				200,			0,			'TXT_KEY_CITY_EVENT_JFD_COLONIES_CLOSE_ASSEMBLY_CHOICE_2',						'TXT_KEY_CITY_EVENT_JFD_COLONIES_CLOSE_ASSEMBLY_CHOICE_2_HELP',			NULL);
--------------------------------------------------------------------------------------------------------------------------
-- CityEvent_CityEventLinks
--------------------------------------------------------------------------------------------------------------------------	
INSERT INTO CityEvent_EventLinks
		(CityEventType,												CityEventLinker,									CityEventChoice,													CheckOnlyEventCity,		CheckForActive)
VALUES	('CITY_EVENT_JFD_COLONIES_ASSEMBLY_GOLD',					NULL,												'CITY_EVENT_JFD_COLONIES_ASSEMBLY_CHOICE_1',						1,						1),
		('CITY_EVENT_JFD_COLONIES_ASSEMBLY_GOLD',					NULL,												'CITY_EVENT_JFD_COLONIES_CLOSE_ASSEMBLY_CHOICE_2',					1,						0),
		('CITY_EVENT_JFD_COLONIES_ASSEMBLY_FLAG',					NULL,												'CITY_EVENT_JFD_COLONIES_ASSEMBLY_CHOICE_1',						1,						1),
		('CITY_EVENT_JFD_COLONIES_ASSEMBLY_FLAG',					NULL,												'CITY_EVENT_JFD_COLONIES_CLOSE_ASSEMBLY_CHOICE_2',					1,						0),
		('CITY_EVENT_JFD_COLONIES_ASSEMBLY_FLAG_FAIL',				NULL,												'CITY_EVENT_JFD_COLONIES_ASSEMBLY_CHOICE_1',						1,						1),
		('CITY_EVENT_JFD_COLONIES_ASSEMBLY_FLAG_FAIL',				NULL,												'CITY_EVENT_JFD_COLONIES_CLOSE_ASSEMBLY_CHOICE_2',					1,						0),
		('CITY_EVENT_JFD_COLONIES_ASSEMBLY_FLAG_FAIL',				NULL,												'CITY_EVENT_JFD_COLONIES_ASSEMBLY_FLAG_CHOICE_2',					1,						1),
		('CITY_EVENT_JFD_COLONIES_ASSEMBLY_FLAG_FAIL',				'CITY_EVENT_JFD_COLONIES_ASSEMBLY_FLAG_SUCCESS',	NULL,																1,						0),
		('CITY_EVENT_JFD_COLONIES_ASSEMBLY_FLAG_SUCCESS',			NULL,												'CITY_EVENT_JFD_COLONIES_ASSEMBLY_CHOICE_1',						1,						1),
		('CITY_EVENT_JFD_COLONIES_ASSEMBLY_FLAG_SUCCESS',			NULL,												'CITY_EVENT_JFD_COLONIES_CLOSE_ASSEMBLY_CHOICE_2',					1,						0),
		('CITY_EVENT_JFD_COLONIES_ASSEMBLY_FLAG_SUCCESS',			NULL,												'CITY_EVENT_JFD_COLONIES_ASSEMBLY_FLAG_CHOICE_2',					1,						1),
		('CITY_EVENT_JFD_COLONIES_ASSEMBLY_FLAG_SUCCESS',			'CITY_EVENT_JFD_COLONIES_ASSEMBLY_FLAG_FAIL',		NULL,																1,						0),
		('CITY_EVENT_JFD_COLONIES_ASSEMBLY_FREEDOM',				NULL,												'CITY_EVENT_JFD_COLONIES_ASSEMBLY_CHOICE_1',						1,						1),
		('CITY_EVENT_JFD_COLONIES_ASSEMBLY_FREEDOM',				NULL,												'CITY_EVENT_JFD_COLONIES_CLOSE_ASSEMBLY_CHOICE_2',					1,						0),
		('CITY_EVENT_JFD_COLONIES_ASSEMBLY_TAX',					NULL,												'CITY_EVENT_JFD_COLONIES_ASSEMBLY_CHOICE_1',						1,						1),
		('CITY_EVENT_JFD_COLONIES_ASSEMBLY_TAX',					NULL,												'CITY_EVENT_JFD_COLONIES_CLOSE_ASSEMBLY_CHOICE_2',					1,						0),
		('CITY_EVENT_JFD_COLONIES_ASSEMBLY_TRADE',					NULL,												'CITY_EVENT_JFD_COLONIES_ASSEMBLY_CHOICE_1',						1,						1),
		('CITY_EVENT_JFD_COLONIES_ASSEMBLY_TRADE',					NULL,												'CITY_EVENT_JFD_COLONIES_CLOSE_ASSEMBLY_CHOICE_2',					1,						0),
		('CITY_EVENT_JFD_COLONIES_ASSEMBLY_WAR',					NULL,												'CITY_EVENT_JFD_COLONIES_ASSEMBLY_CHOICE_1',						1,						1),
		('CITY_EVENT_JFD_COLONIES_ASSEMBLY_WAR',					NULL,												'CITY_EVENT_JFD_COLONIES_CLOSE_ASSEMBLY_CHOICE_2',					1,						0);
--------------------------------------------------------------------------------------------------------------------------
-- CityEventChoice_InstantYield
--------------------------------------------------------------------------------------------------------------------------		
INSERT INTO CityEventChoice_InstantYield
		(CityEventChoiceType,										YieldType,					Yield)
VALUES	('CITY_EVENT_JFD_COLONIES_ASSEMBLY_CHOICE_1',				'YIELD_GOLDEN_AGE_POINTS',	50),
		('CITY_EVENT_JFD_COLONIES_ASSEMBLY_GOLD_CHOICE_1',			'YIELD_GOLD',				40),
		('CITY_EVENT_JFD_COLONIES_ASSEMBLY_WAR_CHOICE_1',			'YIELD_GOLDEN_AGE_POINTS',	250),
		('CITY_EVENT_JFD_COLONIES_COMPANY_CHOICE_2',				'YIELD_CULTURE',			100),
		('CITY_EVENT_JFD_COLONIES_MIGRATION_CHOICE_1',				'YIELD_POPULATION',			1),
		('CITY_EVENT_JFD_COLONIES_PENAL_CHOICE_1',					'YIELD_POPULATION',			1);
--------------------------------------------------------------------------------------------------------------------------
-- CityEventChoice_EventCostYield
--------------------------------------------------------------------------------------------------------------------------	
INSERT INTO CityEventChoice_EventCostYield
		(CityEventChoiceType,										YieldType,					Yield)
VALUES	('CITY_EVENT_JFD_COLONIES_ASSEMBLY_TAX_CHOICE_1',			'YIELD_GOLD',				75),
		('CITY_EVENT_JFD_COLONIES_COMPANY_CHOICE_1',				'YIELD_CULTURE',			100),
		('CITY_EVENT_JFD_COLONIES_MIGRATION_CHOICE_2',				'YIELD_GOLD',				300),
		('CITY_EVENT_JFD_COLONIES_MISSION_CHOICE_1',				'YIELD_GOLD',				400);
--------------------------------------------------------------------------------------------------------------------------
-- CityEventChoice_MinimumStartYield
--------------------------------------------------------------------------------------------------------------------------	
INSERT INTO CityEventChoice_MinimumStartYield
		(CityEventChoiceType,										YieldType,					Yield)
VALUES	('CITY_EVENT_JFD_COLONIES_ASSEMBLY_TAX_CHOICE_1',			'YIELD_GOLD',				75),
		('CITY_EVENT_JFD_COLONIES_COMPANY_CHOICE_1',				'YIELD_CULTURE',			100),
		('CITY_EVENT_JFD_COLONIES_MIGRATION_CHOICE_2',				'YIELD_GOLD',				300),
		('CITY_EVENT_JFD_COLONIES_MISSION_CHOICE_1',				'YIELD_GOLD',				400);
--------------------------------------------------------------------------------------------------------------------------
-- CityEventChoiceFlavors
--------------------------------------------------------------------------------------------------------------------------		
INSERT INTO CityEventChoiceFlavors
		(CityEventChoiceType,										FlavorType,					Flavor)
VALUES	('CITY_EVENT_JFD_COLONIES_ASSEMBLY_CHOICE_1',				'FLAVOR_HAPPINESS',			20),
		('CITY_EVENT_JFD_COLONIES_CLOSE_ASSEMBLY_CHOICE_2',			'FLAVOR_HAPPINESS',			20),	
		('CITY_EVENT_JFD_COLONIES_ASSEMBLY_FLAG_CHOICE_1',			'FLAVOR_HAPPINESS',			20),
		('CITY_EVENT_JFD_COLONIES_ASSEMBLY_FLAG_CHOICE_2',			'FLAVOR_CULTURE',			20),
		('CITY_EVENT_JFD_COLONIES_ASSEMBLY_FREEDOM_CHOICE_1',		'FLAVOR_HAPPINESS',			20),
		('CITY_EVENT_JFD_COLONIES_ASSEMBLY_FREEDOM_CHOICE_2',		'FLAVOR_PRODUCTION',		20),
		('CITY_EVENT_JFD_COLONIES_ASSEMBLY_TAX_CHOICE_1',			'FLAVOR_HAPPINESS',			20),
		('CITY_EVENT_JFD_COLONIES_ASSEMBLY_TRADE_CHOICE_1',			'FLAVOR_HAPPINESS',			20),
		('CITY_EVENT_JFD_COLONIES_ASSEMBLY_TRADE_CHOICE_2',			'FLAVOR_GOLD',				20),
		('CITY_EVENT_JFD_COLONIES_ASSEMBLY_WAR_CHOICE_1',			'FLAVOR_HAPPINESS',			20),
		('CITY_EVENT_JFD_COLONIES_COMPANY_CHOICE_1',				'FLAVOR_GOLD',				20),
		('CITY_EVENT_JFD_COLONIES_COMPANY_CHOICE_2',				'FLAVOR_CULTURE',			20),
		('CITY_EVENT_JFD_COLONIES_MIGRATION_CHOICE_1',				'FLAVOR_EXPANSION',			20),
		('CITY_EVENT_JFD_COLONIES_MIGRATION_CHOICE_2',				'FLAVOR_GROWTH',			20);
--------------------------------------------------------------------------------------------------------------------------
-- CityEventChoice_BuildingClassYieldModifier
--------------------------------------------------------------------------------------------------------------------------	
INSERT INTO CityEventChoice_BuildingClassYieldModifier
		(CityEventChoiceType,										BuildingClassType,						YieldType,				Modifier)
VALUES	('CITY_EVENT_JFD_COLONIES_ASSEMBLY_FLAG_FAIL_CHOICE_1',		'BUILDINGCLASS_JFD_GOVERNORS_MANSION',	'YIELD_JFD_LOYALTY',	5),
		('CITY_EVENT_JFD_COLONIES_COMPANY_CHOICE_1',				'BUILDINGCLASS_JFD_GOVERNORS_MANSION',	'YIELD_GOLD',			5);
--------------------------------------------------------------------------------------------------------------------------
-- CityEventChoice_BuildingClassYieldChange
--------------------------------------------------------------------------------------------------------------------------	
INSERT INTO CityEventChoice_BuildingClassYieldChange
		(CityEventChoiceType,										BuildingClassType,						YieldType,				YieldChange)
VALUES	('CITY_EVENT_JFD_COLONIES_ASSEMBLY_FLAG_SUCCESS_CHOICE_1',	'BUILDINGCLASS_JFD_GOVERNORS_MANSION',	'YIELD_CULTURE',		1),
		('CITY_EVENT_JFD_COLONIES_ASSEMBLY_FREEDOM_CHOICE_2',		'BUILDINGCLASS_JFD_GOVERNORS_MANSION',	'YIELD_PRODUCTION',		1),
		('CITY_EVENT_JFD_COLONIES_ASSEMBLY_TRADE_CHOICE_2',			'BUILDINGCLASS_JFD_GOVERNORS_MANSION',	'YIELD_GOLD',			1);
--------------------------------------------------------------------------------------------------------------------------
-- CityEventChoice_Notification
--------------------------------------------------------------------------------------------------------------------------		
INSERT INTO CityEventChoice_Notification
		(CityEventChoiceType,										NotificationType,						Description,																ShortDescription,												IsWorldEvent,	NeedCityCoordinates)
VALUES	('CITY_EVENT_JFD_COLONIES_ASSEMBLY_CHOICE_1',				'NOTIFICATION_EVENT_CHOICE_CITY_FIN',	'TXT_KEY_NOTIFICATION_CITY_EVENT_JFD_COLONIES_ASSEMBLY_CHOICE_1',			'TXT_KEY_CITY_EVENT_JFD_COLONIES_ASSEMBLY_DESCRIPTION',			0,				1),
		('CITY_EVENT_JFD_COLONIES_ASSEMBLY_FLAG_CHOICE_1',			'NOTIFICATION_EVENT_CHOICE_CITY_FIN',	'TXT_KEY_NOTIFICATION_CITY_EVENT_JFD_COLONIES_ASSEMBLY_FLAG_CHOICE_1',		'TXT_KEY_CITY_EVENT_JFD_COLONIES_ASSEMBLY_FLAG_DESCRIPTION',	0,				1),
		('CITY_EVENT_JFD_COLONIES_ASSEMBLY_FLAG_CHOICE_2',			'NOTIFICATION_EVENT_CHOICE_CITY_FIN',	'TXT_KEY_NOTIFICATION_CITY_EVENT_JFD_COLONIES_ASSEMBLY_FLAG_CHOICE_2',		'TXT_KEY_CITY_EVENT_JFD_COLONIES_ASSEMBLY_FLAG_DESCRIPTION',	0,				2),
		('CITY_EVENT_JFD_COLONIES_ASSEMBLY_FREEDOM_CHOICE_1',		'NOTIFICATION_EVENT_CHOICE_CITY_FIN',	'TXT_KEY_NOTIFICATION_CITY_EVENT_JFD_COLONIES_ASSEMBLY_FREEDOM_CHOICE_1',	'TXT_KEY_CITY_EVENT_JFD_COLONIES_ASSEMBLY_FREEDOM_DESCRIPTION',	0,				1),
		('CITY_EVENT_JFD_COLONIES_ASSEMBLY_FREEDOM_CHOICE_2',		'NOTIFICATION_EVENT_CHOICE_CITY_FIN',	'TXT_KEY_NOTIFICATION_CITY_EVENT_JFD_COLONIES_ASSEMBLY_FREEDOM_CHOICE_2',	'TXT_KEY_CITY_EVENT_JFD_COLONIES_ASSEMBLY_FREEDOM_DESCRIPTION',	0,				1),
		('CITY_EVENT_JFD_COLONIES_ASSEMBLY_TAX_CHOICE_1',			'NOTIFICATION_EVENT_CHOICE_CITY_FIN',	'TXT_KEY_NOTIFICATION_CITY_EVENT_JFD_COLONIES_ASSEMBLY_TAX_CHOICE_1',		'TXT_KEY_CITY_EVENT_JFD_COLONIES_ASSEMBLY_TAX_DESCRIPTION',		0,				1),
		('CITY_EVENT_JFD_COLONIES_ASSEMBLY_TRADE_CHOICE_1',			'NOTIFICATION_EVENT_CHOICE_CITY_FIN',	'TXT_KEY_NOTIFICATION_CITY_EVENT_JFD_COLONIES_ASSEMBLY_TRADE_CHOICE_1',		'TXT_KEY_CITY_EVENT_JFD_COLONIES_ASSEMBLY_TRADE_DESCRIPTION',	0,				1),
		('CITY_EVENT_JFD_COLONIES_ASSEMBLY_WAR_CHOICE_1',			'NOTIFICATION_EVENT_CHOICE_CITY_FIN',	'TXT_KEY_NOTIFICATION_CITY_EVENT_JFD_COLONIES_ASSEMBLY_WAR_CHOICE_1',		'TXT_KEY_CITY_EVENT_JFD_COLONIES_ASSEMBLY_DESCRIPTION',			0,				1),
		('CITY_EVENT_JFD_COLONIES_COMPANY_CHOICE_1',				'NOTIFICATION_EVENT_CHOICE_CITY_FIN',	'TXT_KEY_NOTIFICATION_CITY_EVENT_JFD_COLONIES_COMPANY_CHOICE_1',			'TXT_KEY_CITY_EVENT_JFD_COLONIES_COMPANY_DESCRIPTION',			0,				1),
		('CITY_EVENT_JFD_COLONIES_COMPANY_CHOICE_2',				'NOTIFICATION_EVENT_CHOICE_CITY_FIN',	'TXT_KEY_NOTIFICATION_CITY_EVENT_JFD_COLONIES_COMPANY_CHOICE_2',			'TXT_KEY_CITY_EVENT_JFD_COLONIES_COMPANY_DESCRIPTION',			0,				0),
		('CITY_EVENT_JFD_COLONIES_MIGRATION_CHOICE_1',				'NOTIFICATION_EVENT_CHOICE_CITY_FIN',	'TXT_KEY_NOTIFICATION_CITY_EVENT_JFD_COLONIES_MIGRATION_CHOICE_1',			'TXT_KEY_CITY_EVENT_JFD_COLONIES_MIGRATION_DESCRIPTION',		0,				1),
		('CITY_EVENT_JFD_COLONIES_MIGRATION_CHOICE_2',				'NOTIFICATION_EVENT_CHOICE_CITY_FIN',	'TXT_KEY_NOTIFICATION_CITY_EVENT_JFD_COLONIES_MIGRATION_CHOICE_2',			'TXT_KEY_CITY_EVENT_JFD_COLONIES_MIGRATION_DESCRIPTION',		0,				0),
		('CITY_EVENT_JFD_COLONIES_MISSION_CHOICE_1',				'NOTIFICATION_EVENT_CHOICE_CITY_FIN',	'TXT_KEY_NOTIFICATION_CITY_EVENT_JFD_COLONIES_MISSION_CHOICE_1',			'TXT_KEY_CITY_EVENT_JFD_COLONIES_MISSION_DESCRIPTION',			0,				1),
		('CITY_EVENT_JFD_COLONIES_MISSION_CHOICE_2',				'NOTIFICATION_EVENT_CHOICE_CITY_FIN',	'TXT_KEY_NOTIFICATION_CITY_EVENT_JFD_COLONIES_MISSION_CHOICE_2',			'TXT_KEY_CITY_EVENT_JFD_COLONIES_MISSION_DESCRIPTION',			0,				1),
		('CITY_EVENT_JFD_COLONIES_PENAL_CHOICE_1',					'NOTIFICATION_EVENT_CHOICE_CITY_FIN',	'TXT_KEY_NOTIFICATION_CITY_EVENT_JFD_COLONIES_PENAL_CHOICE_1',				'TXT_KEY_CITY_EVENT_JFD_COLONIES_PENAL_DESCRIPTION',			0,				1),
		('CITY_EVENT_JFD_COLONIES_CLOSE_ASSEMBLY_CHOICE_2',			'NOTIFICATION_EVENT_CHOICE_CITY_FIN',	'TXT_KEY_NOTIFICATION_CITY_EVENT_JFD_COLONIES_CLOSE_ASSEMBLY_CHOICE_2',		'TXT_KEY_CITY_EVENT_JFD_COLONIES_ASSEMBLY_DESCRIPTION',			0,				1);
--==========================================================================================================================
--==========================================================================================================================
