--==========================================================================================================================
-- EVENTS
--==========================================================================================================================
-- Events
--------------------------------------------------------------------------------------------------------------------------		
INSERT INTO Events
		(Type,												EventArt,							EventAudio,						RequiresLevies,	NumChoices,	RandomChance,	RandomChanceDelta,	EventCooldown,  PrereqTech,				ObsoleteTech)
VALUES	('PLAYER_EVENT_JFD_PROVINCE_DESERTION',				'Event_Soldiers1.dds',				'AS2D_EVENT_JFD_DISBANDED',		1,				1,			20,				1,					20,				'TECH_CIVIL_SERVICE',	'TECH_METALLURGY'),
		('PLAYER_EVENT_JFD_PROVINCE_FERVANCE',				'Event_Training.dds',				'AS2D_EVENT_JFD_LEVIES',		1,				1,			20,				1,					20,				'TECH_CIVIL_SERVICE',	'TECH_METALLURGY');
--------------------------------------------------------------------------------------------------------------------------
-- Event_ParentEvents
--------------------------------------------------------------------------------------------------------------------------	
INSERT INTO Event_ParentEvents
		(EventType,											EventChoiceType)
VALUES	('PLAYER_EVENT_JFD_PROVINCE_DESERTION',				'PLAYER_EVENT_JFD_PROVINCE_DESERTION_CHOICE_1'),
		('PLAYER_EVENT_JFD_PROVINCE_FERVANCE',				'PLAYER_EVENT_JFD_PROVINCE_FERVANCE_CHOICE_1');
--------------------------------------------------------------------------------------------------------------------------
-- EventChoices
--------------------------------------------------------------------------------------------------------------------------	
INSERT INTO EventChoices
		(Type,												LeviesDamage,	LeviesXP,	EventDuration,	Description,															Help)
VALUES	('PLAYER_EVENT_JFD_PROVINCE_DESERTION_CHOICE_1',	20,				0,			20,				'TXT_KEY_PLAYER_EVENT_JFD_PROVINCE_DESERTION_DESCRIPTION_CHOICE_1',		'TXT_KEY_PLAYER_EVENT_JFD_PROVINCE_DESERTION_HELP_CHOICE_1'),
		('PLAYER_EVENT_JFD_PROVINCE_FERVANCE_CHOICE_1',		0,				20,			20,				'TXT_KEY_PLAYER_EVENT_JFD_PROVINCE_FERVANCE_DESCRIPTION_CHOICE_1',		'TXT_KEY_PLAYER_EVENT_JFD_PROVINCE_FERVANCE_HELP_CHOICE_1');
--==========================================================================================================================
-- CITY EVENTS
--==========================================================================================================================
-- CityEvents
--------------------------------------------------------------------------------------------------------------------------	
INSERT INTO CityEvents
		(Type,												Description,													Help,															CityEventArt,							CityEventAudio,							RequiresWar,	IsProvince,	NumChoices,	RandomChance,	RandomChanceDelta,	RequiresWLTKD,	EventCooldown,  RequiredBuildingClass,			CannotHaveBuildingClass,		PrereqTech,					RequiredEra,		ObsoleteEra,		RequiredActiveCityEvent,						RequiredActiveCityEventChoice,					RequiredNoActiveCityEvent,						RequiredNoActiveCityEventChoice)
VALUES	('CITY_EVENT_JFD_PROVINCE_CALL_TO_ARMS',			NULL,															NULL,															'Event_WarPlanning.dds',				'AS2D_EVENT_JFD_CALL_TO_ARMS',			1,				1,			1,			10,				5,					0,				20,				NULL,							'BUILDINGCLASS_PALACE',			NULL,						NULL,				NULL,				NULL,											NULL,											NULL,											NULL),
		('CITY_EVENT_JFD_PROVINCE_DAUGHTER',				'TXT_KEY_CITY_EVENT_JFD_PROVINCE_DAUGHTER_DESCRIPTION',			'TXT_KEY_CITY_EVENT_JFD_PROVINCE_DAUGHTER_DESCRIPTION',			'Event_DaughterAsksFather.dds',			'AS2D_EVENT_JFD_FANFARE',				0,				1,			2,			30,				1,					0,				20,				NULL,							'BUILDINGCLASS_PALACE',			NULL,						NULL,				'ERA_INDUSTRIAL',	NULL,											NULL,											NULL,											NULL),
		('CITY_EVENT_JFD_PROVINCE_DISSATISFACTION',			'TXT_KEY_CITY_EVENT_JFD_PROVINCE_DISSATISFACTION_DESCRIPTION',	'TXT_KEY_CITY_EVENT_JFD_PROVINCE_DISSATISFACTION_DESCRIPTION',	'Event_RequestsRuler2.dds',				'AS2D_EVENT_JFD_FANFARE_HEAVY',			0,				1,			2,			30,				1,					0,				20,				'BUILDINGCLASS_JFD_MANOR',		'BUILDINGCLASS_JFD_MANSION',	NULL,						NULL,				NULL,				NULL,											NULL,											NULL,											NULL),
		('CITY_EVENT_JFD_PROVINCE_DONATION',				NULL,															NULL,															'Event_GoldGift.dds',					'AS2D_EVENT_JFD_GOLD_GIFT',				0,				1,			1,			20,				1,					0,				20,				NULL,							'BUILDINGCLASS_PALACE',			NULL,						NULL,				NULL,				NULL,											NULL,											NULL,											NULL),
		('CITY_EVENT_JFD_PROVINCE_FAMILY_DISPUTE',			'TXT_KEY_CITY_EVENT_JFD_PROVINCE_FAMILY_DISPUTE_DESCRIPTION',	'TXT_KEY_CITY_EVENT_JFD_PROVINCE_FAMILY_DISPUTE_DESCRIPTION',	'Event_RequestsRuler1.dds',				'AS2D_EVENT_JFD_FANFARE_HEAVY',			0,				1,			3,			20,				1,					0,				20,				NULL,							'BUILDINGCLASS_PALACE',			NULL,						NULL,				'ERA_RENAISSANCE',	NULL,											NULL,											NULL,											NULL),
		('CITY_EVENT_JFD_PROVINCE_GARDEN',					'TXT_KEY_CITY_EVENT_JFD_PROVINCE_GARDEN_DESCRIPTION',			'TXT_KEY_CITY_EVENT_JFD_PROVINCE_GARDEN_DESCRIPTION',			'Event_Garden.dds',						'AS2D_EVENT_JFD_GARDEN',				0,				1,			3,			10,				1,					0,				20,				'BUILDINGCLASS_GARDEN',			'BUILDINGCLASS_PALACE',			NULL,						'ERA_MEDIEVAL',		'ERA_INDUSTRIAL',	NULL,											NULL,											NULL,											NULL),
		('CITY_EVENT_JFD_PROVINCE_GIFT',					NULL,															NULL,															'Event_Horse.dds',						'AS2D_EVENT_JFD_HORSE_WHINY',			0,				1,			1,			20,				1,					0,				20,				NULL,							'BUILDINGCLASS_PALACE',			'TECH_ANIMAL_HUSBANDRY',	NULL,				NULL,				NULL,											NULL,											NULL,											NULL),
		('CITY_EVENT_JFD_PROVINCE_MARRIAGE',				'TXT_KEY_CITY_EVENT_JFD_PROVINCE_MARRIAGE_DESCRIPTION',			'TXT_KEY_CITY_EVENT_JFD_PROVINCE_MARRIAGE_DESCRIPTION',			'Event_Marriage.dds',					'AS2D_EVENT_JFD_CHURCH_BELLS',			0,				1,			2,			30,				1,					0,				20,				NULL,							'BUILDINGCLASS_PALACE',			NULL,						NULL,				NULL,				NULL,											NULL,											NULL,											NULL),
		('CITY_EVENT_JFD_PROVINCE_REQUEST',					'TXT_KEY_CITY_EVENT_JFD_PROVINCE_REQUEST_DESCRIPTION',			'TXT_KEY_CITY_EVENT_JFD_PROVINCE_REQUEST_DESCRIPTION',			'Event_RequestsRuler1.dds',				'AS2D_EVENT_JFD_FANFARE_HEAVY',			0,				1,			2,			30,				1,					0,				20,				NULL,							'BUILDINGCLASS_PALACE',			NULL,						NULL,				NULL,				NULL,											NULL,											NULL,											NULL),
		('CITY_EVENT_JFD_PROVINCE_GREAT_BALL',				'TXT_KEY_CITY_EVENT_JFD_PROVINCE_GREAT_BALL_DESCRIPTION',		'TXT_KEY_CITY_EVENT_JFD_PROVINCE_GREAT_BALL_DESCRIPTION',		'Event_Ball.dds',						'AS2D_EVENT_JFD_BALL',					0,				1,			2,			30,				2,					1,				20,				NULL,							'BUILDINGCLASS_PALACE',			NULL,						'ERA_MEDIEVAL',		NULL,				NULL,											NULL,											NULL,											NULL),
		('CITY_EVENT_JFD_PROVINCE_GREAT_BALL_EMBARRASS',	NULL,															NULL,															'Event_Ball.dds',						'AS2D_EVENT_JFD_FAIL',					0,				0,			1,			75,				5,					0,				20,				NULL,							'BUILDINGCLASS_PALACE',			NULL,						'ERA_MEDIEVAL',		NULL,				NULL,											'CITY_EVENT_JFD_PROVINCE_GREAT_BALL_CHOICE_2',	'CITY_EVENT_JFD_PROVINCE_GREAT_BALL_MISTAKE',	NULL),
		('CITY_EVENT_JFD_PROVINCE_GREAT_BALL_MISTAKE',		NULL,															NULL,															'Event_Ball.dds',						'AS2D_EVENT_JFD_BALL',					0,				0,			1,			75,				5,					0,				20,				NULL,							'BUILDINGCLASS_PALACE',			NULL,						'ERA_MEDIEVAL',		NULL,				NULL,											'CITY_EVENT_JFD_PROVINCE_GREAT_BALL_CHOICE_2',	'CITY_EVENT_JFD_PROVINCE_GREAT_BALL_EMBARRASS',	NULL),
		('CITY_EVENT_JFD_PROVINCE_HOMOSEXUAL',				'TXT_KEY_CITY_EVENT_JFD_PROVINCE_HOMOSEXUAL_DESCRIPTION',		'TXT_KEY_CITY_EVENT_JFD_PROVINCE_HOMOSEXUAL_DESCRIPTION',		'Event_Romantics.dds',					'AS2D_EVENT_JFD_FANFARE_LIGHT',			0,				1,			3,			20,				2,					0,				20,				NULL,							'BUILDINGCLASS_PALACE',			NULL,						'ERA_MEDIEVAL',		'ERA_INDUSTRIAL',	NULL,											NULL,											NULL,											NULL),
		('CITY_EVENT_JFD_PROVINCE_HUNTING',					'TXT_KEY_CITY_EVENT_JFD_PROVINCE_HUNTING_DESCRIPTION',			'TXT_KEY_CITY_EVENT_JFD_PROVINCE_HUNTING_DESCRIPTION',			'Event_Hunting1.dds',					'AS2D_EVENT_JFD_HUNTING',				0,				1,			2,			30,				2,					0,				20,				NULL,							'BUILDINGCLASS_PALACE',			NULL,						'ERA_MEDIEVAL',		NULL,				NULL,											NULL,											NULL,											NULL),
		('CITY_EVENT_JFD_PROVINCE_HUNTING_EVIDENCE',		NULL,															NULL,															'Event_Hunting1.dds',					'AS2D_EVENT_JFD_HUNTING',				0,				0,			1,			75,				5,					0,				20,				NULL,							'BUILDINGCLASS_PALACE',			NULL,						'ERA_MEDIEVAL',		NULL,				'CITY_EVENT_JFD_PROVINCE_HUNTING',				NULL,											'CITY_EVENT_JFD_PROVINCE_HUNTING_WITNESS',		NULL),
		('CITY_EVENT_JFD_PROVINCE_HUNTING_WITNESS',			'TXT_KEY_CITY_EVENT_JFD_PROVINCE_HUNTING_WITNESS_DESCRIPTION',	'TXT_KEY_CITY_EVENT_JFD_PROVINCE_HUNTING_WITNESS_DESCRIPTION',	'Event_Hunting1.dds',					'AS2D_EVENT_JFD_HUNTING',				0,				1,			2,			75,				5,					0,				20,				NULL,							'BUILDINGCLASS_PALACE',			NULL,						'ERA_MEDIEVAL',		NULL,				'CITY_EVENT_JFD_PROVINCE_HUNTING',				NULL,											'CITY_EVENT_JFD_PROVINCE_HUNTING_EVIDENCE',		NULL),
		('CITY_EVENT_JFD_PROVINCE_INCOMPETENT',				'TXT_KEY_CITY_EVENT_JFD_PROVINCE_INCOMPETENT_DESCRIPTION',		'TXT_KEY_CITY_EVENT_JFD_PROVINCE_INCOMPETENT_DESCRIPTION',		'Event_ComplacentRuler.dds',			'AS2D_EVENT_JFD_FANFARE_LIGHT',			0,				1,			2,			20,				2,					0,				20,				NULL,							'BUILDINGCLASS_PALACE',			NULL,						NULL,				NULL,				NULL,											NULL,											NULL,											NULL),
		('CITY_EVENT_JFD_PROVINCE_INCOMPETENT_FIRE',		'TXT_KEY_CITY_EVENT_JFD_PROVINCE_INCOMPETENT_FIRE_DESCRIPTION',	'TXT_KEY_CITY_EVENT_JFD_PROVINCE_INCOMPETENT_FIRE_DESCRIPTION',	'Event_ComplacentRuler.dds',			'AS2D_EVENT_JFD_FAIL',					0,				1,			2,			20,				2,					0,				20,				'BUILDINGCLASS_GRANARY',		'BUILDINGCLASS_PALACE',			NULL,						NULL,				NULL,				NULL,											'CITY_EVENT_JFD_PROVINCE_INCOMPETENT_CHOICE_1',	NULL,											'CITY_EVENT_JFD_PROVINCE_REMOVE_CHOICE_2'),
		('CITY_EVENT_JFD_PROVINCE_INCOMPETENT_GOLD',		'TXT_KEY_CITY_EVENT_JFD_PROVINCE_INCOMPETENT_GOLD_DESCRIPTION',	'TXT_KEY_CITY_EVENT_JFD_PROVINCE_INCOMPETENT_GOLD_DESCRIPTION',	'Event_ComplacentRuler.dds',			'AS2D_INTERFACE_CITY_SCREEN_PURCHASE',	0,				1,			2,			20,				2,					0,				20,				NULL,							'BUILDINGCLASS_PALACE',			NULL,						NULL,				NULL,				NULL,											'CITY_EVENT_JFD_PROVINCE_INCOMPETENT_CHOICE_1',	NULL,											'CITY_EVENT_JFD_PROVINCE_REMOVE_CHOICE_2'),
		('CITY_EVENT_JFD_PROVINCE_INSANE',					'TXT_KEY_CITY_EVENT_JFD_PROVINCE_INSANE_DESCRIPTION',			'TXT_KEY_CITY_EVENT_JFD_PROVINCE_INSANE_DESCRIPTION',			'Event_Insane1.dds',					'AS2D_EVENT_JFD_INSANE',				0,				1,			2,			20,				2,					0,				30,				NULL,							'BUILDINGCLASS_PALACE',			NULL,						'ERA_MEDIEVAL',		NULL,				NULL,											NULL,											NULL,											NULL),
		('CITY_EVENT_JFD_PROVINCE_INSANE_HORSE',			'TXT_KEY_CITY_EVENT_JFD_PROVINCE_INSANE_HORSE_DESCRIPTION',		'TXT_KEY_CITY_EVENT_JFD_PROVINCE_INSANE_HORSE_DESCRIPTION',		'Event_Insane1.dds',					'AS2D_EVENT_JFD_INSANE_HORSE',			0,				1,			2,			30,				2,					0,				20,				NULL,							'BUILDINGCLASS_PALACE',			NULL,						NULL,				NULL,				NULL,											'CITY_EVENT_JFD_PROVINCE_INSANE_CHOICE_1',		'CITY_EVENT_JFD_PROVINCE_INSANE_MURDER',		'CITY_EVENT_JFD_PROVINCE_REMOVE_CHOICE_2'),
		('CITY_EVENT_JFD_PROVINCE_INSANE_MURDER',			'TXT_KEY_CITY_EVENT_JFD_PROVINCE_INSANE_MURDER_DESCRIPTION',	'TXT_KEY_CITY_EVENT_JFD_PROVINCE_INSANE_MURDER_DESCRIPTION',	'Event_Insane1.dds',					'AS2D_EVENT_JFD_INSANE',				0,				1,			2,			20,				2,					0,				30,				NULL,							'BUILDINGCLASS_PALACE',			NULL,						NULL,				NULL,				NULL,											'CITY_EVENT_JFD_PROVINCE_INSANE_CHOICE_1',		NULL,											'CITY_EVENT_JFD_PROVINCE_REMOVE_CHOICE_2'),
		('CITY_EVENT_JFD_PROVINCE_INSANE_PALACE',			'TXT_KEY_CITY_EVENT_JFD_PROVINCE_INSANE_PALACE_DESCRIPTION',	'TXT_KEY_CITY_EVENT_JFD_PROVINCE_INSANE_PALACE_DESCRIPTION',	'Event_Insane1.dds',					'AS2D_EVENT_JFD_INSANE',				0,				1,			2,			10,				1,					0,				20,				NULL,							'BUILDINGCLASS_PALACE',			NULL,						NULL,				NULL,				NULL,											'CITY_EVENT_JFD_PROVINCE_INSANE_CHOICE_1',		'CITY_EVENT_JFD_PROVINCE_INSANE_MURDER',		'CITY_EVENT_JFD_PROVINCE_REMOVE_CHOICE_2'),
		('CITY_EVENT_JFD_PROVINCE_JOUSTING',				'TXT_KEY_CITY_EVENT_JFD_PROVINCE_JOUSTING_DESCRIPTION',			'TXT_KEY_CITY_EVENT_JFD_PROVINCE_JOUSTING_DESCRIPTION',			'Event_Jousting.dds',					'AS2D_EVENT_JFD_JOUSTING',				0,				1,			3,			30,				1,					0,				20,				NULL,							'BUILDINGCLASS_PALACE',			'TECH_CHIVALRY',			NULL,				NULL,				NULL,											NULL,											NULL,											NULL),
		('CITY_EVENT_JFD_PROVINCE_JOUSTING_FAILURE',		NULL,															NULL,															'Event_Jousting.dds',					'AS2D_EVENT_JFD_FAIL',					0,				0,			1,			75,				5,					0,				20,				NULL,							'BUILDINGCLASS_PALACE',			NULL,						'ERA_MEDIEVAL',		NULL,				NULL,											'CITY_EVENT_JFD_PROVINCE_JOUSTING_CHOICE_1',	'CITY_EVENT_JFD_PROVINCE_JOUSTING_VICTORY',		'CITY_EVENT_JFD_PROVINCE_INSANE_CHOICE_1'),
		('CITY_EVENT_JFD_PROVINCE_JOUSTING_INSANE',			NULL,															NULL,															'Event_Jousting.dds',					'AS2D_EVENT_JFD_JOUSTING_INSANE',		0,				0,			1,			75,				5,					0,				20,				NULL,							'BUILDINGCLASS_PALACE',			NULL,						'ERA_MEDIEVAL',		NULL,				NULL,											'CITY_EVENT_JFD_PROVINCE_JOUSTING_CHOICE_3',	NULL,											NULL),
		('CITY_EVENT_JFD_PROVINCE_JOUSTING_VICTORY',		NULL,															NULL,															'Event_Jousting.dds',					'AS2D_EVENT_JFD_JOUSTING',				0,				0,			1,			75,				5,					0,				20,				NULL,							'BUILDINGCLASS_PALACE',			NULL,						'ERA_MEDIEVAL',		NULL,				NULL,											'CITY_EVENT_JFD_PROVINCE_JOUSTING_CHOICE_1',	'CITY_EVENT_JFD_PROVINCE_JOUSTING_FAILURE',		'CITY_EVENT_JFD_PROVINCE_INSANE_CHOICE_1'),
		('CITY_EVENT_JFD_PROVINCE_NEW_BIRTH',				NULL,															NULL,															'Event_Birth.dds',						'AS2D_EVENT_JFD_BIRTH',					0,				1,			1,			20,				1,					0,				20,				NULL,							'BUILDINGCLASS_PALACE',			NULL,						NULL,				NULL,				NULL,											NULL,											NULL,											NULL),
		('CITY_EVENT_JFD_PROVINCE_TIRELESS',				'TXT_KEY_CITY_EVENT_JFD_PROVINCE_TIRELESS_DESCRIPTION',			'TXT_KEY_CITY_EVENT_JFD_PROVINCE_TIRELESS_DESCRIPTION',			'Event_TiredRuler.dds',					'AS2D_EVENT_JFD_TIRELESS',				0,				1,			2,			20,				2,					0,				20,				NULL,							'BUILDINGCLASS_PALACE',			NULL,						NULL,				NULL,				NULL,											NULL,											NULL,											NULL),
		('CITY_EVENT_JFD_PROVINCE_TIRELESS_DEATH',			NULL,															NULL,															'Event_Death.dds',						'AS2D_EVENT_JFD_SICK_DEATH',			0,				1,			1,			30,				1,					0,				20,				NULL,							'BUILDINGCLASS_PALACE',			NULL,						NULL,				NULL,				NULL,											'CITY_EVENT_JFD_PROVINCE_TIRELESS_CHOICE_1',	NULL,											NULL),
		('CITY_EVENT_JFD_PROVINCE_TORTURE',					'TXT_KEY_CITY_EVENT_JFD_PROVINCE_TORTURE_DESCRIPTION',			'TXT_KEY_CITY_EVENT_JFD_PROVINCE_TORTURE_DESCRIPTION',			'Event_Dungeon.dds',					'AS2D_EVENT_JFD_DUNGEON',				0,				1,			2,			20,				1,					0,				20,				NULL,							'BUILDINGCLASS_PALACE',			NULL,						'ERA_MEDIEVAL',		'ERA_INDUSTRIAL',	NULL,											NULL,											NULL,											NULL),
		('CITY_EVENT_JFD_PROVINCE_WAR_MACHINE',				NULL,															NULL,															'Event_SiegeWorkshop.dds',				'AS2D_BUILDING_JFD_WORKSHOP',			1,				1,			1,			10,				1,					0,				20,				NULL,							'BUILDINGCLASS_PALACE',			NULL,						NULL,				'ERA_RENAISSANCE',	NULL,											NULL,											NULL,											NULL);
--------------------------------------------------------------------------------------------------------------------------
-- CityEvent_MinimumStartYield
--------------------------------------------------------------------------------------------------------------------------	
INSERT INTO CityEvent_MinimumStartYield
		(CityEventType,										YieldType,					Yield)
VALUES	('CITY_EVENT_JFD_PROVINCE_DISSATISFACTION',			'YIELD_GOLD',				1000);
--------------------------------------------------------------------------------------------------------------------------
-- CityEvent_ParentEvents
--------------------------------------------------------------------------------------------------------------------------	
INSERT INTO CityEvent_ParentEvents
		(CityEventType,										CityEventChoiceType)
VALUES	('CITY_EVENT_JFD_PROVINCE_CALL_TO_ARMS',			'CITY_EVENT_JFD_PROVINCE_CALL_TO_ARMS_CHOICE_1'),
		('CITY_EVENT_JFD_PROVINCE_DAUGHTER',				'CITY_EVENT_JFD_PROVINCE_DAUGHTER_CHOICE_1'),
		('CITY_EVENT_JFD_PROVINCE_DAUGHTER',				'CITY_EVENT_JFD_PROVINCE_DAUGHTER_CHOICE_2'),		
		('CITY_EVENT_JFD_PROVINCE_DISSATISFACTION',			'CITY_EVENT_JFD_PROVINCE_DISSATISFACTION_CHOICE_1'),		
		('CITY_EVENT_JFD_PROVINCE_DISSATISFACTION',			'CITY_EVENT_JFD_PROVINCE_DISSATISFACTION_CHOICE_2'),		
		('CITY_EVENT_JFD_PROVINCE_DONATION',				'CITY_EVENT_JFD_PROVINCE_DONATION_CHOICE_1'),
		('CITY_EVENT_JFD_PROVINCE_FAMILY_DISPUTE',			'CITY_EVENT_JFD_PROVINCE_FAMILY_DISPUTE_CHOICE_1'),			
		('CITY_EVENT_JFD_PROVINCE_FAMILY_DISPUTE',			'CITY_EVENT_JFD_PROVINCE_FAMILY_DISPUTE_CHOICE_2'),			
		('CITY_EVENT_JFD_PROVINCE_FAMILY_DISPUTE',			'CITY_EVENT_JFD_PROVINCE_FAMILY_DISPUTE_CHOICE_3'),			
		('CITY_EVENT_JFD_PROVINCE_GARDEN',					'CITY_EVENT_JFD_PROVINCE_GARDEN_CHOICE_1'),				
		('CITY_EVENT_JFD_PROVINCE_GARDEN',					'CITY_EVENT_JFD_PROVINCE_GARDEN_CHOICE_2'),				
		('CITY_EVENT_JFD_PROVINCE_GARDEN',					'CITY_EVENT_JFD_PROVINCE_REMOVE_CHOICE_2'),				
		('CITY_EVENT_JFD_PROVINCE_GIFT',					'CITY_EVENT_JFD_PROVINCE_GIFT_CHOICE_1'),			
		('CITY_EVENT_JFD_PROVINCE_MARRIAGE',				'CITY_EVENT_JFD_PROVINCE_MARRIAGE_CHOICE_1'),			
		('CITY_EVENT_JFD_PROVINCE_MARRIAGE',				'CITY_EVENT_JFD_PROVINCE_MARRIAGE_CHOICE_2'),			
		('CITY_EVENT_JFD_PROVINCE_REQUEST',					'CITY_EVENT_JFD_PROVINCE_REQUEST_CHOICE_1'),			
		('CITY_EVENT_JFD_PROVINCE_REQUEST',					'CITY_EVENT_JFD_PROVINCE_REQUEST_CHOICE_2'),			
		('CITY_EVENT_JFD_PROVINCE_GREAT_BALL',				'CITY_EVENT_JFD_PROVINCE_GREAT_BALL_CHOICE_1'),					
		('CITY_EVENT_JFD_PROVINCE_GREAT_BALL',				'CITY_EVENT_JFD_PROVINCE_GREAT_BALL_CHOICE_2'),					
		('CITY_EVENT_JFD_PROVINCE_GREAT_BALL_EMBARRASS',	'CITY_EVENT_JFD_PROVINCE_GREAT_BALL_EMBARRASS_CHOICE_1'),					
		('CITY_EVENT_JFD_PROVINCE_GREAT_BALL_MISTAKE',		'CITY_EVENT_JFD_PROVINCE_GREAT_BALL_MISTAKE_CHOICE_1'),					
		('CITY_EVENT_JFD_PROVINCE_GREAT_BALL',				'CITY_EVENT_JFD_PROVINCE_GREAT_BALL_CHOICE_2'),					
		('CITY_EVENT_JFD_PROVINCE_HOMOSEXUAL',				'CITY_EVENT_JFD_PROVINCE_HOMOSEXUAL_CHOICE_1'),				
		('CITY_EVENT_JFD_PROVINCE_HOMOSEXUAL',				'CITY_EVENT_JFD_PROVINCE_HOMOSEXUAL_CHOICE_2'),				
		('CITY_EVENT_JFD_PROVINCE_HOMOSEXUAL',				'CITY_EVENT_JFD_PROVINCE_REMOVE_CHOICE_2'),				
		('CITY_EVENT_JFD_PROVINCE_HUNTING',					'CITY_EVENT_JFD_PROVINCE_HUNTING_CHOICE_1'),				
		('CITY_EVENT_JFD_PROVINCE_HUNTING',					'CITY_EVENT_JFD_PROVINCE_HUNTING_CHOICE_2'),				
		('CITY_EVENT_JFD_PROVINCE_HUNTING_EVIDENCE',		'CITY_EVENT_JFD_PROVINCE_HUNTING_EVIDENCE_CHOICE_1'),				
		('CITY_EVENT_JFD_PROVINCE_HUNTING_WITNESS',			'CITY_EVENT_JFD_PROVINCE_HUNTING_WITNESS_CHOICE_1'),				
		('CITY_EVENT_JFD_PROVINCE_HUNTING_WITNESS',			'CITY_EVENT_JFD_PROVINCE_REMOVE_CHOICE_2'),				
		('CITY_EVENT_JFD_PROVINCE_INCOMPETENT',				'CITY_EVENT_JFD_PROVINCE_INCOMPETENT_CHOICE_1'),				
		('CITY_EVENT_JFD_PROVINCE_INCOMPETENT',				'CITY_EVENT_JFD_PROVINCE_REMOVE_CHOICE_2'),				
		('CITY_EVENT_JFD_PROVINCE_INCOMPETENT_FIRE',		'CITY_EVENT_JFD_PROVINCE_INCOMPETENT_FIRE_CHOICE_1'),				
		('CITY_EVENT_JFD_PROVINCE_INCOMPETENT_FIRE',		'CITY_EVENT_JFD_PROVINCE_REMOVE_CHOICE_2'),				
		('CITY_EVENT_JFD_PROVINCE_INCOMPETENT_GOLD',		'CITY_EVENT_JFD_PROVINCE_INCOMPETENT_GOLD_CHOICE_1'),				
		('CITY_EVENT_JFD_PROVINCE_INCOMPETENT_GOLD',		'CITY_EVENT_JFD_PROVINCE_REMOVE_CHOICE_2'),				
		('CITY_EVENT_JFD_PROVINCE_INSANE',					'CITY_EVENT_JFD_PROVINCE_INSANE_CHOICE_1'),				
		('CITY_EVENT_JFD_PROVINCE_INSANE',					'CITY_EVENT_JFD_PROVINCE_REMOVE_CHOICE_2'),				
		('CITY_EVENT_JFD_PROVINCE_INSANE_HORSE',			'CITY_EVENT_JFD_PROVINCE_INSANE_HORSE_CHOICE_1'),				
		('CITY_EVENT_JFD_PROVINCE_INSANE_HORSE',			'CITY_EVENT_JFD_PROVINCE_REMOVE_CHOICE_2'),				
		('CITY_EVENT_JFD_PROVINCE_INSANE_MURDER',			'CITY_EVENT_JFD_PROVINCE_INSANE_MURDER_CHOICE_1'),				
		('CITY_EVENT_JFD_PROVINCE_INSANE_MURDER',			'CITY_EVENT_JFD_PROVINCE_INSANE_MURDER_CHOICE_2'),				
		('CITY_EVENT_JFD_PROVINCE_INSANE_PALACE',			'CITY_EVENT_JFD_PROVINCE_INSANE_PALACE_CHOICE_1'),				
		('CITY_EVENT_JFD_PROVINCE_INSANE_PALACE',			'CITY_EVENT_JFD_PROVINCE_REMOVE_CHOICE_2'),				
		('CITY_EVENT_JFD_PROVINCE_JOUSTING',				'CITY_EVENT_JFD_PROVINCE_JOUSTING_CHOICE_1'),			
		('CITY_EVENT_JFD_PROVINCE_JOUSTING',				'CITY_EVENT_JFD_PROVINCE_JOUSTING_CHOICE_2'),			
		('CITY_EVENT_JFD_PROVINCE_JOUSTING',				'CITY_EVENT_JFD_PROVINCE_JOUSTING_CHOICE_3'),			
		('CITY_EVENT_JFD_PROVINCE_JOUSTING_FAILURE',		'CITY_EVENT_JFD_PROVINCE_JOUSTING_FAILURE_CHOICE_1'),				
		('CITY_EVENT_JFD_PROVINCE_JOUSTING_INSANE',			'CITY_EVENT_JFD_PROVINCE_JOUSTING_INSANE_CHOICE_1'),				
		('CITY_EVENT_JFD_PROVINCE_JOUSTING_VICTORY',		'CITY_EVENT_JFD_PROVINCE_JOUSTING_VICTORY_CHOICE_1'),				
		('CITY_EVENT_JFD_PROVINCE_NEW_BIRTH',				'CITY_EVENT_JFD_PROVINCE_NEW_BIRTH_CHOICE_1'),			
		('CITY_EVENT_JFD_PROVINCE_TIRELESS',				'CITY_EVENT_JFD_PROVINCE_TIRELESS_CHOICE_1'),				
		('CITY_EVENT_JFD_PROVINCE_TIRELESS',				'CITY_EVENT_JFD_PROVINCE_REMOVE_CHOICE_2'),				
		('CITY_EVENT_JFD_PROVINCE_TIRELESS_DEATH',			'CITY_EVENT_JFD_PROVINCE_TIRELESS_DEATH_CHOICE_1'),			
		('CITY_EVENT_JFD_PROVINCE_TORTURE',					'CITY_EVENT_JFD_PROVINCE_TORTURE_CHOICE_1'),				
		('CITY_EVENT_JFD_PROVINCE_TORTURE',					'CITY_EVENT_JFD_PROVINCE_REMOVE_CHOICE_2'),				
		('CITY_EVENT_JFD_PROVINCE_WAR_MACHINE',				'CITY_EVENT_JFD_PROVINCE_WAR_MACHINE_CHOICE_1');
--------------------------------------------------------------------------------------------------------------------------
-- CityEventChoices
--------------------------------------------------------------------------------------------------------------------------	
INSERT INTO CityEventChoices
		(Type,														EventChoiceAudio,				EraScaling,	EventBuildingClass,				EventBuildingClassDestruction,	Expires,	IsBenefitsCapital,	IsProvince,	FreeUnitsTechAppropriate,	ResistanceCounter,	ResistanceTurns,	ResetRevoltCounter,		RevoltCounter,	ResistanceTurns,	ResetWLTKDCounter,	WLTKDCounter,	WLTKDTurns,		WLTKDTurnsAllCities,	EventDuration,	Description,																	Help,																			DisabledTooltip,		RequiredActiveCityEventChoice,						RequiredNoActiveCityEventChoice)
VALUES	('CITY_EVENT_JFD_PROVINCE_CALL_TO_ARMS_CHOICE_1',			NULL,							0,			NULL,							NULL,							0,			0,					1,			1,							0,					0,					0,						0,				0,					0,					0,				0,				0,						30,				'TXT_KEY_CITY_EVENT_JFD_PROVINCE_CALL_TO_ARMS_DESCRIPTION_CHOICE_1',			'TXT_KEY_CITY_EVENT_JFD_PROVINCE_CALL_TO_ARMS_DESCRIPTION_CHOICE_1',			NULL,					NULL,												NULL),
		('CITY_EVENT_JFD_PROVINCE_DAUGHTER_CHOICE_1',				'AS2D_EVENT_CHOICE',			0,			NULL,							NULL,							1,			0,					0,			0,							20,					0,					0,						0,				0,					0,					0,				0,				0,						10,				'TXT_KEY_CITY_EVENT_JFD_PROVINCE_DAUGHTER_DESCRIPTION_CHOICE_1',				'TXT_KEY_CITY_EVENT_JFD_PROVINCE_DAUGHTER_HELP_CHOICE_1',						NULL,					NULL,												NULL),
		('CITY_EVENT_JFD_PROVINCE_DAUGHTER_CHOICE_2',				'AS2D_EVENT_CHOICE',			0,			NULL,							NULL,							0,			0,					0,			0,							0,					0,					0,						0,				0,					0,					0,				0,				0,						30,				'TXT_KEY_CITY_EVENT_JFD_PROVINCE_DAUGHTER_DESCRIPTION_CHOICE_2',				'TXT_KEY_CITY_EVENT_JFD_PROVINCE_DAUGHTER_HELP_CHOICE_2',						NULL,					NULL,												NULL),
		('CITY_EVENT_JFD_PROVINCE_DISSATISFACTION_CHOICE_1',		'AS2D_EVENT_CHOICE',			1,			'BUILDINGCLASS_JFD_MANSION',	NULL,							0,			0,					0,			0,							0,					0,					0,						0,				0,					0,					0,				0,				0,						30,				'TXT_KEY_CITY_EVENT_JFD_PROVINCE_DISSATISFACTION_DESCRIPTION_CHOICE_1',			'TXT_KEY_CITY_EVENT_JFD_PROVINCE_DISSATISFACTION_HELP_CHOICE_1',				NULL,					NULL,												NULL),
		('CITY_EVENT_JFD_PROVINCE_DISSATISFACTION_CHOICE_2',		'AS2D_EVENT_CHOICE',			0,			NULL,							NULL,							0,			0,					0,			0,							0,					0,					0,						50,				0,					0,					0,				0,				0,						30,				'TXT_KEY_CITY_EVENT_JFD_PROVINCE_DISSATISFACTION_DESCRIPTION_CHOICE_2',			'TXT_KEY_CITY_EVENT_JFD_PROVINCE_DISSATISFACTION_HELP_CHOICE_2',				NULL,					NULL,												NULL),
		('CITY_EVENT_JFD_PROVINCE_DONATION_CHOICE_1',				NULL,							1,			NULL,							NULL,							0,			0,					1,			0,							0,					0,					0,						0,				0,					0,					0,				0,				0,						30,				'TXT_KEY_CITY_EVENT_JFD_PROVINCE_DONATION_DESCRIPTION_CHOICE_1',				'TXT_KEY_CITY_EVENT_JFD_PROVINCE_DONATION_DESCRIPTION_CHOICE_1',				NULL,					NULL,												NULL),
		('CITY_EVENT_JFD_PROVINCE_FAMILY_DISPUTE_CHOICE_1',			'AS2D_EVENT_CHOICE',			1,			NULL,							NULL,							0,			0,					0,			0,							0,					0,					0,						0,				0,					0,					0,				0,				0,						30,				'TXT_KEY_CITY_EVENT_JFD_PROVINCE_FAMILY_DISPUTE_DESCRIPTION_CHOICE_1',			'TXT_KEY_CITY_EVENT_JFD_PROVINCE_FAMILY_DISPUTE_HELP_CHOICE_1',					NULL,					NULL,												NULL),
		('CITY_EVENT_JFD_PROVINCE_FAMILY_DISPUTE_CHOICE_2',			'AS2D_EVENT_CHOICE',			1,			NULL,							NULL,							1,			0,					0,			0,							0,					0,					0,						0,				0,					0,					0,				0,				0,						30,				'TXT_KEY_CITY_EVENT_JFD_PROVINCE_FAMILY_DISPUTE_DESCRIPTION_CHOICE_2',			'TXT_KEY_CITY_EVENT_JFD_PROVINCE_FAMILY_DISPUTE_HELP_CHOICE_2',					NULL,					NULL,												NULL),
		('CITY_EVENT_JFD_PROVINCE_FAMILY_DISPUTE_CHOICE_3',			'AS2D_EVENT_CHOICE',			1,			NULL,							NULL,							0,			0,					0,			0,							0,					0,					0,						20,				0,					0,					0,				0,				0,						30,				'TXT_KEY_CITY_EVENT_JFD_PROVINCE_FAMILY_DISPUTE_DESCRIPTION_CHOICE_3',			'TXT_KEY_CITY_EVENT_JFD_PROVINCE_FAMILY_DISPUTE_HELP_CHOICE_3',					NULL,					NULL,												NULL),
		('CITY_EVENT_JFD_PROVINCE_GARDEN_CHOICE_1',					'AS2D_EVENT_CHOICE',			0,			NULL,							NULL,							0,			0,					0,			0,							0,					0,					0,						10,				0,					0,					0,				0,				0,						30,				'TXT_KEY_CITY_EVENT_JFD_PROVINCE_GARDEN_DESCRIPTION_CHOICE_1',					'TXT_KEY_CITY_EVENT_JFD_PROVINCE_GARDEN_HELP_CHOICE_1',							NULL,					NULL,												NULL),
		('CITY_EVENT_JFD_PROVINCE_GARDEN_CHOICE_2',					'AS2D_EVENT_CHOICE',			0,			NULL,							NULL,							0,			0,					0,			0,							0,					0,					0,						-20,			0,					0,					0,				0,				0,						30,				'TXT_KEY_CITY_EVENT_JFD_PROVINCE_GARDEN_DESCRIPTION_CHOICE_2',					'TXT_KEY_CITY_EVENT_JFD_PROVINCE_GARDEN_HELP_CHOICE_2',							NULL,					NULL,												NULL),
		('CITY_EVENT_JFD_PROVINCE_GIFT_CHOICE_1',					NULL,							1,			NULL,							NULL,							0,			0,					1,			0,							0,					0,					0,						0,				0,					0,					0,				0,				0,						30,				'TXT_KEY_CITY_EVENT_JFD_PROVINCE_GIFT_DESCRIPTION_CHOICE_1',					'TXT_KEY_CITY_EVENT_JFD_PROVINCE_GIFT_DESCRIPTION_CHOICE_1',					NULL,					NULL,												NULL),
		('CITY_EVENT_JFD_PROVINCE_MARRIAGE_CHOICE_1',				'AS2D_EVENT_CHOICE',			1,			NULL,							NULL,							0,			0,					0,			0,							0,					0,					0,						0,				0,					0,					0,				0,				0,						30,				'TXT_KEY_CITY_EVENT_JFD_PROVINCE_MARRIAGE_DESCRIPTION_CHOICE_1',				'TXT_KEY_CITY_EVENT_JFD_PROVINCE_MARRIAGE_HELP_CHOICE_1',						NULL,					NULL,												NULL),
		('CITY_EVENT_JFD_PROVINCE_MARRIAGE_CHOICE_2',				'AS2D_EVENT_CHOICE',			0,			NULL,							NULL,							0,			0,					0,			0,							0,					0,					0,						0,				0,					0,					0,				5,				1,						30,				'TXT_KEY_CITY_EVENT_JFD_PROVINCE_MARRIAGE_DESCRIPTION_CHOICE_2',				'TXT_KEY_CITY_EVENT_JFD_PROVINCE_MARRIAGE_HELP_CHOICE_2',						NULL,					NULL,												NULL),
		('CITY_EVENT_JFD_PROVINCE_REQUEST_CHOICE_1',				'AS2D_EVENT_CHOICE',			1,			NULL,							NULL,							0,			0,					0,			0,							0,					0,					0,						0,				0,					0,					0,				0,				0,						30,				'TXT_KEY_CITY_EVENT_JFD_PROVINCE_REQUEST_DESCRIPTION_CHOICE_1',					'TXT_KEY_CITY_EVENT_JFD_PROVINCE_REQUEST_HELP_CHOICE_1',						NULL,					NULL,												NULL),
		('CITY_EVENT_JFD_PROVINCE_REQUEST_CHOICE_2',				'AS2D_EVENT_CHOICE',			0,			NULL,							NULL,							0,			0,					0,			0,							0,					0,					0,						30,				0,					0,					0,				0,				0,						30,				'TXT_KEY_CITY_EVENT_JFD_PROVINCE_REQUEST_DESCRIPTION_CHOICE_2',					'TXT_KEY_CITY_EVENT_JFD_PROVINCE_REQUEST_HELP_CHOICE_2',						NULL,					NULL,												NULL),
		('CITY_EVENT_JFD_PROVINCE_GREAT_BALL_CHOICE_1',				'AS2D_EVENT_CHOICE',			0,			NULL,							NULL,							0,			0,					0,			0,							0,					0,					0,						0,				0,					0,					0,				0,				0,						30,				'TXT_KEY_CITY_EVENT_JFD_PROVINCE_GREAT_BALL_DESCRIPTION_CHOICE_1',				'TXT_KEY_CITY_EVENT_JFD_PROVINCE_GREAT_BALL_HELP_CHOICE_1',						NULL,					NULL,												NULL),
		('CITY_EVENT_JFD_PROVINCE_GREAT_BALL_CHOICE_2',				'AS2D_EVENT_CHOICE',			1,			NULL,							NULL,							0,			0,					0,			0,							0,					0,					0,						0,				0,					0,					0,				0,				0,						30,				'TXT_KEY_CITY_EVENT_JFD_PROVINCE_GREAT_BALL_DESCRIPTION_CHOICE_2',				'TXT_KEY_CITY_EVENT_JFD_PROVINCE_GREAT_BALL_HELP_CHOICE_2',						NULL,					NULL,												NULL),
		('CITY_EVENT_JFD_PROVINCE_GREAT_BALL_EMBARRASS_CHOICE_1',	NULL,							0,			NULL,							NULL,							0,			0,					1,			0,							0,					0,					0,						10,				0,					0,					0,				0,				0,						30,				'TXT_KEY_CITY_EVENT_JFD_PROVINCE_GREAT_BALL_EMBARRASS_DESCRIPTION_CHOICE_1',	'TXT_KEY_CITY_EVENT_JFD_PROVINCE_GREAT_BALL_EMBARRASS_DESCRIPTION_CHOICE_1',	NULL,					NULL,												NULL),
		('CITY_EVENT_JFD_PROVINCE_GREAT_BALL_MISTAKE_CHOICE_1',		NULL,							0,			NULL,							NULL,							0,			0,					1,			0,							0,					0,					0,						0,				0,					0,					0,				3,				0,						30,				'TXT_KEY_CITY_EVENT_JFD_PROVINCE_GREAT_BALL_MISTAKE_DESCRIPTION_CHOICE_1',		'TXT_KEY_CITY_EVENT_JFD_PROVINCE_GREAT_BALL_MISTAKE_DESCRIPTION_CHOICE_1',		NULL,					NULL,												NULL),
		('CITY_EVENT_JFD_PROVINCE_HOMOSEXUAL_CHOICE_1',				'AS2D_EVENT_CHOICE',			0,			NULL,							NULL,							0,			1,					0,			0,							0,					0,					0,						0,				0,					0,					30,				0,				0,						30,				'TXT_KEY_CITY_EVENT_JFD_PROVINCE_HOMOSEXUAL_DESCRIPTION_CHOICE_1',				'TXT_KEY_CITY_EVENT_JFD_PROVINCE_HOMOSEXUAL_HELP_CHOICE_1',						NULL,					NULL,												NULL),
		('CITY_EVENT_JFD_PROVINCE_HOMOSEXUAL_CHOICE_2',				'AS2D_EVENT_CHOICE',			0,			NULL,							NULL,							0,			0,					0,			0,							0,					0,					0,						0,				0,					0,					0,				0,				0,						30,				'TXT_KEY_CITY_EVENT_JFD_PROVINCE_HOMOSEXUAL_DESCRIPTION_CHOICE_2',				'TXT_KEY_CITY_EVENT_JFD_PROVINCE_HOMOSEXUAL_HELP_CHOICE_2',						NULL,					NULL,												NULL),
		('CITY_EVENT_JFD_PROVINCE_HUNTING_CHOICE_1',				'AS2D_EVENT_CHOICE',			0,			NULL,							NULL,							0,			0,					0,			0,							0,					0,					1,						0,				0,					1,					0,				0,				0,						30,				'TXT_KEY_CITY_EVENT_JFD_PROVINCE_HUNTING_DESCRIPTION_CHOICE_1',					'TXT_KEY_CITY_EVENT_JFD_PROVINCE_HUNTING_HELP_CHOICE_1',						NULL,					NULL,												NULL),
		('CITY_EVENT_JFD_PROVINCE_HUNTING_CHOICE_2',				'AS2D_EVENT_CHOICE',			0,			NULL,							NULL,							0,			0,					0,			0,							0,					0,					0,						-50,			0,					0,					-50,			0,				0,						30,				'TXT_KEY_CITY_EVENT_JFD_PROVINCE_HUNTING_DESCRIPTION_CHOICE_2',					'TXT_KEY_CITY_EVENT_JFD_PROVINCE_HUNTING_HELP_CHOICE_2',						NULL,					NULL,												NULL),
		('CITY_EVENT_JFD_PROVINCE_HUNTING_EVIDENCE_CHOICE_1',		NULL,							0,			NULL,							NULL,							0,			0,					1,			0,							0,					0,					0,						0,				0,					0,					10,				0,				0,						30,				'TXT_KEY_CITY_EVENT_JFD_PROVINCE_HUNTING_EVIDENCE_DESCRIPTION_CHOICE_1',		'TXT_KEY_CITY_EVENT_JFD_PROVINCE_HUNTING_EVIDENCE_DESCRIPTION_CHOICE_1',		NULL,					NULL,												NULL),
		('CITY_EVENT_JFD_PROVINCE_HUNTING_WITNESS_CHOICE_1',		'AS2D_EVENT_CHOICE',			0,			NULL,							NULL,							0,			0,					0,			0,							0,					0,					0,						0,				0,					0,					40,				0,				0,						30,				'TXT_KEY_CITY_EVENT_JFD_PROVINCE_HUNTING_WITNESS_DESCRIPTION_CHOICE_1',			'TXT_KEY_CITY_EVENT_JFD_PROVINCE_HUNTING_WITNESS_HELP_CHOICE_1',				NULL,					NULL,												NULL),
		('CITY_EVENT_JFD_PROVINCE_INCOMPETENT_CHOICE_1',			'AS2D_EVENT_CHOICE',			1,			NULL,							NULL,							1,			0,					0,			0,							0,					0,					0,						0,				0,					0,					0,				0,				0,						30,				'TXT_KEY_CITY_EVENT_JFD_PROVINCE_INCOMPETENT_DESCRIPTION_CHOICE_1',				'TXT_KEY_CITY_EVENT_JFD_PROVINCE_INCOMPETENT_HELP_CHOICE_1',					NULL,					NULL,												NULL),
		('CITY_EVENT_JFD_PROVINCE_INCOMPETENT_FIRE_CHOICE_1',		'AS2D_EVENT_CHOICE',			0,			NULL,							'BUILDINGCLASS_GRANARY',		0,			0,					0,			0,							0,					0,					0,						0,				0,					0,					0,				0,				0,						30,				'TXT_KEY_CITY_EVENT_JFD_PROVINCE_INCOMPETENT_FIRE_DESCRIPTION_CHOICE_1',		'TXT_KEY_CITY_EVENT_JFD_PROVINCE_INCOMPETENT_FIRE_HELP_CHOICE_1',				NULL,					NULL,												NULL),
		('CITY_EVENT_JFD_PROVINCE_INCOMPETENT_GOLD_CHOICE_1',		'AS2D_EVENT_CHOICE',			1,			NULL,							NULL,							0,			0,					0,			0,							0,					0,					0,						0,				0,					0,					0,				0,				0,						30,				'TXT_KEY_CITY_EVENT_JFD_PROVINCE_INCOMPETENT_GOLD_DESCRIPTION_CHOICE_1',		'TXT_KEY_CITY_EVENT_JFD_PROVINCE_INCOMPETENT_GOLD_HELP_CHOICE_1',				NULL,					NULL,												NULL),
		('CITY_EVENT_JFD_PROVINCE_INSANE_CHOICE_1',					'AS2D_EVENT_CHOICE',			1,			NULL,							NULL,							0,			0,					0,			0,							0,					0,					0,						0,				0,					0,					0,				0,				0,						50,				'TXT_KEY_CITY_EVENT_JFD_PROVINCE_INSANE_DESCRIPTION_CHOICE_1',					'TXT_KEY_CITY_EVENT_JFD_PROVINCE_INSANE_HELP_CHOICE_1',							NULL,					NULL,												NULL),
		('CITY_EVENT_JFD_PROVINCE_INSANE_HORSE_CHOICE_1',			'AS2D_EVENT_CHOICE',			0,			NULL,							NULL,							0,			0,					0,			0,							0,					0,					0,						0,				0,					0,					0,				0,				0,						30,				'TXT_KEY_CITY_EVENT_JFD_PROVINCE_INSANE_HORSE_DESCRIPTION_CHOICE_1',			'TXT_KEY_CITY_EVENT_JFD_PROVINCE_INSANE_HORSE_HELP_CHOICE_1',					NULL,					NULL,												NULL),
		('CITY_EVENT_JFD_PROVINCE_INSANE_MURDER_CHOICE_1',			'AS2D_EVENT_CHOICE',			0,			NULL,							NULL,							0,			0,					0,			0,							0,					0,					0,						0,				0,					0,					0,				0,				0,						30,				'TXT_KEY_CITY_EVENT_JFD_PROVINCE_INSANE_MURDER_DESCRIPTION_CHOICE_1',			'TXT_KEY_CITY_EVENT_JFD_PROVINCE_INSANE_MURDER_HELP_CHOICE_1',					NULL,					NULL,												NULL),
		('CITY_EVENT_JFD_PROVINCE_INSANE_MURDER_CHOICE_2',			'AS2D_EVENT_CHOICE',			0,			NULL,							NULL,							0,			0,					0,			0,							0,					0,					0,						0,				0,					0,					0,				20,				0,						30,				'TXT_KEY_CITY_EVENT_JFD_PROVINCE_INSANE_MURDER_DESCRIPTION_CHOICE_2',			'TXT_KEY_CITY_EVENT_JFD_PROVINCE_INSANE_MURDER_HELP_CHOICE_2',					NULL,					NULL,												NULL),
		('CITY_EVENT_JFD_PROVINCE_INSANE_PALACE_CHOICE_1',			'AS2D_EVENT_CHOICE',			1,			NULL,							NULL,							0,			0,					0,			0,							0,					0,					0,						0,				0,					0,					0,				0,				0,						30,				'TXT_KEY_CITY_EVENT_JFD_PROVINCE_INSANE_PALACE_DESCRIPTION_CHOICE_1',			'TXT_KEY_CITY_EVENT_JFD_PROVINCE_INSANE_PALACE_HELP_CHOICE_1',					NULL,					NULL,												NULL),
		('CITY_EVENT_JFD_PROVINCE_JOUSTING_CHOICE_1',				'AS2D_EVENT_CHOICE',			0,			NULL,							NULL,							0,			0,					0,			0,							0,					0,					0,						0,				0,					0,					0,				5,				0,						30,				'TXT_KEY_CITY_EVENT_JFD_PROVINCE_JOUSTING_DESCRIPTION_CHOICE_1',				'TXT_KEY_CITY_EVENT_JFD_PROVINCE_JOUSTING_HELP_CHOICE_1',						NULL,					NULL,												NULL),
		('CITY_EVENT_JFD_PROVINCE_JOUSTING_CHOICE_2',				'AS2D_EVENT_CHOICE',			0,			NULL,							NULL,							0,			0,					0,			0,							0,					0,					0,						0,				0,					0,					0,				0,				0,						30,				'TXT_KEY_CITY_EVENT_JFD_PROVINCE_JOUSTING_DESCRIPTION_CHOICE_2',				'TXT_KEY_CITY_EVENT_JFD_PROVINCE_JOUSTING_HELP_CHOICE_2',						NULL,					NULL,												NULL),
		('CITY_EVENT_JFD_PROVINCE_JOUSTING_CHOICE_3',				'AS2D_EVENT_CHOICE',			0,			NULL,							NULL,							0,			0,					0,			0,							0,					0,					0,						0,				0,					0,					0,				0,				0,						30,				'TXT_KEY_CITY_EVENT_JFD_PROVINCE_JOUSTING_DESCRIPTION_CHOICE_3',				'TXT_KEY_CITY_EVENT_JFD_PROVINCE_JOUSTING_HELP_CHOICE_3',						NULL,					'CITY_EVENT_JFD_PROVINCE_INSANE_CHOICE_1',			'CITY_EVENT_JFD_PROVINCE_REMOVE_CHOICE_2'),
		('CITY_EVENT_JFD_PROVINCE_JOUSTING_FAILURE_CHOICE_1',		NULL,							0,			NULL,							NULL,							0,			0,					1,			0,							0,					0,					0,						0,				0,					0,					0,				0,				0,						30,				'TXT_KEY_CITY_EVENT_JFD_PROVINCE_JOUSTING_FAILURE_DESCRIPTION_CHOICE_1',		'TXT_KEY_CITY_EVENT_JFD_PROVINCE_JOUSTING_FAILURE_DESCRIPTION_CHOICE_1',		NULL,					NULL,												NULL),
		('CITY_EVENT_JFD_PROVINCE_JOUSTING_INSANE_CHOICE_1',		NULL,							0,			NULL,							NULL,							0,			0,					1,			0,							0,					0,					0,						0,				0,					0,					0,				0,				0,						30,				'TXT_KEY_CITY_EVENT_JFD_PROVINCE_JOUSTING_INSANE_DESCRIPTION_CHOICE_1',			'TXT_KEY_CITY_EVENT_JFD_PROVINCE_JOUSTING_INSANE_DESCRIPTION_CHOICE_1',			NULL,					NULL,												NULL),
		('CITY_EVENT_JFD_PROVINCE_JOUSTING_VICTORY_CHOICE_1',		NULL,							0,			NULL,							NULL,							0,			0,					1,			0,							0,					0,					0,						0,				0,					0,					0,				0,				0,						30,				'TXT_KEY_CITY_EVENT_JFD_PROVINCE_JOUSTING_VICTORY_DESCRIPTION_CHOICE_1',		'TXT_KEY_CITY_EVENT_JFD_PROVINCE_JOUSTING_VICTORY_DESCRIPTION_CHOICE_1',		NULL,					NULL,												NULL),
		('CITY_EVENT_JFD_PROVINCE_NEW_BIRTH_CHOICE_1',				NULL,							0,			NULL,							NULL,							0,			0,					1,			0,							0,					0,					0,						0,				0,					0,					0,				3,				0,						30,				'TXT_KEY_CITY_EVENT_JFD_PROVINCE_NEW_BIRTH_DESCRIPTION_CHOICE_1',				'TXT_KEY_CITY_EVENT_JFD_PROVINCE_NEW_BIRTH_DESCRIPTION_CHOICE_1',				NULL,					NULL,												NULL),
		('CITY_EVENT_JFD_PROVINCE_TIRELESS_CHOICE_1',				'AS2D_EVENT_CHOICE',			0,			NULL,							NULL,							0,			0,					0,			0,							0,					0,					0,						0,				0,					0,					0,				0,				0,						30,				'TXT_KEY_CITY_EVENT_JFD_PROVINCE_TIRELESS_DESCRIPTION_CHOICE_1',				'TXT_KEY_CITY_EVENT_JFD_PROVINCE_TIRELESS_HELP_CHOICE_1',						NULL,					NULL,												NULL),
		('CITY_EVENT_JFD_PROVINCE_TIRELESS_DEATH_CHOICE_1',			NULL,							0,			NULL,							NULL,							0,			0,					1,			0,							0,					0,					0,						0,				0,					1,					0,				0,				0,						30,				'TXT_KEY_CITY_EVENT_JFD_PROVINCE_TIRELESS_DEATH_DESCRIPTION_CHOICE_1',			'TXT_KEY_CITY_EVENT_JFD_PROVINCE_TIRELESS_DEATH_DESCRIPTION_CHOICE_1',			NULL,					NULL,												NULL),
		('CITY_EVENT_JFD_PROVINCE_TORTURE_CHOICE_1',				'AS2D_EVENT_CHOICE',			0,			NULL,							NULL,							0,			0,					0,			0,							0,					0,					0,						0,				0,					0,					0,				0,				0,						30,				'TXT_KEY_CITY_EVENT_JFD_PROVINCE_TORTURE_DESCRIPTION_CHOICE_1',					'TXT_KEY_CITY_EVENT_JFD_PROVINCE_TORTURE_HELP_CHOICE_1',						NULL,					NULL,												NULL),
		('CITY_EVENT_JFD_PROVINCE_WAR_MACHINE_CHOICE_1',			NULL,							0,			NULL,							NULL,							0,			0,					1,			0,							0,					0,					0,						0,				0,					0,					0,				0,				0,						30,				'TXT_KEY_CITY_EVENT_JFD_PROVINCE_WAR_MACHINE_DESCRIPTION_CHOICE_1',				'TXT_KEY_CITY_EVENT_JFD_PROVINCE_WAR_MACHINE_DESCRIPTION_CHOICE_1',				NULL,					NULL,												NULL),
		('CITY_EVENT_JFD_PROVINCE_REMOVE_CHOICE_2',					'AS2D_EVENT_CHOICE',			0,			NULL,							NULL,							0,			0,					0,			0,							0,					1,					0,						0,				0,					0,					0,				10,				0,						30,				'TXT_KEY_CITY_EVENT_JFD_PROVINCE_REMOVE_DESCRIPTION_CHOICE_2',					'TXT_KEY_CITY_EVENT_JFD_PROVINCE_REMOVE_HELP_CHOICE_2',							NULL,					NULL,												NULL);
--------------------------------------------------------------------------------------------------------------------------
-- CityEventChoice_InstantYield
--------------------------------------------------------------------------------------------------------------------------
INSERT INTO CityEventChoice_InstantYield
		(CityEventChoiceType,									YieldType,						Yield)
VALUES	('CITY_EVENT_JFD_PROVINCE_DONATION_CHOICE_1',			'YIELD_GOLD',					50),	
		('CITY_EVENT_JFD_PROVINCE_FAMILY_DISPUTE_CHOICE_1',		'YIELD_FOOD',					20),
		('CITY_EVENT_JFD_PROVINCE_FAMILY_DISPUTE_CHOICE_2',		'YIELD_GOLD',					50),
		('CITY_EVENT_JFD_PROVINCE_FAMILY_DISPUTE_CHOICE_3',		'YIELD_GOLD',					200),
		('CITY_EVENT_JFD_PROVINCE_GREAT_BALL_CHOICE_2',			'YIELD_GOLDEN_AGE_POINTS',		20),
		('CITY_EVENT_JFD_PROVINCE_HOMOSEXUAL_CHOICE_2',			'YIELD_GOLDEN_AGE_POINTS',		100),
		('CITY_EVENT_JFD_PROVINCE_INSANE_CHOICE_1',				'YIELD_CULTURE',				20),
		('CITY_EVENT_JFD_PROVINCE_INSANE_MURDER_CHOICE_1',		'YIELD_GOLDEN_AGE_POINTS',		200),
		('CITY_EVENT_JFD_PROVINCE_JOUSTING_CHOICE_2',			'YIELD_PRODUCTION',				20),
		('CITY_EVENT_JFD_PROVINCE_JOUSTING_CHOICE_3',			'YIELD_GOLDEN_AGE_POINTS',		100),
		('CITY_EVENT_JFD_PROVINCE_JOUSTING_VICTORY_CHOICE_1',	'YIELD_GOLDEN_AGE_POINTS',		50),
		('CITY_EVENT_JFD_PROVINCE_TIRELESS_CHOICE_1',			'YIELD_CULTURE',				20),
		('CITY_EVENT_JFD_PROVINCE_TORTURE_CHOICE_1',			'YIELD_GOLD',					200);		
--------------------------------------------------------------------------------------------------------------------------
-- CityEventChoice_EventCostYield
--------------------------------------------------------------------------------------------------------------------------	
INSERT INTO CityEventChoice_EventCostYield
		(CityEventChoiceType,									YieldType,						Yield)
VALUES	('CITY_EVENT_JFD_PROVINCE_DISSATISFACTION_CHOICE_1',	'YIELD_GOLD',					300),
		('CITY_EVENT_JFD_PROVINCE_INCOMPETENT_CHOICE_1',		'YIELD_GOLDEN_AGE_POINTS',		50),
		('CITY_EVENT_JFD_PROVINCE_INCOMPETENT_GOLD_CHOICE_1',	'YIELD_GOLD',					20),
		('CITY_EVENT_JFD_PROVINCE_INSANE_CHOICE_1',				'YIELD_GOLDEN_AGE_POINTS',		50),
		('CITY_EVENT_JFD_PROVINCE_INSANE_HORSE_CHOICE_1',		'YIELD_GOLDEN_AGE_POINTS',		200),
		('CITY_EVENT_JFD_PROVINCE_INSANE_PALACE_CHOICE_1',		'YIELD_PRODUCTION',				20),
		('CITY_EVENT_JFD_PROVINCE_JOUSTING_FAILURE_CHOICE_1',	'YIELD_GOLDEN_AGE_POINTS',		50),
		('CITY_EVENT_JFD_PROVINCE_JOUSTING_INSANE_CHOICE_1',	'YIELD_GOLDEN_AGE_POINTS',		50),
		('CITY_EVENT_JFD_PROVINCE_MARRIAGE_CHOICE_1',			'YIELD_GOLD',					100),
		('CITY_EVENT_JFD_PROVINCE_REQUEST_CHOICE_1',			'YIELD_GOLD',					100),
		('CITY_EVENT_JFD_PROVINCE_TIRELESS_CHOICE_1',			'YIELD_GOLDEN_AGE_POINTS',		50);
--------------------------------------------------------------------------------------------------------------------------
-- CityEventChoice_MinimumStartYield
--------------------------------------------------------------------------------------------------------------------------	
INSERT INTO CityEventChoice_MinimumStartYield
		(CityEventChoiceType,									YieldType,						Yield)
VALUES	('CITY_EVENT_JFD_PROVINCE_DISSATISFACTION_CHOICE_1',	'YIELD_GOLD',					300),
		('CITY_EVENT_JFD_PROVINCE_INCOMPETENT_CHOICE_1',		'YIELD_GOLDEN_AGE_POINTS',		50),
		('CITY_EVENT_JFD_PROVINCE_INCOMPETENT_GOLD_CHOICE_1',	'YIELD_GOLD',					20),
		('CITY_EVENT_JFD_PROVINCE_INSANE_CHOICE_1',				'YIELD_GOLDEN_AGE_POINTS',		50),
		('CITY_EVENT_JFD_PROVINCE_INSANE_HORSE_CHOICE_1',		'YIELD_GOLDEN_AGE_POINTS',		200),
		('CITY_EVENT_JFD_PROVINCE_JOUSTING_FAILURE_CHOICE_1',	'YIELD_GOLDEN_AGE_POINTS',		50),
		('CITY_EVENT_JFD_PROVINCE_JOUSTING_INSANE_CHOICE_1',	'YIELD_GOLDEN_AGE_POINTS',		50),
		('CITY_EVENT_JFD_PROVINCE_MARRIAGE_CHOICE_1',			'YIELD_GOLD',					100),
		('CITY_EVENT_JFD_PROVINCE_REQUEST_CHOICE_1',			'YIELD_GOLD',					100),
		('CITY_EVENT_JFD_PROVINCE_TIRELESS_CHOICE_1',			'YIELD_GOLDEN_AGE_POINTS',		50);
--------------------------------------------------------------------------------------------------------------------------
-- CityEventChoice_BuildingClassYieldModifier
--------------------------------------------------------------------------------------------------------------------------	
INSERT INTO CityEventChoice_BuildingClassYieldModifier
		(CityEventChoiceType,									BuildingClassType,				YieldType,				Modifier)
VALUES	('CITY_EVENT_JFD_PROVINCE_DAUGHTER_CHOICE_1',			'BUILDINGCLASS_JFD_ASSEMBLY',	'YIELD_JFD_LOYALTY',	10),
		('CITY_EVENT_JFD_PROVINCE_INCOMPETENT_CHOICE_1',		'BUILDINGCLASS_JFD_ASSEMBLY',	'YIELD_JFD_LOYALTY',	10);
--------------------------------------------------------------------------------------------------------------------------
-- CityEventChoice_BuildingClassYieldChange
--------------------------------------------------------------------------------------------------------------------------	
INSERT INTO CityEventChoice_BuildingClassYieldChange
		(CityEventChoiceType,									BuildingClassType,				YieldType,				YieldChange)
VALUES	('CITY_EVENT_JFD_PROVINCE_GARDEN_CHOICE_1',				'BUILDINGCLASS_GARDEN',			'YIELD_CULTURE',		1),
		('CITY_EVENT_JFD_PROVINCE_INSANE_PALACE_CHOICE_1',		'BUILDINGCLASS_JFD_ASSEMBLY',	'YIELD_CULTURE',		2);
--------------------------------------------------------------------------------------------------------------------------
-- CityEventChoice_ResourceQuantity
--------------------------------------------------------------------------------------------------------------------------	
INSERT INTO CityEventChoice_ResourceQuantity
		(CityEventChoiceType,									ResourceType,					Quantity)
VALUES	('CITY_EVENT_JFD_PROVINCE_GIFT_CHOICE_1',				'RESOURCE_HORSE',				1),
		('CITY_EVENT_JFD_PROVINCE_INSANE_HORSE_CHOICE_1',		'RESOURCE_HORSE',				2);
--------------------------------------------------------------------------------------------------------------------------
-- CityEventChoiceFlavors
--------------------------------------------------------------------------------------------------------------------------	
INSERT INTO CityEventChoiceFlavors
		(CityEventChoiceType,									FlavorType,						Flavor)
VALUES	('CITY_EVENT_JFD_PROVINCE_DAUGHTER_CHOICE_1',			'FLAVOR_CULTURE',				20),
		('CITY_EVENT_JFD_PROVINCE_DAUGHTER_CHOICE_2',			'FLAVOR_HAPPINESS',				20),
		('CITY_EVENT_JFD_PROVINCE_DISSATISFACTION_CHOICE_1',	'FLAVOR_HAPPINESS',				20),
		('CITY_EVENT_JFD_PROVINCE_DISSATISFACTION_CHOICE_2',	'FLAVOR_GOLD',					20),
		('CITY_EVENT_JFD_PROVINCE_FAMILY_DISPUTE_CHOICE_1',		'FLAVOR_GROWTH',				10),
		('CITY_EVENT_JFD_PROVINCE_FAMILY_DISPUTE_CHOICE_1',		'FLAVOR_PRODUCTION',			10),
		('CITY_EVENT_JFD_PROVINCE_FAMILY_DISPUTE_CHOICE_2',		'FLAVOR_HAPPINESS',				10),
		('CITY_EVENT_JFD_PROVINCE_FAMILY_DISPUTE_CHOICE_2',		'FLAVOR_GOLD',					10),
		('CITY_EVENT_JFD_PROVINCE_FAMILY_DISPUTE_CHOICE_3',		'FLAVOR_GOLD',					20),
		('CITY_EVENT_JFD_PROVINCE_GARDEN_CHOICE_1',				'FLAVOR_HAPPINESS',				25),
		('CITY_EVENT_JFD_PROVINCE_GARDEN_CHOICE_2',				'FLAVOR_CULTURE',				20),
		('CITY_EVENT_JFD_PROVINCE_MARRIAGE_CHOICE_1',			'FLAVOR_HAPPINESS',				20),
		('CITY_EVENT_JFD_PROVINCE_MARRIAGE_CHOICE_2',			'FLAVOR_GROWTH',				20),
		('CITY_EVENT_JFD_PROVINCE_REQUEST_CHOICE_1',			'FLAVOR_HAPPINESS',				20),
		('CITY_EVENT_JFD_PROVINCE_REQUEST_CHOICE_2',			'FLAVOR_GOLD',					20),
		('CITY_EVENT_JFD_PROVINCE_GREAT_BALL_CHOICE_1',			'FLAVOR_GROWTH',				20),
		('CITY_EVENT_JFD_PROVINCE_GREAT_BALL_CHOICE_2',			'FLAVOR_GREAT_PEOPLE',			20),
		('CITY_EVENT_JFD_PROVINCE_HOMOSEXUAL_CHOICE_1',			'FLAVOR_GROWTH',				25),
		('CITY_EVENT_JFD_PROVINCE_HOMOSEXUAL_CHOICE_2',			'FLAVOR_GREAT_PEOPLE',			20),
		('CITY_EVENT_JFD_PROVINCE_HUNTING_CHOICE_1',			'FLAVOR_HAPPINESS',				20),
		('CITY_EVENT_JFD_PROVINCE_HUNTING_CHOICE_2',			'FLAVOR_GROWTH',				20),
		('CITY_EVENT_JFD_PROVINCE_HUNTING_WITNESS_CHOICE_1',	'FLAVOR_GROWTH',				20),
		('CITY_EVENT_JFD_PROVINCE_INCOMPETENT_CHOICE_1',		'FLAVOR_HAPPINESS',				20),
		('CITY_EVENT_JFD_PROVINCE_INCOMPETENT_FIRE_CHOICE_1',	'FLAVOR_PRODUCTION',			20),
		('CITY_EVENT_JFD_PROVINCE_INCOMPETENT_GOLD_CHOICE_1',	'FLAVOR_PRODUCTION',			20),
		('CITY_EVENT_JFD_PROVINCE_INSANE_CHOICE_1',				'FLAVOR_CULTURE',				20),
		('CITY_EVENT_JFD_PROVINCE_INSANE_HORSE_CHOICE_1',		'FLAVOR_MOBILE',				20),
		('CITY_EVENT_JFD_PROVINCE_INSANE_MURDER_CHOICE_1',		'FLAVOR_GREAT_PEOPLE',			20),
		('CITY_EVENT_JFD_PROVINCE_INSANE_MURDER_CHOICE_2',		'FLAVOR_GROWTH',				20),
		('CITY_EVENT_JFD_PROVINCE_INSANE_PALACE_CHOICE_1',		'FLAVOR_CULTURE',				20),
		('CITY_EVENT_JFD_PROVINCE_JOUSTING_CHOICE_1',			'FLAVOR_GROWTH',				20),
		('CITY_EVENT_JFD_PROVINCE_JOUSTING_CHOICE_2',			'FLAVOR_PRODUCTION',			20),
		('CITY_EVENT_JFD_PROVINCE_JOUSTING_CHOICE_3',			'FLAVOR_GREAT_PEOPLE',			20),
		('CITY_EVENT_JFD_PROVINCE_TIRELESS_CHOICE_1',			'FLAVOR_CULTURE',				20),
		('CITY_EVENT_JFD_PROVINCE_TORTURE_CHOICE_1',			'FLAVOR_GOLD',					20),
		('CITY_EVENT_JFD_PROVINCE_REMOVE_CHOICE_2',				'FLAVOR_GROWTH',				20);
--------------------------------------------------------------------------------------------------------------------------
-- CityEventChoice_Notification
--------------------------------------------------------------------------------------------------------------------------		
INSERT INTO CityEventChoice_Notification
		(CityEventChoiceType,									NotificationType,						Description,																ShortDescription,												IsWorldEvent,	NeedCityCoordinates)
VALUES	('CITY_EVENT_JFD_PROVINCE_DAUGHTER_CHOICE_1',			'NOTIFICATION_EVENT_CHOICE_CITY_FIN',	'TXT_KEY_NOTIFICATION_CITY_EVENT_JFD_PROVINCE_DAUGHTER_CHOICE_1',			'TXT_KEY_CITY_EVENT_JFD_PROVINCE_DAUGHTER_DESCRIPTION',			0,				0),
		('CITY_EVENT_JFD_PROVINCE_DAUGHTER_CHOICE_2',			'NOTIFICATION_EVENT_CHOICE_CITY_FIN',	'TXT_KEY_NOTIFICATION_CITY_EVENT_JFD_PROVINCE_DAUGHTER_CHOICE_2',			'TXT_KEY_CITY_EVENT_JFD_PROVINCE_DAUGHTER_DESCRIPTION',			0,				1),
		('CITY_EVENT_JFD_PROVINCE_DISSATISFACTION_CHOICE_1',	'NOTIFICATION_EVENT_CHOICE_CITY_FIN',	'TXT_KEY_NOTIFICATION_CITY_EVENT_JFD_PROVINCE_DISSATISFACTION_CHOICE_1',	'TXT_KEY_CITY_EVENT_JFD_PROVINCE_DISSATISFACTION_DESCRIPTION',	0,				1),
		('CITY_EVENT_JFD_PROVINCE_DISSATISFACTION_CHOICE_2',	'NOTIFICATION_EVENT_CHOICE_CITY_FIN',	'TXT_KEY_NOTIFICATION_CITY_EVENT_JFD_PROVINCE_DISSATISFACTION_CHOICE_2',	'TXT_KEY_CITY_EVENT_JFD_PROVINCE_DISSATISFACTION_DESCRIPTION',	0,				1),
		('CITY_EVENT_JFD_PROVINCE_GARDEN_CHOICE_1',				'NOTIFICATION_EVENT_CHOICE_CITY_FIN',	'TXT_KEY_NOTIFICATION_CITY_EVENT_JFD_PROVINCE_GARDEN_CHOICE_1',				'TXT_KEY_CITY_EVENT_JFD_PROVINCE_GARDEN_DESCRIPTION',			0,				1),
		('CITY_EVENT_JFD_PROVINCE_GARDEN_CHOICE_2',				'NOTIFICATION_EVENT_CHOICE_CITY_FIN',	'TXT_KEY_NOTIFICATION_CITY_EVENT_JFD_PROVINCE_GARDEN_CHOICE_2',				'TXT_KEY_CITY_EVENT_JFD_PROVINCE_GARDEN_DESCRIPTION',			0,				1),
		('CITY_EVENT_JFD_PROVINCE_FAMILY_DISPUTE_CHOICE_1',		'NOTIFICATION_EVENT_CHOICE_CITY_FIN',	'TXT_KEY_NOTIFICATION_CITY_EVENT_JFD_PROVINCE_FAMILY_DISPUTE_CHOICE_1',		'TXT_KEY_CITY_EVENT_JFD_PROVINCE_FAMILY_DISPUTE_DESCRIPTION',	0,				1),
		('CITY_EVENT_JFD_PROVINCE_FAMILY_DISPUTE_CHOICE_2',		'NOTIFICATION_EVENT_CHOICE_CITY_FIN',	'TXT_KEY_NOTIFICATION_CITY_EVENT_JFD_PROVINCE_FAMILY_DISPUTE_CHOICE_2',		'TXT_KEY_CITY_EVENT_JFD_PROVINCE_FAMILY_DISPUTE_DESCRIPTION',	0,				1),
		('CITY_EVENT_JFD_PROVINCE_FAMILY_DISPUTE_CHOICE_3',		'NOTIFICATION_EVENT_CHOICE_CITY_FIN',	'TXT_KEY_NOTIFICATION_CITY_EVENT_JFD_PROVINCE_FAMILY_DISPUTE_CHOICE_2',		'TXT_KEY_CITY_EVENT_JFD_PROVINCE_FAMILY_DISPUTE_DESCRIPTION',	0,				1),
		('CITY_EVENT_JFD_PROVINCE_MARRIAGE_CHOICE_1',			'NOTIFICATION_EVENT_CHOICE_CITY_FIN',	'TXT_KEY_NOTIFICATION_CITY_EVENT_JFD_PROVINCE_MARRIAGE_CHOICE_1',			'TXT_KEY_CITY_EVENT_JFD_PROVINCE_MARRIAGE_DESCRIPTION',			0,				1),
		('CITY_EVENT_JFD_PROVINCE_MARRIAGE_CHOICE_2',			'NOTIFICATION_EVENT_CHOICE_CITY_FIN',	'TXT_KEY_NOTIFICATION_CITY_EVENT_JFD_PROVINCE_MARRIAGE_CHOICE_2',			'TXT_KEY_CITY_EVENT_JFD_PROVINCE_MARRIAGE_DESCRIPTION',			0,				1),
		('CITY_EVENT_JFD_PROVINCE_REQUEST_CHOICE_1',			'NOTIFICATION_EVENT_CHOICE_CITY_FIN',	'TXT_KEY_NOTIFICATION_CITY_EVENT_JFD_PROVINCE_REQUEST_CHOICE_1',			'TXT_KEY_CITY_EVENT_JFD_PROVINCE_REQUEST_DESCRIPTION',			0,				1),
		('CITY_EVENT_JFD_PROVINCE_REQUEST_CHOICE_2',			'NOTIFICATION_EVENT_CHOICE_CITY_FIN',	'TXT_KEY_NOTIFICATION_CITY_EVENT_JFD_PROVINCE_REQUEST_CHOICE_2',			'TXT_KEY_CITY_EVENT_JFD_PROVINCE_REQUEST_DESCRIPTION',			0,				1),
		('CITY_EVENT_JFD_PROVINCE_GREAT_BALL_CHOICE_1',			'NOTIFICATION_EVENT_CHOICE_CITY_FIN',	'TXT_KEY_NOTIFICATION_CITY_EVENT_JFD_PROVINCE_GREAT_BALL_CHOICE_1',			'TXT_KEY_CITY_EVENT_JFD_PROVINCE_GREAT_BALL_DESCRIPTION',		0,				0),
		('CITY_EVENT_JFD_PROVINCE_GREAT_BALL_CHOICE_2',			'NOTIFICATION_EVENT_CHOICE_CITY_FIN',	'TXT_KEY_NOTIFICATION_CITY_EVENT_JFD_PROVINCE_GREAT_BALL_CHOICE_2',			'TXT_KEY_CITY_EVENT_JFD_PROVINCE_GREAT_BALL_DESCRIPTION',		0,				1),
		('CITY_EVENT_JFD_PROVINCE_HOMOSEXUAL_CHOICE_1',			'NOTIFICATION_EVENT_CHOICE_CITY_FIN',	'TXT_KEY_NOTIFICATION_CITY_EVENT_JFD_PROVINCE_HOMOSEXUAL_CHOICE_1',			'TXT_KEY_CITY_EVENT_JFD_PROVINCE_HOMOSEXUAL_DESCRIPTION',		0,				0),
		('CITY_EVENT_JFD_PROVINCE_HOMOSEXUAL_CHOICE_2',			'NOTIFICATION_EVENT_CHOICE_CITY_FIN',	'TXT_KEY_NOTIFICATION_CITY_EVENT_JFD_PROVINCE_HOMOSEXUAL_CHOICE_2',			'TXT_KEY_CITY_EVENT_JFD_PROVINCE_HOMOSEXUAL_DESCRIPTION',		0,				1),
		('CITY_EVENT_JFD_PROVINCE_HUNTING_CHOICE_1',			'NOTIFICATION_EVENT_CHOICE_CITY_FIN',	'TXT_KEY_NOTIFICATION_CITY_EVENT_JFD_PROVINCE_HUNTING_CHOICE_1',			'TXT_KEY_CITY_EVENT_JFD_PROVINCE_HUNTING_DESCRIPTION',			0,				1),
		('CITY_EVENT_JFD_PROVINCE_HUNTING_CHOICE_2',			'NOTIFICATION_EVENT_CHOICE_CITY_FIN',	'TXT_KEY_NOTIFICATION_CITY_EVENT_JFD_PROVINCE_HUNTING_CHOICE_2',			'TXT_KEY_CITY_EVENT_JFD_PROVINCE_HUNTING_DESCRIPTION',			0,				1),
		('CITY_EVENT_JFD_PROVINCE_HUNTING_WITNESS_CHOICE_1',	'NOTIFICATION_EVENT_CHOICE_CITY_FIN',	'TXT_KEY_NOTIFICATION_CITY_EVENT_JFD_PROVINCE_HUNTING_WITNESS_CHOICE_1',	'TXT_KEY_CITY_EVENT_JFD_PROVINCE_HUNTING_WITNESS_DESCRIPTION',	0,				1),
		('CITY_EVENT_JFD_PROVINCE_INCOMPETENT_CHOICE_1',		'NOTIFICATION_EVENT_CHOICE_CITY_FIN',	'TXT_KEY_NOTIFICATION_CITY_EVENT_JFD_PROVINCE_INCOMPETENT_CHOICE_1',		'TXT_KEY_CITY_EVENT_JFD_PROVINCE_INCOMPETENT_DESCRIPTION',			0,				1),
		('CITY_EVENT_JFD_PROVINCE_INCOMPETENT_FIRE_CHOICE_1',	'NOTIFICATION_EVENT_CHOICE_CITY_FIN',	'TXT_KEY_NOTIFICATION_CITY_EVENT_JFD_PROVINCE_INCOMPETENT_FIRE_CHOICE_1',		'TXT_KEY_CITY_EVENT_JFD_PROVINCE_INCOMPETENT_FIRE_DESCRIPTION',			0,				1),
		('CITY_EVENT_JFD_PROVINCE_INCOMPETENT_GOLD_CHOICE_1',	'NOTIFICATION_EVENT_CHOICE_CITY_FIN',	'TXT_KEY_NOTIFICATION_CITY_EVENT_JFD_PROVINCE_INCOMPETENT_GOLD_CHOICE_1',		'TXT_KEY_CITY_EVENT_JFD_PROVINCE_INCOMPETENT_GOLD_DESCRIPTION',			0,				1),
		('CITY_EVENT_JFD_PROVINCE_INSANE_CHOICE_1',				'NOTIFICATION_EVENT_CHOICE_CITY_FIN',	'TXT_KEY_NOTIFICATION_CITY_EVENT_JFD_PROVINCE_INSANE_CHOICE_1',				'TXT_KEY_CITY_EVENT_JFD_PROVINCE_INSANE_DESCRIPTION',			0,				1),
		('CITY_EVENT_JFD_PROVINCE_INSANE_HORSE_CHOICE_1',		'NOTIFICATION_EVENT_CHOICE_CITY_FIN',	'TXT_KEY_NOTIFICATION_CITY_EVENT_JFD_PROVINCE_INSANE_HORSE_CHOICE_1',		'TXT_KEY_CITY_EVENT_JFD_PROVINCE_INSANE_HORSE_DESCRIPTION',		0,				1),
		('CITY_EVENT_JFD_PROVINCE_INSANE_MURDER_CHOICE_1',		'NOTIFICATION_EVENT_CHOICE_CITY_FIN',	'TXT_KEY_NOTIFICATION_CITY_EVENT_JFD_PROVINCE_INSANE_MURDER_CHOICE_1',		'TXT_KEY_CITY_EVENT_JFD_PROVINCE_INSANE_MURDER_DESCRIPTION',	0,				1),
		('CITY_EVENT_JFD_PROVINCE_INSANE_MURDER_CHOICE_2',		'NOTIFICATION_EVENT_CHOICE_CITY_FIN',	'TXT_KEY_NOTIFICATION_CITY_EVENT_JFD_PROVINCE_INSANE_MURDER_CHOICE_2',		'TXT_KEY_CITY_EVENT_JFD_PROVINCE_INSANE_MURDER_DESCRIPTION',	0,				1),
		('CITY_EVENT_JFD_PROVINCE_INSANE_PALACE_CHOICE_1',		'NOTIFICATION_EVENT_CHOICE_CITY_FIN',	'TXT_KEY_NOTIFICATION_CITY_EVENT_JFD_PROVINCE_INSANE_PALACE_CHOICE_1',		'TXT_KEY_CITY_EVENT_JFD_PROVINCE_INSANE_PALACE_DESCRIPTION',	0,				1),
		('CITY_EVENT_JFD_PROVINCE_JOUSTING_CHOICE_1',			'NOTIFICATION_EVENT_CHOICE_CITY_FIN',	'TXT_KEY_NOTIFICATION_CITY_EVENT_JFD_PROVINCE_JOUSTING_CHOICE_1',			'TXT_KEY_CITY_EVENT_JFD_PROVINCE_JOUSTING_DESCRIPTION',			0,				1),
		('CITY_EVENT_JFD_PROVINCE_JOUSTING_CHOICE_2',			'NOTIFICATION_EVENT_CHOICE_CITY_FIN',	'TXT_KEY_NOTIFICATION_CITY_EVENT_JFD_PROVINCE_JOUSTING_CHOICE_2',			'TXT_KEY_CITY_EVENT_JFD_PROVINCE_JOUSTING_DESCRIPTION',			0,				1),
		('CITY_EVENT_JFD_PROVINCE_JOUSTING_CHOICE_3',			'NOTIFICATION_EVENT_CHOICE_CITY_FIN',	'TXT_KEY_NOTIFICATION_CITY_EVENT_JFD_PROVINCE_JOUSTING_CHOICE_3',			'TXT_KEY_CITY_EVENT_JFD_PROVINCE_JOUSTING_DESCRIPTION',			0,				1),
		('CITY_EVENT_JFD_PROVINCE_TIRELESS_CHOICE_1',			'NOTIFICATION_EVENT_CHOICE_CITY_FIN',	'TXT_KEY_NOTIFICATION_CITY_EVENT_JFD_PROVINCE_TIRELESS_CHOICE_1',			'TXT_KEY_CITY_EVENT_JFD_PROVINCE_TIRELESS_DESCRIPTION',			0,				1),
		('CITY_EVENT_JFD_PROVINCE_TORTURE_CHOICE_1',			'NOTIFICATION_EVENT_CHOICE_CITY_FIN',	'TXT_KEY_NOTIFICATION_CITY_EVENT_JFD_PROVINCE_TORTURE_CHOICE_1',			'TXT_KEY_CITY_EVENT_JFD_PROVINCE_TORTURE_DESCRIPTION',			0,				1),
		('CITY_EVENT_JFD_PROVINCE_REMOVE_CHOICE_2',				'NOTIFICATION_EVENT_CHOICE_CITY_FIN',	'TXT_KEY_NOTIFICATION_CITY_EVENT_JFD_PROVINCE_REMOVE_CHOICE_2',				'TXT_KEY_CITY_EVENT_JFD_PROVINCE_REMOVE_DESCRIPTION',			0,				1);
--==========================================================================================================================
--==========================================================================================================================
