--==========================================================================================================================
-- PRIVY COUNCILLORS
--==========================================================================================================================
-- JFD_PrivyCouncillors
------------------------------------------------------------
INSERT INTO JFD_PrivyCouncillors
		(Type,								Description,									HelpFilled,											HelpVacant)
VALUES	('COUNCILLOR_JFD_CHANCELLOR',		'TXT_KEY_COUNCILLOR_JFD_CHANCELLOR_DESC',		'TXT_KEY_COUNCILLOR_JFD_CHANCELLOR_HELP_FILLED',	'TXT_KEY_COUNCILLOR_JFD_CHANCELLOR_HELP_VACANT'),
		('COUNCILLOR_JFD_CHAPLAIN',			'TXT_KEY_COUNCILLOR_JFD_CHAPLAIN_DESC',			'TXT_KEY_COUNCILLOR_JFD_CHAPLAIN_HELP_FILLED',		'TXT_KEY_COUNCILLOR_JFD_CHAPLAIN_HELP_VACANT'),
		('COUNCILLOR_JFD_HERALD',			'TXT_KEY_COUNCILLOR_JFD_HERALD_DESC',			'TXT_KEY_COUNCILLOR_JFD_HERALD_HELP_FILLED',		'TXT_KEY_COUNCILLOR_JFD_HERALD_HELP_VACANT'),
		('COUNCILLOR_JFD_MARSHAL',			'TXT_KEY_COUNCILLOR_JFD_MARSHAL_DESC',			'TXT_KEY_COUNCILLOR_JFD_MARSHAL_HELP_FILLED',		'TXT_KEY_COUNCILLOR_JFD_MARSHAL_HELP_VACANT'),
		('COUNCILLOR_JFD_STEWARD',			'TXT_KEY_COUNCILLOR_JFD_STEWARD_DESC',			'TXT_KEY_COUNCILLOR_JFD_STEWARD_HELP_FILLED',		'TXT_KEY_COUNCILLOR_JFD_STEWARD_HELP_VACANT');
------------------------------------------------------------
-- JFD_PrivyCouncillor_GreatPeople
------------------------------------------------------------	
INSERT INTO JFD_PrivyCouncillor_GreatPeople
		(PrivyCouncillorType,				Help,											UnitClassType,										PolicyType)
VALUES	('COUNCILLOR_JFD_CHAPLAIN',			'TXT_KEY_COUNCILLOR_GREAT_DOCTOR_HELP',			'UNITCLASS_JFD_GREAT_DOCTOR',						'POLICY_JFD_GREAT_DOCTOR'),
		('COUNCILLOR_JFD_CHAPLAIN',			'TXT_KEY_COUNCILLOR_GREAT_PROPHET_HELP',		'UNITCLASS_PROPHET',								'POLICY_JFD_GREAT_PROPHET'),
		('COUNCILLOR_JFD_CHANCELLOR',		'TXT_KEY_COUNCILLOR_GREAT_ENGINEER_HELP',		'UNITCLASS_ENGINEER',								'POLICY_JFD_GREAT_ENGINEER'),
		('COUNCILLOR_JFD_CHANCELLOR',		'TXT_KEY_COUNCILLOR_GREAT_MAGISTRATE_HELP',		'UNITCLASS_JFD_GREAT_MAGISTRATE',					'POLICY_JFD_GREAT_MAGISTRATE'),
		('COUNCILLOR_JFD_HERALD',			'TXT_KEY_COUNCILLOR_GREAT_ARTIST_HELP',			'UNITCLASS_ARTIST',									'POLICY_JFD_GREAT_ARTIST'),
		('COUNCILLOR_JFD_HERALD',			'TXT_KEY_COUNCILLOR_GREAT_DIRECTOR_HELP',		'UNITCLASS_JFD_GREAT_DIRECTOR',						'POLICY_JFD_GREAT_DIRECTOR'),
		('COUNCILLOR_JFD_HERALD',			'TXT_KEY_COUNCILLOR_GREAT_MUSICIAN_HELP',		'UNITCLASS_MUSICIAN',								'POLICY_JFD_GREAT_MUSICIAN'),
		('COUNCILLOR_JFD_HERALD',			'TXT_KEY_COUNCILLOR_GREAT_WRITER_HELP',			'UNITCLASS_WRITER',									'POLICY_JFD_GREAT_WRITER'),
		('COUNCILLOR_JFD_HERALD',			'TXT_KEY_COUNCILLOR_GREAT_DIGNITARY_HELP',		'UNITCLASS_JFD_GREAT_DIGNITARY',					'POLICY_JFD_GREAT_DIGNITARY'),
		('COUNCILLOR_JFD_MARSHAL',			'TXT_KEY_COUNCILLOR_GREAT_ADMIRAL_HELP',		'UNITCLASS_GREAT_ADMIRAL',							'POLICY_JFD_GREAT_ADMIRAL'),
		('COUNCILLOR_JFD_MARSHAL',			'TXT_KEY_COUNCILLOR_GREAT_GENERAL_HELP',		'UNITCLASS_GREAT_GENERAL',							'POLICY_JFD_GREAT_GENERAL'),
		('COUNCILLOR_JFD_STEWARD',			'TXT_KEY_COUNCILLOR_GREAT_MERCHANT_HELP',		'UNITCLASS_MERCHANT',								'POLICY_JFD_GREAT_MERCHANT'),
		('COUNCILLOR_JFD_STEWARD',			'TXT_KEY_COUNCILLOR_GREAT_SCIENTIST_HELP',		'UNITCLASS_SCIENTIST',								'POLICY_JFD_GREAT_SCIENTIST');
------------------------------------------------------------
-- Policies
------------------------------------------------------------	
INSERT INTO Policies
		(Type,								ConversionModifier,	HappinessToScience,		MinorFriendshipMinimum,	ThemingBonusMultiplier,	BuildingProductionModifier,	WonderProductionModifier,	Description)
VALUES	('POLICY_JFD_GREAT_ADMIRAL',		0,					0,						0,						0,						0,							0,							'TXT_KEY_UNIT_GREAT_ADMIRAL'),
		('POLICY_JFD_GREAT_ARTIST',			0,					0,						0,						15,						0,							0,							'TXT_KEY_UNIT_GREAT_ARTIST'),
		('POLICY_JFD_GREAT_DIGNITARY',		0,					0,						10,						0,						0,							0,							'TXT_KEY_UNIT_JFD_GREAT_DIGNITARY'),
		('POLICY_JFD_GREAT_DIRECTOR',		0,					0,						10,						0,						0,							0,							'TXT_KEY_UNIT_JFD_GREAT_DIRECTOR'),
		('POLICY_JFD_GREAT_DOCTOR',			0,					0,						0,						0,						0,							0,							'TXT_KEY_UNIT_JFD_GREAT_DOCTOR'),
		('POLICY_JFD_GREAT_ENGINEER',		0,					0,						0,						0,						0,							10,							'TXT_KEY_UNIT_GREAT_ENGINEER'),
		('POLICY_JFD_GREAT_GENERAL',		0,					0,						0,						0,						0,							0,							'TXT_KEY_UNIT_GREAT_GENERAL'),
		('POLICY_JFD_GREAT_MAGISTRATE',		0,					0,						0,						0,						10,							0,							'TXT_KEY_UNIT_JFD_GREAT_MAGISTRATE'),
		('POLICY_JFD_GREAT_MERCHANT',		0,					0,						0,						0,						0,							0,							'TXT_KEY_UNIT_GREAT_MERCHANT'),
		('POLICY_JFD_GREAT_MUSICIAN',		0,					0,						0,						15,						0,							0,							'TXT_KEY_UNIT_GREAT_MUSICIAN'),
		('POLICY_JFD_GREAT_PROPHET',		-20,				0,						0,						0,						0,							0,							'TXT_KEY_UNIT_PROPHET'),
		('POLICY_JFD_GREAT_SCIENTIST',		0,					5,						0,						0,						0,							0,							'TXT_KEY_UNIT_GREAT_SCIENTIST'),
		('POLICY_JFD_GREAT_WRITER',			0,					0,						0,						15,						0,							0,							'TXT_KEY_UNIT_GREAT_WRITER');
-----------------------------------------------------------
-- Policy_JFD_HealthMods
------------------------------------------------------------	
INSERT INTO Policy_JFD_HealthMods
		(PolicyType,						PlagueMod)
VALUES	('POLICY_JFD_GREAT_DOCTOR',			20);
-----------------------------------------------------------
-- Policy_HurryModifiers
------------------------------------------------------------	
INSERT INTO Policy_HurryModifiers
		(PolicyType,						HurryType,			HurryCostModifier)
VALUES	('POLICY_JFD_GREAT_MERCHANT',		'HURRY_GOLD',		-10);
-----------------------------------------------------------
-- Policy_UnitCombatProductionModifiers
------------------------------------------------------------	
INSERT INTO Policy_UnitCombatProductionModifiers
		(PolicyType,						ProductionModifier,	UnitCombatType)
SELECT	'POLICY_JFD_GREAT_ADMIRAL',			10,					Type
FROM UnitCombatInfos WHERE Type IN ('UNITCOMBAT_NAVALMELEE', 'UNITCOMBAT_NAVALRANGED', 'UNITCOMBAT_SUBMARINE', 'UNITCOMBAT_CARRIER');

INSERT INTO Policy_UnitCombatProductionModifiers
		(PolicyType,						ProductionModifier,	UnitCombatType)
SELECT	'POLICY_JFD_GREAT_GENERAL',			10,					Type
FROM UnitCombatInfos WHERE Type IN ('UNITCOMBAT_MELEE', 'UNITCOMBAT_GUN', 'UNITCOMBAT_ARMOR', 'UNITCOMBAT_ARCHER', 'UNITCOMBAT_SIEGE', 'UNITCOMBAT_RECON', 'UNITCOMBAT_MOUNTED');
-----------------------------------------------------------
-- JFD_PrivyCouncillor_UniqueNames
------------------------------------------------------------		
INSERT INTO JFD_PrivyCouncillor_UniqueNames
		(PrivyCouncillorType,				GovernmentType,					CivilizationType,			CultureType,					ReligionType,				UniqueName)
VALUES	('COUNCILLOR_JFD_CHANCELLOR',		'GOVERNMENT_JFD_REPUBLIC',		NULL,						NULL,							NULL,						'TXT_KEY_COUNCILLOR_JFD_SECRETARY_OF_INTERIOR_DESC'),
		('COUNCILLOR_JFD_CHANCELLOR',		NULL,							'CIVILIZATION_AZTEC',		NULL,							NULL,						'TXT_KEY_COUNCILLOR_JFD_CIHUACOATL_DESC'),
		('COUNCILLOR_JFD_CHANCELLOR',		NULL,							'CIVILIZATION_ENGLAND',		NULL,							NULL,						'TXT_KEY_COUNCILLOR_JFD_LORD_HIGH_CHANCELLOR_DESC'),
		('COUNCILLOR_JFD_CHANCELLOR',		NULL,							'CIVILIZATION_ETHIOPIA',	NULL,							NULL,						'TXT_KEY_COUNCILLOR_JFD_ENDERASE_DESC'),
		('COUNCILLOR_JFD_CHANCELLOR',		NULL,							NULL,						'CULTURE_JFD_ABORIGINAL',		NULL,						'TXT_KEY_COUNCILLOR_JFD_ELDER_DESC'),
		('COUNCILLOR_JFD_CHANCELLOR',		NULL,							NULL,						'CULTURE_JFD_ANDEAN',			NULL,						'TXT_KEY_COUNCILLOR_JFD_ELDER_DESC'),
		('COUNCILLOR_JFD_CHANCELLOR',		NULL,							NULL,						'CULTURE_JFD_BANTU',			NULL,						'TXT_KEY_COUNCILLOR_JFD_ELDER_DESC'),
		('COUNCILLOR_JFD_CHANCELLOR',		NULL,							NULL,						'CULTURE_JFD_BHARATA',			NULL,						'TXT_KEY_COUNCILLOR_JFD_ELDER_DESC'),
		('COUNCILLOR_JFD_CHANCELLOR',		NULL,							'CIVILIZATION_BYZANTIUM',	'CULTURE_JFD_CLASSICAL',		NULL,						'TXT_KEY_COUNCILLOR_JFD_MAGISTROS_DESC'),
		('COUNCILLOR_JFD_CHANCELLOR',		NULL,							'CIVILIZATION_ROME',		NULL,							NULL,						'TXT_KEY_COUNCILLOR_JFD_PRAETOR_DESC'),
		('COUNCILLOR_JFD_CHANCELLOR',		NULL,							'CIVILIZATION_EGYPT',		NULL,							NULL,						'TXT_KEY_COUNCILLOR_JFD_VIZIER_DESC'),
		('COUNCILLOR_JFD_CHANCELLOR',		NULL,							'CIVILIZATION_OTTOMAN',		NULL,							NULL,						'TXT_KEY_COUNCILLOR_JFD_VIZIER_DESC'),
		('COUNCILLOR_JFD_CHANCELLOR',		NULL,							NULL,						'CULTURE_JFD_GREAT_PLAINS',		NULL,						'TXT_KEY_COUNCILLOR_JFD_ELDER_DESC'),
		('COUNCILLOR_JFD_CHANCELLOR',		NULL,							NULL,						'CULTURE_JFD_HIMALAYAN',		NULL,						'TXT_KEY_COUNCILLOR_JFD_ELDER_DESC'),
		('COUNCILLOR_JFD_CHANCELLOR',		NULL,							'CIVILIZATION_OTTOMAN',		'CULTURE_JFD_IRANIAN',			NULL,						'TXT_KEY_COUNCILLOR_JFD_VUZURG_DESC'),
		('COUNCILLOR_JFD_CHANCELLOR',		NULL,							'CIVILIZATION_OTTOMAN',		'CULTURE_JFD_ISLAMIC',			NULL,						'TXT_KEY_COUNCILLOR_JFD_AL_DAWLA_DESC'),
		('COUNCILLOR_JFD_CHANCELLOR',		NULL,							NULL,						'CULTURE_JFD_KATUJE',			NULL,						'TXT_KEY_COUNCILLOR_JFD_ELDER_DESC'),
		('COUNCILLOR_JFD_CHANCELLOR',		NULL,							NULL,						'CULTURE_JFD_MESOAMERICAN',		NULL,						'TXT_KEY_COUNCILLOR_JFD_ELDER_DESC'),
		('COUNCILLOR_JFD_CHANCELLOR',		NULL,							NULL,						'CULTURE_JFD_MESOPOTAMIC',		NULL,						'TXT_KEY_COUNCILLOR_JFD_VIZIER_DESC'),
		('COUNCILLOR_JFD_CHANCELLOR',		NULL,							NULL,						'CULTURE_JFD_OCEANIC',			NULL,						'TXT_KEY_COUNCILLOR_JFD_ELDER_DESC'),
		('COUNCILLOR_JFD_CHANCELLOR',		NULL,							NULL,						'CULTURE_JFD_PACIFIC',			NULL,						'TXT_KEY_COUNCILLOR_JFD_ELDER_DESC'),
		('COUNCILLOR_JFD_CHANCELLOR',		NULL,							NULL,						'CULTURE_JFD_POLAR',			NULL,						'TXT_KEY_COUNCILLOR_JFD_ELDER_DESC'),
		('COUNCILLOR_JFD_CHANCELLOR',		NULL,							NULL,						'CULTURE_JFD_SEMITIC',			NULL,						'TXT_KEY_COUNCILLOR_JFD_ELDER_DESC'),
		('COUNCILLOR_JFD_CHANCELLOR',		NULL,							NULL,						'CULTURE_JFD_STEPPE',			NULL,						'TXT_KEY_COUNCILLOR_JFD_ELDER_DESC'),
		('COUNCILLOR_JFD_CHANCELLOR',		NULL,							NULL,						'CULTURE_JFD_WOODLANDS',		NULL,						'TXT_KEY_COUNCILLOR_JFD_ELDER_DESC'),
		('COUNCILLOR_JFD_CHAPLAIN',			'GOVERNMENT_JFD_REPUBLIC',		NULL,						NULL,							NULL,						'TXT_KEY_COUNCILLOR_JFD_SECRETARY_OF_FAITH_DESC'),
		('COUNCILLOR_JFD_CHAPLAIN',			NULL,							'CIVILIZATION_FRANCE',		NULL,							NULL,						'TXT_KEY_COUNCILLOR_JFD_GRAND_ALMONER_DESC'),
		('COUNCILLOR_JFD_CHAPLAIN',			NULL,							'CIVILIZATION_ETHIOPIA',	NULL,							NULL,						'TXT_KEY_COUNCILLOR_JFD_ENDERASE_DESC'),
		('COUNCILLOR_JFD_CHAPLAIN',			NULL,							NULL,						'CULTURE_JFD_ABORIGINAL',		NULL,						'TXT_KEY_COUNCILLOR_JFD_SEER_DESC'),
		('COUNCILLOR_JFD_CHAPLAIN',			NULL,							NULL,						'CULTURE_JFD_ANDEAN',			NULL,						'TXT_KEY_COUNCILLOR_JFD_AQABE_DESC'),
		('COUNCILLOR_JFD_CHAPLAIN',			NULL,							NULL,						'CULTURE_JFD_BANTU',			NULL,						'TXT_KEY_COUNCILLOR_JFD_SHAMAN_DESC'),
		('COUNCILLOR_JFD_CHAPLAIN',			NULL,							NULL,						'CULTURE_JFD_BHARATA',			NULL,						'TXT_KEY_COUNCILLOR_JFD_UPADHYAYA_DESC'),
		('COUNCILLOR_JFD_CHAPLAIN',			NULL,							'CIVILIZATION_BYZANTIUM',	'CULTURE_JFD_CLASSICAL',		NULL,						'TXT_KEY_COUNCILLOR_JFD_ARKHERIOS_DESC'),
		('COUNCILLOR_JFD_CHAPLAIN',			NULL,							'CIVILIZATION_ROME',		NULL,							NULL,						'TXT_KEY_COUNCILLOR_JFD_PONTIFF_DESC'),
		('COUNCILLOR_JFD_CHAPLAIN',			NULL,							NULL,						'CULTURE_JFD_EAST_INDIES',		NULL,						'TXT_KEY_COUNCILLOR_JFD_HIGH_PRIEST_DESC'),
		('COUNCILLOR_JFD_CHAPLAIN',			NULL,							NULL,						'CULTURE_JFD_GREAT_PLAINS',		NULL,						'TXT_KEY_COUNCILLOR_JFD_MEDICINE_MAN_DESC'),
		('COUNCILLOR_JFD_CHAPLAIN',			NULL,							NULL,						'CULTURE_JFD_HIMALAYAN',		NULL,						'TXT_KEY_COUNCILLOR_JFD_JE_KHENPO_DESC'),
		('COUNCILLOR_JFD_CHAPLAIN',			NULL,							NULL,						'CULTURE_JFD_IRANIAN',			NULL,						'TXT_KEY_COUNCILLOR_JFD_HIGH_PRIEST_DESC'),
		('COUNCILLOR_JFD_CHAPLAIN',			NULL,							NULL,						'CULTURE_JFD_ISLAMIC',			NULL,						'TXT_KEY_COUNCILLOR_JFD_CHIEF_CLERIC_DESC'),
		('COUNCILLOR_JFD_CHAPLAIN',			NULL,							NULL,						'CULTURE_JFD_KATUJE',			NULL,						'TXT_KEY_COUNCILLOR_JFD_SEER_DESC'),
		('COUNCILLOR_JFD_CHAPLAIN',			NULL,							NULL,						'CULTURE_JFD_MANDALA',			NULL,						'TXT_KEY_COUNCILLOR_JFD_CHIEF_MONK_DESC'),
		('COUNCILLOR_JFD_CHAPLAIN',			NULL,							NULL,						'CULTURE_JFD_MESOAMERICAN',		NULL,						'TXT_KEY_COUNCILLOR_JFD_HIGH_PRIEST_DESC'),
		('COUNCILLOR_JFD_CHAPLAIN',			NULL,							NULL,						'CULTURE_JFD_MESOPOTAMIC',		NULL,						'TXT_KEY_COUNCILLOR_JFD_HIGH_PRIEST_DESC'),
		('COUNCILLOR_JFD_CHAPLAIN',			NULL,							NULL,						'CULTURE_JFD_NORTHERN',			NULL,						'TXT_KEY_COUNCILLOR_JFD_SEER_DESC'),
		('COUNCILLOR_JFD_CHAPLAIN',			NULL,							NULL,						'CULTURE_JFD_OCEANIC',			NULL,						'TXT_KEY_COUNCILLOR_JFD_HIGH_PRIEST_DESC'),
		('COUNCILLOR_JFD_CHAPLAIN',			NULL,							NULL,						'CULTURE_JFD_ORIENTAL',			NULL,						'TXT_KEY_COUNCILLOR_JFD_EUNUCH_CHAMBERLAIN_DESC'),
		('COUNCILLOR_JFD_CHAPLAIN',			NULL,							NULL,						'CULTURE_JFD_PACIFIC',			NULL,						'TXT_KEY_COUNCILLOR_JFD_MEDICINE_MAN_DESC'),
		('COUNCILLOR_JFD_CHAPLAIN',			NULL,							NULL,						'CULTURE_JFD_POLAR',			NULL,						'TXT_KEY_COUNCILLOR_JFD_SEER_DESC'),
		('COUNCILLOR_JFD_CHAPLAIN',			NULL,							NULL,						'CULTURE_JFD_SEMITIC',			NULL,						'TXT_KEY_COUNCILLOR_JFD_HIGH_PRIEST_DESC'),
		('COUNCILLOR_JFD_CHAPLAIN',			NULL,							NULL,						'CULTURE_JFD_STEPPE',			NULL,						'TXT_KEY_COUNCILLOR_JFD_SHAMAN_DESC'),
		('COUNCILLOR_JFD_CHAPLAIN',			NULL,							NULL,						'CULTURE_JFD_WOODLANDS',		NULL,						'TXT_KEY_COUNCILLOR_JFD_MEDICINE_MAN_DESC'),
		('COUNCILLOR_JFD_CHAPLAIN',			NULL,							NULL,						NULL,							'RELIGION_BUDDHISM',		'TXT_KEY_COUNCILLOR_JFD_SAGE_DESC'),
		('COUNCILLOR_JFD_CHAPLAIN',			NULL,							NULL,						NULL,							'RELIGION_JUDAISM',			'TXT_KEY_COUNCILLOR_JFD_RABBI_DESC'),
		('COUNCILLOR_JFD_CHAPLAIN',			NULL,							NULL,						NULL,							'RELIGION_HINDUISM',		'TXT_KEY_COUNCILLOR_JFD_RISHI_DESC'),
		('COUNCILLOR_JFD_CHAPLAIN',			NULL,							NULL,						NULL,							'RELIGION_ISLAM',			'TXT_KEY_COUNCILLOR_JFD_ALLAMAH_DESC'),
		('COUNCILLOR_JFD_CHAPLAIN',			NULL,							NULL,						NULL,							'RELIGION_SHINTO',			'TXT_KEY_COUNCILLOR_JFD_GUJI_DESC'),
		('COUNCILLOR_JFD_CHAPLAIN',			NULL,							NULL,						NULL,							'RELIGION_SIKHISM',			'TXT_KEY_COUNCILLOR_JFD_GURU_DESC'),
		('COUNCILLOR_JFD_CHAPLAIN',			NULL,							NULL,						NULL,							'RELIGION_ORTHODOXY',		'TXT_KEY_COUNCILLOR_JFD_ECCLESIARCH_DESC'),
		('COUNCILLOR_JFD_CHAPLAIN',			NULL,							NULL,						NULL,							'RELIGION_TENGRIISM',		'TXT_KEY_COUNCILLOR_JFD_SHAMAN_DESC'),
		('COUNCILLOR_JFD_CHAPLAIN',			NULL,							NULL,						NULL,							'RELIGION_ZOROASTRIANISM',	'TXT_KEY_COUNCILLOR_JFD_MOBAD_DESC'),
		('COUNCILLOR_JFD_HERALD',			'GOVERNMENT_JFD_REPUBLIC',		NULL,						NULL,							NULL,						'TXT_KEY_COUNCILLOR_JFD_SECRETARY_OF_STATE_DESC'),
		('COUNCILLOR_JFD_MARSHAL',			'GOVERNMENT_JFD_REPUBLIC',		NULL,						NULL,							NULL,						'TXT_KEY_COUNCILLOR_JFD_SECRETARY_OF_WAR_DESC'),
		('COUNCILLOR_JFD_MARSHAL',			NULL,							'CIVILIZATION_AZTEC',		NULL,							NULL,						'TXT_KEY_COUNCILLOR_JFD_TLACATECCLATL_DESC'),
		('COUNCILLOR_JFD_MARSHAL',			NULL,							'CIVILIZATION_FRANCE',		NULL,							NULL,						'TXT_KEY_COUNCILLOR_JFD_CONSTABLE_DESC'),
		('COUNCILLOR_JFD_MARSHAL',			NULL,							NULL,						'CULTURE_JFD_ABORIGINAL',		NULL,						'TXT_KEY_COUNCILLOR_JFD_WAR_ELDER_DESC'),
		('COUNCILLOR_JFD_MARSHAL',			NULL,							NULL,						'CULTURE_JFD_ANDEAN',			NULL,						'TXT_KEY_COUNCILLOR_JFD_WAR_ELDER_DESC'),
		('COUNCILLOR_JFD_MARSHAL',			NULL,							NULL,						'CULTURE_JFD_BANTU',			NULL,						'TXT_KEY_COUNCILLOR_JFD_WAR_ELDER_DESC'),
		('COUNCILLOR_JFD_MARSHAL',			NULL,							'CIVILIZATION_BYZANTIUM',	'CULTURE_JFD_CLASSICAL',		NULL,						'TXT_KEY_COUNCILLOR_JFD_PROTOSTRATER_DESC'),
		('COUNCILLOR_JFD_MARSHAL',			NULL,							'CIVILIZATION_ROME',		NULL,							NULL,						'TXT_KEY_COUNCILLOR_JFD_TRIBUNE_DESC'),
		('COUNCILLOR_JFD_MARSHAL',			NULL,							NULL,						'CULTURE_JFD_GREAT_PLAINS',		NULL,						'TXT_KEY_COUNCILLOR_JFD_WAR_ELDER_DESC'),
		('COUNCILLOR_JFD_MARSHAL',			NULL,							NULL,						'CULTURE_JFD_KATUJE',			NULL,						'TXT_KEY_COUNCILLOR_JFD_WAR_ELDER_DESC'),
		('COUNCILLOR_JFD_MARSHAL',			NULL,							NULL,						'CULTURE_JFD_IRANIAN',			NULL,						'TXT_KEY_COUNCILLOR_JFD_SPAHBED_DESC'),
		('COUNCILLOR_JFD_MARSHAL',			NULL,							NULL,						'CULTURE_JFD_MESOAMERICAN',		NULL,						'TXT_KEY_COUNCILLOR_JFD_WAR_ELDER_DESC'),
		('COUNCILLOR_JFD_MARSHAL',			NULL,							NULL,						'CULTURE_JFD_MESOPOTAMIC',		NULL,						'TXT_KEY_COUNCILLOR_JFD_WAR_ELDER_DESC'),
		('COUNCILLOR_JFD_MARSHAL',			NULL,							NULL,						'CULTURE_JFD_OCEANIC',			NULL,						'TXT_KEY_COUNCILLOR_JFD_WAR_ELDER_DESC'),
		('COUNCILLOR_JFD_MARSHAL',			NULL,							NULL,						'CULTURE_JFD_PACIFIC',			NULL,						'TXT_KEY_COUNCILLOR_JFD_WAR_ELDER_DESC'),
		('COUNCILLOR_JFD_MARSHAL',			NULL,							NULL,						'CULTURE_JFD_POLAR',			NULL,						'TXT_KEY_COUNCILLOR_JFD_WAR_ELDER_DESC'),
		('COUNCILLOR_JFD_MARSHAL',			NULL,							NULL,						'CULTURE_JFD_SEMITIC',			NULL,						'TXT_KEY_COUNCILLOR_JFD_WAR_ELDER_DESC'),
		('COUNCILLOR_JFD_MARSHAL',			NULL,							NULL,						'CULTURE_JFD_STEPPE',			NULL,						'TXT_KEY_COUNCILLOR_JFD_WAR_ELDER_DESC'),
		('COUNCILLOR_JFD_MARSHAL',			NULL,							NULL,						'CULTURE_JFD_WOODLANDS',		NULL,						'TXT_KEY_COUNCILLOR_JFD_WAR_ELDER_DESC'),
		('COUNCILLOR_JFD_STEWARD',			'GOVERNMENT_JFD_REPUBLIC',		NULL,						NULL,							NULL,						'TXT_KEY_COUNCILLOR_JFD_SECRETARY_OF_TREASURY_DESC'),
		('COUNCILLOR_JFD_STEWARD',			NULL,							'CIVILIZATION_AZTEC',		NULL,							NULL,						'TXT_KEY_COUNCILLOR_JFD_PETLACALCATL_DESC'),
		('COUNCILLOR_JFD_STEWARD',			NULL,							'CIVILIZATION_FRANCE',		NULL,							NULL,						'TXT_KEY_COUNCILLOR_JFD_GRAND_MASTER_DESC'),
		('COUNCILLOR_JFD_STEWARD',			NULL,							'CIVILIZATION_ENGLAND',		NULL,							NULL,						'TXT_KEY_COUNCILLOR_JFD_EXCHEQUER_DESC'),
		('COUNCILLOR_JFD_STEWARD',			NULL,							'CIVILIZATION_ETHIOPIA',	NULL,							NULL,						'TXT_KEY_COUNCILLOR_JFD_NEGRADAS_DESC'),
		('COUNCILLOR_JFD_STEWARD',			NULL,							NULL,						'CULTURE_JFD_ABORIGINAL',		NULL,						'TXT_KEY_COUNCILLOR_JFD_TREASURER_DESC'),
		('COUNCILLOR_JFD_STEWARD',			NULL,							NULL,						'CULTURE_JFD_ANDEAN',			NULL,						'TXT_KEY_COUNCILLOR_JFD_TREASURER_DESC'),
		('COUNCILLOR_JFD_STEWARD',			NULL,							NULL,						'CULTURE_JFD_BANTU',			NULL,						'TXT_KEY_COUNCILLOR_JFD_TREASURER_DESC'),
		('COUNCILLOR_JFD_STEWARD',			NULL,							NULL,						'CULTURE_JFD_BHARATA',			NULL,						'TXT_KEY_COUNCILLOR_JFD_TREASURER_DESC'),
		('COUNCILLOR_JFD_STEWARD',			NULL,							'CIVILIZATION_BYZANTIUM',	'CULTURE_JFD_CLASSICAL',		NULL,						'TXT_KEY_COUNCILLOR_JFD_GRAND_LOGOTHETE_DESC'),
		('COUNCILLOR_JFD_STEWARD',			NULL,							'CIVILIZATION_ROME',		NULL,							NULL,						'TXT_KEY_COUNCILLOR_JFD_LEGATE_DESC'),
		('COUNCILLOR_JFD_STEWARD',			NULL,							NULL,						'CULTURE_JFD_GREAT_PLAINS',		NULL,						'TXT_KEY_COUNCILLOR_JFD_TREASURER_DESC'),
		('COUNCILLOR_JFD_STEWARD',			NULL,							NULL,						'CULTURE_JFD_IRANIAN',			NULL,						'TXT_KEY_COUNCILLOR_JFD_TREASURER_DESC'),
		('COUNCILLOR_JFD_STEWARD',			NULL,							NULL,						'CULTURE_JFD_ISLAMIC',			NULL,						'TXT_KEY_COUNCILLOR_JFD_TREASURER_DESC'),
		('COUNCILLOR_JFD_STEWARD',			NULL,							NULL,						'CULTURE_JFD_KATUJE',			NULL,						'TXT_KEY_COUNCILLOR_JFD_TREASURER_DESC'),
		('COUNCILLOR_JFD_STEWARD',			NULL,							NULL,						'CULTURE_JFD_MANDALA',			NULL,						'TXT_KEY_COUNCILLOR_JFD_TREASURER_DESC'),
		('COUNCILLOR_JFD_STEWARD',			NULL,							NULL,						'CULTURE_JFD_MESOAMERICAN',		NULL,						'TXT_KEY_COUNCILLOR_JFD_TREASURER_DESC'),
		('COUNCILLOR_JFD_STEWARD',			NULL,							NULL,						'CULTURE_JFD_MESOPOTAMIC',		NULL,						'TXT_KEY_COUNCILLOR_JFD_TREASURER_DESC'),
		('COUNCILLOR_JFD_STEWARD',			NULL,							NULL,						'CULTURE_JFD_OCEANIC',			NULL,						'TXT_KEY_COUNCILLOR_JFD_TREASURER_DESC'),
		('COUNCILLOR_JFD_STEWARD',			NULL,							NULL,						'CULTURE_JFD_ORIENTAL',			NULL,						'TXT_KEY_COUNCILLOR_JFD_GRAND_SECRETARY_DESC'),
		('COUNCILLOR_JFD_STEWARD',			NULL,							NULL,						'CULTURE_JFD_PACIFIC',			NULL,						'TXT_KEY_COUNCILLOR_JFD_TREASURER_DESC'),
		('COUNCILLOR_JFD_STEWARD',			NULL,							NULL,						'CULTURE_JFD_POLAR',			NULL,						'TXT_KEY_COUNCILLOR_JFD_TREASURER_DESC'),
		('COUNCILLOR_JFD_STEWARD',			NULL,							NULL,						'CULTURE_JFD_SAHARAN',			NULL,						'TXT_KEY_COUNCILLOR_JFD_TREASURER_DESC'),
		('COUNCILLOR_JFD_STEWARD',			NULL,							NULL,						'CULTURE_JFD_SEMITIC',			NULL,						'TXT_KEY_COUNCILLOR_JFD_TREASURER_DESC'),
		('COUNCILLOR_JFD_STEWARD',			NULL,							NULL,						'CULTURE_JFD_STEPPE',			NULL,						'TXT_KEY_COUNCILLOR_JFD_TREASURER_DESC'),
		('COUNCILLOR_JFD_STEWARD',			NULL,							NULL,						'CULTURE_JFD_WESTAFRICAN',		NULL,						'TXT_KEY_COUNCILLOR_JFD_TREASURER_DESC'),
		('COUNCILLOR_JFD_STEWARD',			NULL,							NULL,						'CULTURE_JFD_WOODLANDS',		NULL,						'TXT_KEY_COUNCILLOR_JFD_TREASURER_DESC');
--==========================================================================================================================
--==========================================================================================================================