--==========================================================================================================================
-- POLITICS
--==========================================================================================================================
-- JFD_Politics
------------------------------------------------------------
--HRE
INSERT INTO JFD_Politics
		(Type,								ReqsIdeology,	ReqsNotIdeology,	IdeologyType,				PrereqGovernment,				PrereqReform,									Description,										ShortDescription,										Help,												HelpIdeologyPreference,						Adjective,										FontIcon)
VALUES	('ELECTOR_JFD_ELECTOR',				0,				0,					NULL,						'GOVERNMENT_JFD_HOLY_ROME',		NULL,											'TXT_KEY_JFD_ELECTOR_JFD_ELECTOR_DESC',				'TXT_KEY_JFD_CLERGY_JFD_ELECTOR_SHORT_DESC',			'TXT_KEY_JFD_ELECTOR_JFD_ELECTOR_HELP',				NULL,										'TXT_KEY_JFD_ELECTOR_JFD_ELECTOR_ADJ',			'[ICON_JFD_ELECTOR]'),
		('ELECTOR_JFD_REVOLUTIONARY',		0,				0,					NULL,						'GOVERNMENT_JFD_HOLY_ROME',		NULL,											'TXT_KEY_JFD_ELECTOR_JFD_REVOLUTIONARY_DESC',		'TXT_KEY_JFD_CLERGY_JFD_REVOLUTIONARY_SHORT_DESC',		'TXT_KEY_JFD_ELECTOR_JFD_REVOLUTIONARY_HELP',		NULL,										'TXT_KEY_JFD_ELECTOR_JFD_REVOLUTIONARY_ADJ',	'[ICON_JFD_REVOLUTIONARIES]');

--Theocracy
INSERT INTO JFD_Politics
		(Type,								ReqsIdeology,	ReqsNotIdeology,	IdeologyType,				PrereqGovernment,				PrereqReform,									Description,										ShortDescription,										Help,												HelpIdeologyPreference,						Adjective,										FontIcon)
VALUES	('CLERGY_JFD_CLERGY',				0,				0,					NULL,						'GOVERNMENT_JFD_THEOCRACY',		NULL,											'TXT_KEY_JFD_CLERGY_JFD_ECUMENICAL_DESC',			'TXT_KEY_JFD_CLERGY_JFD_ECUMENICAL_SHORT_DESC',			NULL,												NULL,										NULL,											'[ICON_JFD_CLERGY]'),
		('CLERGY_JFD_REVOLUTIONARY',		0,				0,					NULL,						'GOVERNMENT_JFD_THEOCRACY',		NULL,											'TXT_KEY_JFD_CLERGY_JFD_REVOLUTIONARY_DESC',		'TXT_KEY_JFD_CLERGY_JFD_REVOLUTIONARY_SHORT_DESC',		'TXT_KEY_JFD_CLERGY_JFD_REVOLUTIONARY_HELP',		NULL,										'TXT_KEY_JFD_CLERGY_JFD_REVOLUTIONARY_ADJ',		'[ICON_JFD_REVOLUTIONARIES]');

--Shogunate
INSERT INTO JFD_Politics
		(Type,								ReqsIdeology,	IsEmperor,			IdeologyType,				PrereqGovernment,				PrereqReform,									Description,										ShortDescription,										Help,												HelpIdeologyPreference,						Adjective,										FontIcon)
VALUES	('IMP_FACTION_JFD_EMPEROR_1',		0,				1,					NULL,						'GOVERNMENT_JFD_SHOGUNATE',		NULL,											'TXT_KEY_JFD_IMP_FACTION_JFD_EMPEROR_DESC',			'TXT_KEY_JFD_IMP_FACTION_JFD_EMPEROR_SHORT_DESC',		'TXT_KEY_JFD_IMP_FACTION_JFD_EMPEROR_1_HELP',		NULL,										'TXT_KEY_JFD_IMP_FACTION_JFD_EMPEROR_ADJ',		'[ICON_JFD_EMPEROR]'),
		('IMP_FACTION_JFD_EMPEROR_2',		0,				1,					NULL,						'GOVERNMENT_JFD_SHOGUNATE',		NULL,											'TXT_KEY_JFD_IMP_FACTION_JFD_EMPEROR_DESC',			'TXT_KEY_JFD_IMP_FACTION_JFD_EMPEROR_SHORT_DESC',		'TXT_KEY_JFD_IMP_FACTION_JFD_EMPEROR_2_HELP',		NULL,										'TXT_KEY_JFD_IMP_FACTION_JFD_EMPEROR_ADJ',		'[ICON_JFD_EMPEROR]'),
		('IMP_FACTION_JFD_REVOLUTIONARY',	0,				0,					NULL,						'GOVERNMENT_JFD_SHOGUNATE',		NULL,											'TXT_KEY_JFD_IMP_FACTION_JFD_REVOLUTIONARY_DESC',	'TXT_KEY_JFD_IMP_FACTION_JFD_REVOLUTIONARY_SHORT_DESC',	'TXT_KEY_JFD_IMP_FACTION_JFD_REVOLUTIONARY_HELP',	NULL,										'TXT_KEY_JFD_IMP_FACTION_JFD_REVOLUTIONARY_ADJ','[ICON_JFD_REVOLUTIONARIES]');
		
--Monarchy
INSERT INTO JFD_Politics
		(Type,								ReqsIdeology,	ReqsNotIdeology,	IdeologyType,				PrereqGovernment,				PrereqReform,									Description,										ShortDescription,										Help,												HelpIdeologyPreference,						Adjective,										FontIcon)
VALUES	('PARTY_JFD_BURGHERS',				0,				0,					NULL,						'GOVERNMENT_JFD_MONARCHY',		'REFORM_JFD_LEGISLATURE_M_ARISTOCRATIC',		'TXT_KEY_JFD_PARTY_JFD_BURGHERS_DESC',				'TXT_KEY_JFD_PARTY_JFD_BURGHERS_SHORT_DESC',			'TXT_KEY_JFD_PARTY_JFD_BURGHERS_HELP',				NULL,										'TXT_KEY_JFD_PARTY_JFD_BURGHERS_ADJ',			'[ICON_JFD_BURGHERS]'),
		('PARTY_JFD_CLERGY',				0,				0,					NULL,						'GOVERNMENT_JFD_MONARCHY',		'REFORM_JFD_LEGISLATURE_M_ARISTOCRATIC',		'TXT_KEY_JFD_PARTY_JFD_CLERGY_DESC',				'TXT_KEY_JFD_PARTY_JFD_CLERGY_SHORT_DESC',				'TXT_KEY_JFD_PARTY_JFD_CLERGY_HELP',				NULL,										'TXT_KEY_JFD_PARTY_JFD_CLERGY_ADJ',				'[ICON_JFD_CLERGY]'),
		('PARTY_JFD_NOBILITY',				0,				0,					NULL,						'GOVERNMENT_JFD_MONARCHY',		'REFORM_JFD_LEGISLATURE_M_ARISTOCRATIC',		'TXT_KEY_JFD_PARTY_JFD_NOBILITY_DESC',				'TXT_KEY_JFD_PARTY_JFD_NOBILITY_SHORT_DESC',			'TXT_KEY_JFD_PARTY_JFD_NOBILITY_HELP',				NULL,										'TXT_KEY_JFD_PARTY_JFD_NOBILITY_ADJ',			'[ICON_JFD_NOBILITY]');

INSERT INTO JFD_Politics
		(Type,								ReqsIdeology,	ReqsNotIdeology,	IdeologyType,				PrereqGovernment,				PrereqReform,									Description,										ShortDescription,										Help,												HelpIdeologyPreference,						Adjective,										FontIcon)
VALUES	('PARTY_JFD_REVOLUTIONARY',			0,				0,					NULL,						'GOVERNMENT_JFD_MONARCHY',		NULL,											'TXT_KEY_JFD_PARTY_JFD_REVOLUTIONARY_DESC',			'TXT_KEY_JFD_PARTY_JFD_REVOLUTIONARY_SHORT_DESC',		'TXT_KEY_JFD_PARTY_JFD_REVOLUTIONARY_HELP',			NULL,										'TXT_KEY_JFD_PARTY_JFD_REVOLUTIONARY_ADJ',		'[ICON_JFD_REVOLUTIONARIES]');

INSERT INTO JFD_Politics
		(Type,								ReqsIdeology,	ReqsNotIdeology,	IdeologyType,				PrereqGovernment,				PrereqReform,									Description,										ShortDescription,										Help,												HelpIdeologyPreference,						Adjective,										FontIcon)
VALUES	('PARTY_JFD_CONSERVATIVE',			0,				0,					NULL,						'GOVERNMENT_JFD_MONARCHY',		'REFORM_JFD_LEGISLATURE_M_PARLIAMENTARY',		'TXT_KEY_JFD_PARTY_JFD_CONSERVATIVE_DESC',			'TXT_KEY_JFD_PARTY_JFD_CONSERVATIVE_SHORT_DESC',		'TXT_KEY_JFD_PARTY_JFD_CONSERVATIVE_HELP',			NULL,										'TXT_KEY_JFD_PARTY_JFD_CONSERVATIVE_ADJ',		'[ICON_TEAM_8]'),
		('PARTY_JFD_LIBERAL',				0,				0,					NULL,						'GOVERNMENT_JFD_MONARCHY',		'REFORM_JFD_LEGISLATURE_M_PARLIAMENTARY',		'TXT_KEY_JFD_PARTY_JFD_LIBERAL_DESC',				'TXT_KEY_JFD_PARTY_JFD_LIBERAL_SHORT_DESC',				'TXT_KEY_JFD_PARTY_JFD_LIBERAL_HELP',				NULL,										'TXT_KEY_JFD_PARTY_JFD_LIBERAL_ADJ',			'[ICON_TEAM_3]'),
		--('PARTY_JFD_REACTIONARY',			0,				0,					NULL,						'GOVERNMENT_JFD_MONARCHY',		'REFORM_JFD_LEGISLATURE_M_PARLIAMENTARY',		'TXT_KEY_JFD_PARTY_JFD_REACTIONARY_DESC',			'TXT_KEY_JFD_PARTY_JFD_REACTIONARY_SHORT_DESC',			'TXT_KEY_JFD_PARTY_JFD_REACTIONARY_HELP',			NULL,										'TXT_KEY_JFD_PARTY_JFD_REACTIONARY_ADJ',		'[ICON_TEAM_7]'),
		('PARTY_JFD_SOCIALIST',				0,				0,					NULL,						'GOVERNMENT_JFD_MONARCHY',		'REFORM_JFD_LEGISLATURE_M_PARLIAMENTARY',		'TXT_KEY_JFD_PARTY_JFD_SOCIALIST_DESC',				'TXT_KEY_JFD_PARTY_JFD_SOCIALIST_SHORT_DESC',			'TXT_KEY_JFD_PARTY_JFD_SOCIALIST_HELP',				NULL,										'TXT_KEY_JFD_PARTY_JFD_SOCIALIST_ADJ',			'[ICON_TEAM_2]'),
		('PARTY_JFD_COMMUNIST',				1,				0,					'POLICY_BRANCH_AUTOCRACY',	'GOVERNMENT_JFD_MONARCHY',		'REFORM_JFD_LEGISLATURE_M_PARLIAMENTARY',		'TXT_KEY_JFD_PARTY_JFD_COMMUNIST_DESC',				'TXT_KEY_JFD_PARTY_JFD_COMMUNIST_SHORT_DESC',			'TXT_KEY_JFD_PARTY_JFD_COMMUNIST_HELP',				'TXT_KEY_GO_JFD_FACTION_TT_IDEOLOGY_BONUS',	'TXT_KEY_JFD_PARTY_JFD_COMMUNIST_ADJ',			'[ICON_IDEOLOGY_ORDER]'),
		('PARTY_JFD_FASCIST',				1,				0,					'POLICY_BRANCH_FREEDOM',	'GOVERNMENT_JFD_MONARCHY',		'REFORM_JFD_LEGISLATURE_M_PARLIAMENTARY',		'TXT_KEY_JFD_PARTY_JFD_FASCIST_DESC',				'TXT_KEY_JFD_PARTY_JFD_FASCIST_SHORT_DESC',				'TXT_KEY_JFD_PARTY_JFD_FASCIST_HELP',				'TXT_KEY_GO_JFD_FACTION_TT_IDEOLOGY_BONUS',	'TXT_KEY_JFD_PARTY_JFD_FASCIST_ADJ',			'[ICON_IDEOLOGY_AUTOCRACY]'),
		('PARTY_JFD_LIBERTARIAN',			1,				0,					'POLICY_BRANCH_ORDER',		'GOVERNMENT_JFD_MONARCHY',		'REFORM_JFD_LEGISLATURE_M_PARLIAMENTARY',		'TXT_KEY_JFD_PARTY_JFD_LIBERTARIAN_DESC',			'TXT_KEY_JFD_PARTY_JFD_LIBERTARIAN_SHORT_DESC',			'TXT_KEY_JFD_PARTY_JFD_LIBERTARIAN_HELP',			'TXT_KEY_GO_JFD_FACTION_TT_IDEOLOGY_BONUS',	'TXT_KEY_JFD_PARTY_JFD_LIBERTARIAN_ADJ',		'[ICON_IDEOLOGY_FREEDOM]');

--Republic
INSERT INTO JFD_Politics
		(Type,								ReqsIdeology,	ReqsNotIdeology,	IdeologyType,				PrereqGovernment,				PrereqReform,									Description,										ShortDescription,										Help,												HelpIdeologyPreference,						Adjective,										FontIcon)
VALUES	('FACTION_JFD_REVOLUTIONARY',		0,				0,					NULL,						'GOVERNMENT_JFD_REPUBLIC',		NULL,											'TXT_KEY_JFD_FACTION_JFD_REVOLUTIONARY_DESC',		'TXT_KEY_JFD_FACTION_JFD_REVOLUTIONARY_SHORT_DESC',		'TXT_KEY_JFD_FACTION_JFD_REVOLUTIONARY_HELP',		NULL,										'TXT_KEY_JFD_FACTION_JFD_REVOLUTIONARY_ADJ',	'[ICON_JFD_REVOLUTIONARIES]');

INSERT INTO JFD_Politics
		(Type,								ReqsIdeology,	ReqsNotIdeology,	IdeologyType,				PrereqGovernment,				PrereqReform,									Description,										ShortDescription,										Help,												HelpIdeologyPreference,						Adjective,										FontIcon)
VALUES	('FACTION_JFD_CIVIC',				0,				1,					NULL,						'GOVERNMENT_JFD_REPUBLIC',		'REFORM_JFD_LEGISLATURE_R_OLIGARCHIC',			'TXT_KEY_JFD_FACTION_JFD_CIVIC_DESC',				'TXT_KEY_JFD_FACTION_JFD_CIVIC_SHORT_DESC',				'TXT_KEY_JFD_FACTION_JFD_CIVIC_HELP',				NULL,										'TXT_KEY_JFD_FACTION_JFD_CIVIC_ADJ',			'[ICON_CITIZEN]'),
		('FACTION_JFD_FANATICAL',			1,				0,					'POLICY_BRANCH_AUTOCRACY',	'GOVERNMENT_JFD_REPUBLIC',		'REFORM_JFD_LEGISLATURE_R_OLIGARCHIC',			'TXT_KEY_JFD_FACTION_JFD_FANATICAL_DESC',			'TXT_KEY_JFD_FACTION_JFD_FANATICAL_SHORT_DESC',			'TXT_KEY_JFD_FACTION_JFD_FANATICAL_HELP',			'TXT_KEY_GO_JFD_FACTION_TT_IDEOLOGY_BONUS',	'TXT_KEY_JFD_FACTION_JFD_FANATICAL_ADJ',		'[ICON_IDEOLOGY_AUTOCRACY]'),
		('FACTION_JFD_MERCANTILE',			0,				1,					NULL,						'GOVERNMENT_JFD_REPUBLIC',		'REFORM_JFD_LEGISLATURE_R_OLIGARCHIC',			'TXT_KEY_JFD_FACTION_JFD_MERCANTILE_DESC',			'TXT_KEY_JFD_FACTION_JFD_MERCANTILE_SHORT_DESC',		'TXT_KEY_JFD_FACTION_JFD_MERCANTILE_HELP',			NULL,										'TXT_KEY_JFD_FACTION_JFD_MERCANTILE_ADJ',		'[ICON_JFD_MERCANTILE]'),
		('FACTION_JFD_MILITARY',			0,				1,					NULL,						'GOVERNMENT_JFD_REPUBLIC',		'REFORM_JFD_LEGISLATURE_R_OLIGARCHIC',			'TXT_KEY_JFD_FACTION_JFD_MILITARY_DESC',			'TXT_KEY_JFD_FACTION_JFD_MILITARY_SHORT_DESC',			'TXT_KEY_JFD_FACTION_JFD_MILITARY_HELP',			NULL,										'TXT_KEY_JFD_FACTION_JFD_MILITARY_ADJ',			'[ICON_JFD_MILITARY]'),
		('FACTION_JFD_POPULIST',			0,				1,					NULL,						'GOVERNMENT_JFD_REPUBLIC',		'REFORM_JFD_LEGISLATURE_R_OLIGARCHIC',			'TXT_KEY_JFD_FACTION_JFD_POPULIST_DESC',			'TXT_KEY_JFD_FACTION_JFD_POPULIST_SHORT_DESC',			'TXT_KEY_JFD_FACTION_JFD_POPULIST_HELP',			NULL,										'TXT_KEY_JFD_FACTION_JFD_POPULIST_ADJ',			'[ICON_JFD_POPULIST]'),
		('FACTION_JFD_RELIGIOUS',			0,				1,					NULL,						'GOVERNMENT_JFD_REPUBLIC',		'REFORM_JFD_LEGISLATURE_R_OLIGARCHIC',			'TXT_KEY_JFD_FACTION_JFD_RELIGIOUS_DESC',			'TXT_KEY_JFD_FACTION_JFD_RELIGIOUS_SHORT_DESC',			'TXT_KEY_JFD_FACTION_JFD_RELIGIOUS_HELP',			NULL,										'TXT_KEY_JFD_FACTION_JFD_RELIGIOUS_ADJ',		'[ICON_JFD_RELIGIOUS]'),
		('FACTION_JFD_INDUSTRIALIST',		0,				1,					NULL,						'GOVERNMENT_JFD_REPUBLIC',		'REFORM_JFD_LEGISLATURE_R_OLIGARCHIC',			'TXT_KEY_JFD_FACTION_JFD_INDUSTRIALIST_DESC',		'TXT_KEY_JFD_FACTION_JFD_INDUSTRIALIST_SHORT_DESC',		'TXT_KEY_JFD_FACTION_JFD_INDUSTRIALIST_HELP',		NULL,										'TXT_KEY_JFD_FACTION_JFD_INDUSTRIALIST_ADJ',	'[ICON_JFD_INDUSTRIALIST]'),
		('FACTION_JFD_PROGRESSIVE',			1,				0,					'POLICY_BRANCH_FREEDOM',	'GOVERNMENT_JFD_REPUBLIC',		'REFORM_JFD_LEGISLATURE_R_OLIGARCHIC',			'TXT_KEY_JFD_FACTION_JFD_PROGRESSIVE_DESC',			'TXT_KEY_JFD_FACTION_JFD_PROGRESSIVE_SHORT_DESC',		'TXT_KEY_JFD_FACTION_JFD_PROGRESSIVE_HELP',			'TXT_KEY_GO_JFD_FACTION_TT_IDEOLOGY_BONUS',	'TXT_KEY_JFD_FACTION_JFD_PROGRESSIVE_ADJ',		'[ICON_IDEOLOGY_FREEDOM]'),
		('FACTION_JFD_RADICAL',				1,				0,					'POLICY_BRANCH_ORDER',		'GOVERNMENT_JFD_REPUBLIC',		'REFORM_JFD_LEGISLATURE_R_OLIGARCHIC',			'TXT_KEY_JFD_FACTION_JFD_RADICAL_DESC',				'TXT_KEY_JFD_FACTION_JFD_RADICAL_SHORT_DESC',			'TXT_KEY_JFD_FACTION_JFD_RADICAL_HELP',				'TXT_KEY_GO_JFD_FACTION_TT_IDEOLOGY_BONUS',	'TXT_KEY_JFD_FACTION_JFD_RADICAL_ADJ',			'[ICON_IDEOLOGY_ORDER]');
		
INSERT INTO JFD_Politics
		(Type,								ReqsIdeology,	ReqsNotIdeology,	IdeologyType,				PrereqGovernment,				PrereqReform,									Description,										ShortDescription,										Help,												HelpIdeologyPreference,						Adjective,										FontIcon)
VALUES	('FACTION_JFD_NATIONALIST',			0,				0,					NULL,						'GOVERNMENT_JFD_REPUBLIC',		'REFORM_JFD_LEGISLATURE_R_DEMOCRATIC',			'TXT_KEY_JFD_FACTION_JFD_NATIONALIST_DESC',			'TXT_KEY_JFD_FACTION_JFD_NATIONALIST_SHORT_DESC',		'TXT_KEY_JFD_FACTION_JFD_NATIONALIST_HELP',			NULL,										'TXT_KEY_JFD_FACTION_JFD_NATIONALIST_ADJ',		'[ICON_TEAM_8]'),
		('FACTION_JFD_POPULARIST',			0,				0,					NULL,						'GOVERNMENT_JFD_REPUBLIC',		'REFORM_JFD_LEGISLATURE_R_DEMOCRATIC',			'TXT_KEY_JFD_FACTION_JFD_POPULARIST_DESC',			'TXT_KEY_JFD_FACTION_JFD_POPULARIST_SHORT_DESC',		'TXT_KEY_JFD_FACTION_JFD_POPULARIST_HELP',			NULL,										'TXT_KEY_JFD_FACTION_JFD_POPULARIST_ADJ',		'[ICON_TEAM_3]');

--Dictatorship
INSERT INTO JFD_Politics
		(Type,								ReqsIdeology,	ReqsNotIdeology,	IdeologyType,				PrereqGovernment,				PrereqReform,									Description,										ShortDescription,										Help,												HelpIdeologyPreference,						Adjective,										FontIcon)
VALUES	('ASSEMBLY_JFD_COMMUNIST',			0,				0,					NULL,						'GOVERNMENT_JFD_DICTATORSHIP',	'REFORM_JFD_LEGISLATURE_D_ONE_PARTY',			'TXT_KEY_JFD_ASSEMBLY_JFD_COMMUNIST_DESC',			'TXT_KEY_JFD_ASSEMBLY_JFD_COMMUNIST_SHORT_DESC',		'TXT_KEY_JFD_ASSEMBLY_JFD_COMMUNIST_HELP',			NULL,										'TXT_KEY_JFD_ASSEMBLY_JFD_COMMUNIST_ADJ',		'[ICON_IDEOLOGY_ORDER]'),
		('ASSEMBLY_JFD_FASCIST',			0,				0,					NULL,						'GOVERNMENT_JFD_DICTATORSHIP',	'REFORM_JFD_LEGISLATURE_D_ONE_PARTY',			'TXT_KEY_JFD_ASSEMBLY_JFD_FASCIST_DESC',			'TXT_KEY_JFD_ASSEMBLY_JFD_FASCIST_SHORT_DESC',			'TXT_KEY_JFD_ASSEMBLY_JFD_FASCIST_HELP',			NULL,										'TXT_KEY_JFD_ASSEMBLY_JFD_FASCIST_ADJ',			'[ICON_IDEOLOGY_AUTOCRACY]'),
		('ASSEMBLY_JFD_LIBERTARIAN',		0,				0,					NULL,						'GOVERNMENT_JFD_DICTATORSHIP',	'REFORM_JFD_LEGISLATURE_D_ONE_PARTY',			'TXT_KEY_JFD_ASSEMBLY_JFD_LIBERTARIAN_DESC',		'TXT_KEY_JFD_ASSEMBLY_JFD_LIBERTARIAN_SHORT_DESC',		'TXT_KEY_JFD_ASSEMBLY_JFD_LIBERTARIAN_HELP',		NULL,										'TXT_KEY_JFD_ASSEMBLY_JFD_LIBERTARIAN_ADJ',		'[ICON_IDEOLOGY_FREEDOM]');

INSERT INTO JFD_Politics
		(Type,								ReqsIdeology,	ReqsNotIdeology,	IdeologyType,				PrereqGovernment,				PrereqReform,									Description,										ShortDescription,										Help,												HelpIdeologyPreference,						Adjective,										FontIcon)
VALUES	('ASSEMBLY_JFD_MILITARY',			0,				0,					NULL,						'GOVERNMENT_JFD_DICTATORSHIP',	'REFORM_JFD_LEGISLATURE_D_MILITARY',			'TXT_KEY_JFD_ASSEMBLY_JFD_MILITARY_DESC',			'TXT_KEY_JFD_ASSEMBLY_JFD_MILITARY_SHORT_DESC',			'TXT_KEY_JFD_ASSEMBLY_JFD_MILITARY_HELP',			NULL,										'TXT_KEY_JFD_ASSEMBLY_JFD_MILITARY_ADJ',		'[ICON_WAR]');
------------------------------------------------------------
-- JFD_Politics_MinorCivTraitTypes
------------------------------------------------------------
INSERT INTO JFD_Politics_MinorCivTraitTypes
		(PoliticsType,						MinorCivTraitType,				Help)
VALUES	('ELECTOR_JFD_ELECTOR',				'MINOR_TRAIT_CULTURED',			'TXT_KEY_JFD_ELECTOR_JFD_ELECTOR_CULTURAL_HELP'),
		('ELECTOR_JFD_ELECTOR',				'MINOR_TRAIT_MARITIME',			'TXT_KEY_JFD_ELECTOR_JFD_ELECTOR_MARITIME_HELP'),
		('ELECTOR_JFD_ELECTOR',				'MINOR_TRAIT_MERCANTILE',		'TXT_KEY_JFD_ELECTOR_JFD_ELECTOR_MERCANTILE_HELP'),
		('ELECTOR_JFD_ELECTOR',				'MINOR_TRAIT_MILITARISTIC',		'TXT_KEY_JFD_ELECTOR_JFD_ELECTOR_MILITARISTIC_HELP'),
		('ELECTOR_JFD_ELECTOR',				'MINOR_TRAIT_RELIGIOUS',		'TXT_KEY_JFD_ELECTOR_JFD_ELECTOR_RELIGIOUS_HELP');
------------------------------------------------------------
-- JFD_Politics_FavouredReforms
------------------------------------------------------------
--Monarchy
INSERT INTO JFD_Politics_FavouredReforms
		(PoliticsType,						ReformAlignment,				ReformBranchType)
VALUES	('PARTY_JFD_BURGHERS',				'REFORM_RIGHT',					'REFORM_BRANCH_JFD_INDUSTRY'),
		('PARTY_JFD_BURGHERS',				'REFORM_LEFT',					'REFORM_BRANCH_JFD_ECONOMY'),
		('PARTY_JFD_CLERGY',				'REFORM_RIGHT',					'REFORM_BRANCH_JFD_CULTURE'),
		('PARTY_JFD_CLERGY',				'REFORM_LEFT',					'REFORM_BRANCH_JFD_RELIGION'),
		('PARTY_JFD_NOBILITY',				'REFORM_RIGHT',					'REFORM_BRANCH_JFD_GOVERNMENT'),
		('PARTY_JFD_NOBILITY',				'REFORM_LEFT',					'REFORM_BRANCH_JFD_MILITARY');

INSERT INTO JFD_Politics_FavouredReforms
		(PoliticsType,						ReformAlignment,				ReformBranchType)
VALUES	('PARTY_JFD_COMMUNIST',				'REFORM_RIGHT',					'REFORM_BRANCH_JFD_ECONOMY'),
		('PARTY_JFD_COMMUNIST',				'REFORM_RIGHT',					'REFORM_BRANCH_JFD_INDUSTRY'),
		('PARTY_JFD_COMMUNIST',				'REFORM_RIGHT',					'REFORM_BRANCH_JFD_GOVERNMENT'),
		('PARTY_JFD_COMMUNIST',				'REFORM_LEFT',					'REFORM_BRANCH_JFD_LEGAL'),
		('PARTY_JFD_CONSERVATIVE',			'REFORM_RIGHT',					'REFORM_BRANCH_JFD_CULTURE'),
		('PARTY_JFD_CONSERVATIVE',			'REFORM_LEFT',					'REFORM_BRANCH_JFD_INDUSTRY'),
		('PARTY_JFD_CONSERVATIVE',			'REFORM_RIGHT',					'REFORM_BRANCH_JFD_RELIGION'),
		('PARTY_JFD_FASCIST',				'REFORM_RIGHT',					'REFORM_BRANCH_JFD_CULTURE'),
		('PARTY_JFD_FASCIST',				'REFORM_LEFT',					'REFORM_BRANCH_JFD_INDUSTRY'),
		('PARTY_JFD_FASCIST',				'REFORM_RIGHT',					'REFORM_BRANCH_JFD_MILITARY'),
		('PARTY_JFD_FASCIST',				'REFORM_RIGHT',					'REFORM_BRANCH_JFD_RELIGION'),
		('PARTY_JFD_LIBERAL',				'REFORM_LEFT',					'REFORM_BRANCH_JFD_CULTURE'),
		('PARTY_JFD_LIBERAL',				'REFORM_LEFT',					'REFORM_BRANCH_JFD_ECONOMY'),
		('PARTY_JFD_LIBERAL',				'REFORM_LEFT',					'REFORM_BRANCH_JFD_RELIGION'),
		('PARTY_JFD_LIBERTARIAN',			'REFORM_LEFT',					'REFORM_BRANCH_JFD_CULTURE'),
		('PARTY_JFD_LIBERTARIAN',			'REFORM_LEFT',					'REFORM_BRANCH_JFD_ECONOMY'),
		('PARTY_JFD_LIBERTARIAN',			'REFORM_LEFT',					'REFORM_BRANCH_JFD_LEGAL'),
		('PARTY_JFD_LIBERTARIAN',			'REFORM_LEFT',					'REFORM_BRANCH_JFD_RELIGION'),
		('PARTY_JFD_SOCIALIST',				'REFORM_RIGHT',					'REFORM_BRANCH_JFD_ECONOMY'),
		('PARTY_JFD_SOCIALIST',				'REFORM_RIGHT',					'REFORM_BRANCH_JFD_INDUSTRY'),
		('PARTY_JFD_SOCIALIST',				'REFORM_LEFT',					'REFORM_BRANCH_JFD_LEGAL');

--Republic
INSERT INTO JFD_Politics_FavouredReforms	
		(PoliticsType,						ReformAlignment,				ReformBranchType)
VALUES	('FACTION_JFD_CIVIC',				NULL,							'REFORM_BRANCH_JFD_LEGAL'),
		('FACTION_JFD_FANATICAL',			NULL,							'REFORM_BRANCH_JFD_MILITARY'),
		('FACTION_JFD_FANATICAL',			NULL,							'REFORM_BRANCH_JFD_RELIGION'),
		('FACTION_JFD_INDUSTRIALIST',		NULL,							'REFORM_BRANCH_JFD_INDUSTRY'),
		('FACTION_JFD_MERCANTILE',			NULL,							'REFORM_BRANCH_JFD_ECONOMY'),
		('FACTION_JFD_MILITARY',			NULL,							'REFORM_BRANCH_JFD_MILITARY'),
		('FACTION_JFD_POPULIST',			NULL,							'REFORM_BRANCH_JFD_CULTURE'),
		('FACTION_JFD_PROGRESSIVE',			NULL,							'REFORM_BRANCH_JFD_ECONOMY'),
		('FACTION_JFD_PROGRESSIVE',			NULL,							'REFORM_BRANCH_JFD_CULTURE'),
		('FACTION_JFD_RADICAL',				NULL,							'REFORM_BRANCH_JFD_LEGAL'),
		('FACTION_JFD_RADICAL',				NULL,							'REFORM_BRANCH_JFD_INDUSTRY'),
		('FACTION_JFD_RELIGIOUS',			NULL,							'REFORM_BRANCH_JFD_RELIGION');

INSERT INTO JFD_Politics_FavouredReforms	
		(PoliticsType,						ReformAlignment,				ReformBranchType)
VALUES	('FACTION_JFD_NATIONALIST',			'REFORM_RIGHT',					'REFORM_BRANCH_JFD_GOVERNMENT'),
		('FACTION_JFD_NATIONALIST',			'REFORM_RIGHT',					'REFORM_BRANCH_JFD_LEGAL'),
		('FACTION_JFD_NATIONALIST',			'REFORM_RIGHT',					'REFORM_BRANCH_JFD_CULTURE'),
		('FACTION_JFD_NATIONALIST',			'REFORM_RIGHT',					'REFORM_BRANCH_JFD_ECONOMY'),
		('FACTION_JFD_NATIONALIST',			'REFORM_RIGHT',					'REFORM_BRANCH_JFD_FOREIGN'),
		('FACTION_JFD_NATIONALIST',			'REFORM_RIGHT',					'REFORM_BRANCH_JFD_INDUSTRY'),
		('FACTION_JFD_NATIONALIST',			'REFORM_RIGHT',					'REFORM_BRANCH_JFD_MILITARY'),
		('FACTION_JFD_NATIONALIST',			'REFORM_RIGHT',					'REFORM_BRANCH_JFD_RELIGION'),
		('FACTION_JFD_POPULARIST',			'REFORM_LEFT',					'REFORM_BRANCH_JFD_GOVERNMENT'),
		('FACTION_JFD_POPULARIST',			'REFORM_LEFT',					'REFORM_BRANCH_JFD_LEGAL'),
		('FACTION_JFD_POPULARIST',			'REFORM_LEFT',					'REFORM_BRANCH_JFD_CULTURE'),
		('FACTION_JFD_POPULARIST',			'REFORM_LEFT',					'REFORM_BRANCH_JFD_ECONOMY'),
		('FACTION_JFD_POPULARIST',			'REFORM_LEFT',					'REFORM_BRANCH_JFD_FOREIGN'),
		('FACTION_JFD_POPULARIST',			'REFORM_LEFT',					'REFORM_BRANCH_JFD_INDUSTRY'),
		('FACTION_JFD_POPULARIST',			'REFORM_LEFT',					'REFORM_BRANCH_JFD_MILITARY'),
		('FACTION_JFD_POPULARIST',			'REFORM_LEFT',					'REFORM_BRANCH_JFD_RELIGION');

--Dictatorship
INSERT INTO JFD_Politics_FavouredReforms	
		(PoliticsType,						ReformAlignment,				ReformBranchType)
VALUES	('ASSEMBLY_JFD_COMMUNIST',			'REFORM_RIGHT',					'REFORM_BRANCH_JFD_ECONOMY'),
		('ASSEMBLY_JFD_COMMUNIST',			'REFORM_RIGHT',					'REFORM_BRANCH_JFD_INDUSTRY'),
		('ASSEMBLY_JFD_FASCIST',			'REFORM_RIGHT',					'REFORM_BRANCH_JFD_GOVERNMENT'),
		('ASSEMBLY_JFD_FASCIST',			'REFORM_RIGHT',					'REFORM_BRANCH_JFD_MILITARY'),
		('ASSEMBLY_JFD_LIBERTARIAN',		'REFORM_LEFT',					'REFORM_BRANCH_JFD_CULTURE'),
		('ASSEMBLY_JFD_LIBERTARIAN',		'REFORM_LEFT',					'REFORM_BRANCH_JFD_LEGAL');

INSERT INTO JFD_Politics_FavouredReforms	
		(PoliticsType,						ReformAlignment,				ReformBranchType)
VALUES	('ASSEMBLY_JFD_MILITARY',			'REFORM_RIGHT',					'REFORM_BRANCH_JFD_GOVERNMENT'),
		('ASSEMBLY_JFD_MILITARY',			'REFORM_RIGHT',					'REFORM_BRANCH_JFD_FOREIGN'),
		('ASSEMBLY_JFD_MILITARY',			'REFORM_RIGHT',					'REFORM_BRANCH_JFD_MILITARY');

--HRE
INSERT INTO JFD_Politics_FavouredReforms	
		(PoliticsType,						MinorCivTraitType,				ReformAlignment,				ReformBranchType)
VALUES	('ELECTOR_JFD_ELECTOR',				'MINOR_TRAIT_CULTURED',			NULL,							'REFORM_BRANCH_JFD_CULTURE'),
		('ELECTOR_JFD_ELECTOR',				'MINOR_TRAIT_CULTURED',			'REFORM_LEFT',					'REFORM_BRANCH_JFD_LEGAL'),
		('ELECTOR_JFD_ELECTOR',				'MINOR_TRAIT_MARITIME',			NULL,							'REFORM_BRANCH_JFD_INDUSTRY'),
		('ELECTOR_JFD_ELECTOR',				'MINOR_TRAIT_MERCANTILE',		NULL,							'REFORM_BRANCH_JFD_ECONOMY'),
		('ELECTOR_JFD_ELECTOR',				'MINOR_TRAIT_MERCANTILE',		'REFORM_LEFT',					'REFORM_BRANCH_JFD_FOREIGN'),
		('ELECTOR_JFD_ELECTOR',				'MINOR_TRAIT_MILITARISTIC',		NULL,							'REFORM_BRANCH_JFD_MILITARY'),
		('ELECTOR_JFD_ELECTOR',				'MINOR_TRAIT_MILITARISTIC',		'REFORM_RIGHT',					'REFORM_BRANCH_JFD_FOREIGN'),
		('ELECTOR_JFD_ELECTOR',				'MINOR_TRAIT_RELIGIOUS',		NULL,							'REFORM_BRANCH_JFD_RELIGION'),
		('ELECTOR_JFD_ELECTOR',				'MINOR_TRAIT_RELIGIOUS',		'REFORM_RIGHT',					'REFORM_BRANCH_JFD_LEGAL');
------------------------------------------------------------
-- JFD_Politics_OpposedReforms
------------------------------------------------------------
--Monarchy
INSERT INTO JFD_Politics_OpposedReforms	
		(PoliticsType,						ReformAlignment,				ReformBranchType)
VALUES	('PARTY_JFD_BURGHERS',				'REFORM_LEFT',					'REFORM_BRANCH_JFD_INDUSTRY'),
		('PARTY_JFD_BURGHERS',				'REFORM_RIGHT',					'REFORM_BRANCH_JFD_ECONOMY'),
		('PARTY_JFD_CLERGY',				'REFORM_LEFT',					'REFORM_BRANCH_JFD_CULTURE'),
		('PARTY_JFD_CLERGY',				'REFORM_RIGHT',					'REFORM_BRANCH_JFD_RELIGION'),
		('PARTY_JFD_NOBILITY',				'REFORM_LEFT',					'REFORM_BRANCH_JFD_GOVERNMENT'),
		('PARTY_JFD_NOBILITY',				'REFORM_RIGHT',					'REFORM_BRANCH_JFD_MILITARY'),
		('PARTY_JFD_REVOLUTIONARY',			NULL,							'REFORM_BRANCH_JFD_GOVERNMENT'),
		('PARTY_JFD_REVOLUTIONARY',			NULL,							'REFORM_BRANCH_JFD_LEGAL'),
		('PARTY_JFD_REVOLUTIONARY',			NULL,							'REFORM_BRANCH_JFD_CULTURE'),
		('PARTY_JFD_REVOLUTIONARY',			NULL,							'REFORM_BRANCH_JFD_ECONOMY'),
		('PARTY_JFD_REVOLUTIONARY',			NULL,							'REFORM_BRANCH_JFD_FOREIGN'),
		('PARTY_JFD_REVOLUTIONARY',			NULL,							'REFORM_BRANCH_JFD_INDUSTRY'),
		('PARTY_JFD_REVOLUTIONARY',			NULL,							'REFORM_BRANCH_JFD_MILITARY'),
		('PARTY_JFD_REVOLUTIONARY',			NULL,							'REFORM_BRANCH_JFD_RELIGION');

INSERT INTO JFD_Politics_OpposedReforms
		(PoliticsType,						ReformAlignment,				ReformBranchType)
VALUES	('PARTY_JFD_COMMUNIST',				'REFORM_LEFT',					'REFORM_BRANCH_JFD_ECONOMY'),
		('PARTY_JFD_COMMUNIST',				'REFORM_LEFT',					'REFORM_BRANCH_JFD_INDUSTRY'),
		('PARTY_JFD_COMMUNIST',				'REFORM_LEFT',					'REFORM_BRANCH_JFD_GOVERNMENT'),
		('PARTY_JFD_COMMUNIST',				'REFORM_RIGHT',					'REFORM_BRANCH_JFD_LEGAL'),
		('PARTY_JFD_CONSERVATIVE',			'REFORM_LEFT',					'REFORM_BRANCH_JFD_CULTURE'),
		('PARTY_JFD_CONSERVATIVE',			'REFORM_RIGHT',					'REFORM_BRANCH_JFD_INDUSTRY'),
		('PARTY_JFD_CONSERVATIVE',			'REFORM_LEFT',					'REFORM_BRANCH_JFD_RELIGION'),
		('PARTY_JFD_FASCIST',				'REFORM_LEFT',					'REFORM_BRANCH_JFD_CULTURE'),
		('PARTY_JFD_FASCIST',				'REFORM_RIGHT',					'REFORM_BRANCH_JFD_INDUSTRY'),
		('PARTY_JFD_FASCIST',				'REFORM_LEFT',					'REFORM_BRANCH_JFD_MILITARY'),
		('PARTY_JFD_FASCIST',				'REFORM_LEFT',					'REFORM_BRANCH_JFD_RELIGION'),
		('PARTY_JFD_LIBERAL',				'REFORM_RIGHT',					'REFORM_BRANCH_JFD_CULTURE'),
		('PARTY_JFD_LIBERAL',				'REFORM_RIGHT',					'REFORM_BRANCH_JFD_ECONOMY'),
		('PARTY_JFD_LIBERAL',				'REFORM_RIGHT',					'REFORM_BRANCH_JFD_RELIGION'),
		('PARTY_JFD_LIBERTARIAN',			'REFORM_RIGHT',					'REFORM_BRANCH_JFD_CULTURE'),
		('PARTY_JFD_LIBERTARIAN',			'REFORM_RIGHT',					'REFORM_BRANCH_JFD_ECONOMY'),
		('PARTY_JFD_LIBERTARIAN',			'REFORM_RIGHT',					'REFORM_BRANCH_JFD_LEGAL'),
		('PARTY_JFD_LIBERTARIAN',			'REFORM_RIGHT',					'REFORM_BRANCH_JFD_RELIGION'),
		('PARTY_JFD_SOCIALIST',				'REFORM_LEFT',					'REFORM_BRANCH_JFD_ECONOMY'),
		('PARTY_JFD_SOCIALIST',				'REFORM_LEFT',					'REFORM_BRANCH_JFD_INDUSTRY'),
		('PARTY_JFD_SOCIALIST',				'REFORM_RIGHT',					'REFORM_BRANCH_JFD_LEGAL');
			
--Republic
INSERT INTO JFD_Politics_OpposedReforms	
		(PoliticsType,						ReformAlignment,				ReformBranchType)
VALUES	('FACTION_JFD_CIVIC',				NULL,							'REFORM_BRANCH_JFD_RELIGION'),
		('FACTION_JFD_FANATICAL',			NULL,							'REFORM_BRANCH_JFD_CULTURE'),
		('FACTION_JFD_FANATICAL',			NULL,							'REFORM_BRANCH_JFD_LEGAL'),
		('FACTION_JFD_INDUSTRIALIST',		NULL,							'REFORM_BRANCH_JFD_ECONOMY'),
		('FACTION_JFD_RADICAL',				NULL,							'REFORM_BRANCH_JFD_RELIGION'),
		('FACTION_JFD_RADICAL',				NULL,							'REFORM_BRANCH_JFD_ECONOMY'),
		('FACTION_JFD_MERCANTILE',			NULL,							'REFORM_BRANCH_JFD_INDUSTRY'),
		('FACTION_JFD_MILITARY',			NULL,							'REFORM_BRANCH_JFD_CULTURE'),
		('FACTION_JFD_PROGRESSIVE',			NULL,							'REFORM_BRANCH_JFD_INDUSTRY'),
		('FACTION_JFD_PROGRESSIVE',			NULL,							'REFORM_BRANCH_JFD_MILITARY'),
		('FACTION_JFD_POPULIST',			NULL,							'REFORM_BRANCH_JFD_MILITARY'),
		('FACTION_JFD_RELIGIOUS',			NULL,							'REFORM_BRANCH_JFD_LEGAL');

INSERT INTO JFD_Politics_OpposedReforms
		(PoliticsType,						ReformAlignment,				ReformBranchType)
VALUES	('FACTION_JFD_NATIONALIST',			'REFORM_LEFT',					'REFORM_BRANCH_JFD_GOVERNMENT'),
		('FACTION_JFD_NATIONALIST',			'REFORM_LEFT',					'REFORM_BRANCH_JFD_LEGAL'),
		('FACTION_JFD_NATIONALIST',			'REFORM_LEFT',					'REFORM_BRANCH_JFD_CULTURE'),
		('FACTION_JFD_NATIONALIST',			'REFORM_LEFT',					'REFORM_BRANCH_JFD_ECONOMY'),
		('FACTION_JFD_NATIONALIST',			'REFORM_LEFT',					'REFORM_BRANCH_JFD_FOREIGN'),
		('FACTION_JFD_NATIONALIST',			'REFORM_LEFT',					'REFORM_BRANCH_JFD_INDUSTRY'),
		('FACTION_JFD_NATIONALIST',			'REFORM_LEFT',					'REFORM_BRANCH_JFD_MILITARY'),
		('FACTION_JFD_NATIONALIST',			'REFORM_LEFT',					'REFORM_BRANCH_JFD_RELIGION'),
		('FACTION_JFD_POPULARIST',			'REFORM_RIGHT',					'REFORM_BRANCH_JFD_GOVERNMENT'),
		('FACTION_JFD_POPULARIST',			'REFORM_RIGHT',					'REFORM_BRANCH_JFD_LEGAL'),
		('FACTION_JFD_POPULARIST',			'REFORM_RIGHT',					'REFORM_BRANCH_JFD_CULTURE'),
		('FACTION_JFD_POPULARIST',			'REFORM_RIGHT',					'REFORM_BRANCH_JFD_ECONOMY'),
		('FACTION_JFD_POPULARIST',			'REFORM_RIGHT',					'REFORM_BRANCH_JFD_FOREIGN'),
		('FACTION_JFD_POPULARIST',			'REFORM_RIGHT',					'REFORM_BRANCH_JFD_INDUSTRY'),
		('FACTION_JFD_POPULARIST',			'REFORM_RIGHT',					'REFORM_BRANCH_JFD_MILITARY'),
		('FACTION_JFD_POPULARIST',			'REFORM_RIGHT',					'REFORM_BRANCH_JFD_RELIGION'),
		('FACTION_JFD_REVOLUTIONARY',		NULL,							'REFORM_BRANCH_JFD_GOVERNMENT'),
		('FACTION_JFD_REVOLUTIONARY',		NULL,							'REFORM_BRANCH_JFD_LEGAL'),
		('FACTION_JFD_REVOLUTIONARY',		NULL,							'REFORM_BRANCH_JFD_CULTURE'),
		('FACTION_JFD_REVOLUTIONARY',		NULL,							'REFORM_BRANCH_JFD_ECONOMY'),
		('FACTION_JFD_REVOLUTIONARY',		NULL,							'REFORM_BRANCH_JFD_FOREIGN'),
		('FACTION_JFD_REVOLUTIONARY',		NULL,							'REFORM_BRANCH_JFD_INDUSTRY'),
		('FACTION_JFD_REVOLUTIONARY',		NULL,							'REFORM_BRANCH_JFD_MILITARY'),
		('FACTION_JFD_REVOLUTIONARY',		NULL,							'REFORM_BRANCH_JFD_RELIGION');

--Theocracy
INSERT INTO JFD_Politics_OpposedReforms	
		(PoliticsType,						ReformAlignment,				ReformBranchType)
VALUES	('CLERGY_JFD_REVOLUTIONARY',		NULL,							'REFORM_BRANCH_JFD_GOVERNMENT'),
		('CLERGY_JFD_REVOLUTIONARY',		NULL,							'REFORM_BRANCH_JFD_LEGAL'),
		('CLERGY_JFD_REVOLUTIONARY',		NULL,							'REFORM_BRANCH_JFD_CULTURE'),
		('CLERGY_JFD_REVOLUTIONARY',		NULL,							'REFORM_BRANCH_JFD_ECONOMY'),
		('CLERGY_JFD_REVOLUTIONARY',		NULL,							'REFORM_BRANCH_JFD_FOREIGN'),
		('CLERGY_JFD_REVOLUTIONARY',		NULL,							'REFORM_BRANCH_JFD_INDUSTRY'),
		('CLERGY_JFD_REVOLUTIONARY',		NULL,							'REFORM_BRANCH_JFD_MILITARY'),
		('CLERGY_JFD_REVOLUTIONARY',		NULL,							'REFORM_BRANCH_JFD_RELIGION');

--HRE
INSERT INTO JFD_Politics_OpposedReforms	
		(PoliticsType,						MinorCivTraitType,				ReformAlignment,				ReformBranchType)
VALUES	('ELECTOR_JFD_ELECTOR',				'MINOR_TRAIT_CULTURED',			NULL,							'REFORM_BRANCH_JFD_ECONOMY'),
		('ELECTOR_JFD_ELECTOR',				'MINOR_TRAIT_CULTURED',			'REFORM_RIGHT',					'REFORM_BRANCH_JFD_LEGAL'),
		('ELECTOR_JFD_ELECTOR',				'MINOR_TRAIT_MARITIME',			NULL,							'REFORM_BRANCH_JFD_MILITARY'),
		('ELECTOR_JFD_ELECTOR',				'MINOR_TRAIT_MERCANTILE',		NULL,							'REFORM_BRANCH_JFD_RELIGION'),
		('ELECTOR_JFD_ELECTOR',				'MINOR_TRAIT_MERCANTILE',		'REFORM_RIGHT',					'REFORM_BRANCH_JFD_FOREIGN'),
		('ELECTOR_JFD_ELECTOR',				'MINOR_TRAIT_MILITARISTIC',		NULL,							'REFORM_BRANCH_JFD_CULTURE'),
		('ELECTOR_JFD_ELECTOR',				'MINOR_TRAIT_MILITARISTIC',		'REFORM_LEFT',					'REFORM_BRANCH_JFD_FOREIGN'),
		('ELECTOR_JFD_ELECTOR',				'MINOR_TRAIT_RELIGIOUS',		NULL,							'REFORM_BRANCH_JFD_INDUSTRY'),
		('ELECTOR_JFD_ELECTOR',				'MINOR_TRAIT_RELIGIOUS',		'REFORM_LEFT',					'REFORM_BRANCH_JFD_LEGAL'),
		('ELECTOR_JFD_REVOLUTIONARY',		NULL,							NULL,							'REFORM_BRANCH_JFD_GOVERNMENT'),
		('ELECTOR_JFD_REVOLUTIONARY',		NULL,							NULL,							'REFORM_BRANCH_JFD_LEGAL'),
		('ELECTOR_JFD_REVOLUTIONARY',		NULL,							NULL,							'REFORM_BRANCH_JFD_CULTURE'),
		('ELECTOR_JFD_REVOLUTIONARY',		NULL,							NULL,							'REFORM_BRANCH_JFD_ECONOMY'),
		('ELECTOR_JFD_REVOLUTIONARY',		NULL,							NULL,							'REFORM_BRANCH_JFD_FOREIGN'),
		('ELECTOR_JFD_REVOLUTIONARY',		NULL,							NULL,							'REFORM_BRANCH_JFD_INDUSTRY'),
		('ELECTOR_JFD_REVOLUTIONARY',		NULL,							NULL,							'REFORM_BRANCH_JFD_MILITARY'),
		('ELECTOR_JFD_REVOLUTIONARY',		NULL,							NULL,							'REFORM_BRANCH_JFD_RELIGION');
--==========================================================================================================================
--==========================================================================================================================