--==========================================================================================================================	
-- GOVERNMENTS
--==========================================================================================================================
-- JFD_Governments
--------------------------------------------------------------------------------------------------------------------------	
INSERT INTO JFD_Governments
		(Type,								Description,										Help,															TitleLegislature,											Civilopedia,														FactionSovMod,		LegitimacySovMod,	MaxSovChange,	ReformCooldownMod,	ReformCostMod,	FreeUnitClassType,		 FreeGreatPeopleCount,	RequiresIdeology,	RequiresReligion,	RequiresMinPietyLevel,			RequiresBuilding,					IsUnique,	AudioEffect,							IconAtlas,								PortraitIndex,  ChoiceImage,					OverviewBackground)
VALUES	('GOVERNMENT_JFD_MONARCHY',			'TXT_KEY_GOVERNMENT_JFD_MONARCHY_DESC',				'TXT_KEY_GOVERNMENT_JFD_MONARCHY_HELP',							'TXT_KEY_GOVERNMENT_JFD_MONARCHY_TITLE_LEGISLATURE',		'TXT_KEY_JFD_SOVEREIGNTY_MONARCHY_HEADING1_TITLE',					0,					25,					0,				0,					0,				NULL,					 0,						0,					0,					NULL,							NULL,								0,			'AS2D_JFD_GOVERNMENT_MONARCHY',			'JFD_SOVEREIGNTY_GOVERNMENT_ATLAS',		1,				'governmentsmonarchy.dds',		'loadingbasegame_14.dds'),
		('GOVERNMENT_JFD_REPUBLIC',			'TXT_KEY_GOVERNMENT_JFD_REPUBLIC_DESC',				'TXT_KEY_GOVERNMENT_JFD_REPUBLIC_HELP',							'TXT_KEY_GOVERNMENT_JFD_REPUBLIC_TITLE_LEGISLATURE',		'TXT_KEY_JFD_SOVEREIGNTY_REPUBLIC_HEADING1_TITLE',					0,					0,					0,				-25,				0,				NULL,					 0,						0,					0,					NULL,							NULL,								0,			'AS2D_JFD_GOVERNMENT_REPUBLIC',			'JFD_SOVEREIGNTY_GOVERNMENT_ATLAS',		2,				'governmentsrepublic.dds',		'loadingbasegame_13.dds'),
		('GOVERNMENT_JFD_THEOCRACY',		'TXT_KEY_GOVERNMENT_JFD_THEOCRACY_DESC',			'TXT_KEY_GOVERNMENT_JFD_THEOCRACY_HELP',						'TXT_KEY_GOVERNMENT_JFD_THEOCRACY_TITLE_LEGISLATURE',		'TXT_KEY_JFD_SOVEREIGNTY_THEOCRACY_HEADING1_TITLE',					0,					0,					20,				0,					0,				'UNITCLASS_PROPHET',	 0,						0,					1,					'PIETY_LEVEL_JFD_VIRTUOUS',		NULL,								0,			'AS2D_JFD_GOVERNMENT_THEOCRACY',		'JFD_SOVEREIGNTY_GOVERNMENT_ATLAS',		3,				'governmentstheocracy.dds',		'loadingbasegame_4.dds'),
		('GOVERNMENT_JFD_HOLY_ROME',		'TXT_KEY_GOVERNMENT_JFD_HOLY_ROME_DESC',			'TXT_KEY_GOVERNMENT_JFD_HOLY_ROME_HELP',						'TXT_KEY_GOVERNMENT_JFD_HOLY_ROME_TITLE_LEGISLATURE',		'TXT_KEY_JFD_SOVEREIGNTY_HOLY_ROME_HEADING1_TITLE',					25,					0,					0,				0,					0,				NULL,					 1,						0,					0,					NULL,							'BUILDING_JFD_HOFBURG_PALACE',		1,			'AS2D_JFD_GOVERNMENT_HOLY_ROME',		'JFD_SOVEREIGNTY_GOVERNMENT_ATLAS',		5,				'governmentshre.dds',			'loadingbasegame_6.dds'),
		('GOVERNMENT_JFD_DICTATORSHIP',		'TXT_KEY_GOVERNMENT_JFD_DICTATORSHIP_DESC',			'TXT_KEY_GOVERNMENT_JFD_DICTATORSHIP_HELP',						'TXT_KEY_GOVERNMENT_JFD_DICTATORSHIP_TITLE_LEGISLATURE',	'TXT_KEY_JFD_SOVEREIGNTY_DICTATORSHIP_HEADING1_TITLE',				0,					-50,				0,				0,					0,				NULL,					 0,						1,					0,					NULL,							NULL,								0,			'AS2D_JFD_GOVERNMENT_DICTATORSHIP',		'JFD_SOVEREIGNTY_GOVERNMENT_ATLAS',		4,				'governmentsdictatorship.dds',	'loading_8.dds');

UPDATE JFD_Governments
SET FreeUnitClassType = 'UNITCLASS_JFD_GREAT_DIGNITARY'
WHERE Type = 'GOVERNMENT_JFD_MONARCHY'
AND EXISTS (SELECT * FROM JFD_GlobalUserSettings WHERE Type = 'JFD_RTP_CLAIMS_CORE' AND Value = 1);

UPDATE JFD_Governments
SET FreeUnitClassType = 'UNITCLASS_JFD_GREAT_MAGISTRATE'
WHERE Type = 'GOVERNMENT_JFD_REPUBLIC'
AND EXISTS (SELECT * FROM JFD_GlobalUserSettings WHERE Type = 'JFD_RTP_CLAIMS_CORE' AND Value = 1);
--------------------------------------------------------------------------------------------------------------------------
-- JFD_Government_ReformTitles
--------------------------------------------------------------------------------------------------------------------------	
INSERT INTO JFD_Government_ReformTitles
		(GovernmentType,					ReformType,											TitleLeader,													TitleLeaderLate,											TitleGovernment,													TitleGovernmentShort,														UseAdjective)
VALUES	('GOVERNMENT_JFD_HOLY_ROME',		'REFORM_JFD_LEGISLATURE_HRE_PRIVILEGIUM_MINOR',		'TXT_KEY_GOVERNMENT_JFD_HOLY_ROME_TITLE_LEADER',				NULL,														'TXT_KEY_GOVERNMENT_JFD_HOLY_ROME_TITLE_GOVERNMENT',				'TXT_KEY_GOVERNMENT_JFD_HOLY_ROME_TITLE_SHORT',								0),
		('GOVERNMENT_JFD_HOLY_ROME',		'REFORM_JFD_LEGISLATURE_HRE_NONE',					'TXT_KEY_GOVERNMENT_JFD_HOLY_ROME_TITLE_LEADER',				NULL,														'TXT_KEY_GOVERNMENT_JFD_HOLY_ROME_TITLE_GOVERNMENT',				'TXT_KEY_GOVERNMENT_JFD_HOLY_ROME_TITLE_SHORT',								0),
		('GOVERNMENT_JFD_HOLY_ROME',		'REFORM_JFD_LEGISLATURE_HRE_PRIVILEGIUM_MAIUS',		'TXT_KEY_GOVERNMENT_JFD_HOLY_ROME_TITLE_LEADER',				NULL,														'TXT_KEY_GOVERNMENT_JFD_HOLY_ROME_TITLE_GOVERNMENT',				'TXT_KEY_GOVERNMENT_JFD_HOLY_ROME_TITLE_SHORT',								0),
		('GOVERNMENT_JFD_DICTATORSHIP',		'REFORM_JFD_LEGISLATURE_D_ONE_PARTY',				'TXT_KEY_GOVERNMENT_JFD_ONE_PARTY_TITLE_LEADER',				NULL,														'TXT_KEY_GOVERNMENT_JFD_ONE_PARTY_TITLE_GOVERNMENT',				'TXT_KEY_GOVERNMENT_JFD_ONE_PARTY_TITLE_GOVERNMENT_SHORT',					0),
		('GOVERNMENT_JFD_DICTATORSHIP',		NULL,												'TXT_KEY_GOVERNMENT_JFD_DICTATORSHIP_TITLE_LEADER',				NULL,														'TXT_KEY_GOVERNMENT_JFD_DICTATORSHIP_TITLE_GOVERNMENT',				'TXT_KEY_GOVERNMENT_JFD_DICTATORSHIP_TITLE_GOVERNMENT_SHORT',				0),
		('GOVERNMENT_JFD_MONARCHY',			'REFORM_JFD_STATE_EMPIRE',							'TXT_KEY_GOVERNMENT_JFD_EMPIRE_TITLE_LEADER',					NULL,														'TXT_KEY_GOVERNMENT_JFD_EMPIRE_TITLE_GOVERNMENT',					'TXT_KEY_GOVERNMENT_JFD_EMPIRE_TITLE_GOVERNMENT_SHORT',						1),
		('GOVERNMENT_JFD_MONARCHY',			'REFORM_JFD_STRUCTURE_FEDERATION',					NULL,															NULL,														'TXT_KEY_GOVERNMENT_JFD_COMMONWEALTH_TITLE_GOVERNMENT',				NULL,																		1),
		('GOVERNMENT_JFD_MONARCHY',			'REFORM_JFD_STATE_NATION',							'TXT_KEY_GOVERNMENT_JFD_MONARCHY_TITLE_LEADER',					NULL,														'TXT_KEY_GOVERNMENT_JFD_MONARCHY_TITLE_GOVERNMENT',					'TXT_KEY_GOVERNMENT_JFD_MONARCHY_TITLE_GOVERNMENT_SHORT',					0),
		('GOVERNMENT_JFD_MONARCHY',			'REFORM_JFD_STATE_CITYSTATE',						'TXT_KEY_GOVERNMENT_JFD_PRINCIPALITY_TITLE_LEADER',				NULL,														'TXT_KEY_GOVERNMENT_JFD_PRINCIPALITY_TITLE_GOVERNMENT',				'TXT_KEY_GOVERNMENT_JFD_PRINCIPALITY_TITLE_GOVERNMENT_SHORT',				0),
		('GOVERNMENT_JFD_REPUBLIC',			'REFORM_JFD_STRUCTURE_FEDERATION',					'TXT_KEY_GOVERNMENT_JFD_REPUBLIC_TITLE_LEADER',					'TXT_KEY_GOVERNMENT_JFD_REPUBLIC_TITLE_LEADER_LATE',		'TXT_KEY_GOVERNMENT_JFD_FEDERATION_TITLE_GOVERNMENT',				NULL,																		1),
		('GOVERNMENT_JFD_REPUBLIC',			'REFORM_JFD_STRUCTURE_UNITARY',						'TXT_KEY_GOVERNMENT_JFD_REPUBLIC_TITLE_LEADER',					'TXT_KEY_GOVERNMENT_JFD_REPUBLIC_TITLE_LEADER_LATE',		'TXT_KEY_GOVERNMENT_JFD_REPUBLIC_TITLE_GOVERNMENT',					'TXT_KEY_GOVERNMENT_JFD_REPUBLIC_TITLE_SHORT_UNITARY',						1),
		('GOVERNMENT_JFD_REPUBLIC',			'REFORM_JFD_LEGISLATURE_R_NONE',					'TXT_KEY_GOVERNMENT_JFD_REPUBLIC_TITLE_LEADER',					'TXT_KEY_GOVERNMENT_JFD_REPUBLIC_TITLE_LEADER_LATE',		'TXT_KEY_GOVERNMENT_JFD_REPUBLIC_TITLE_GOVERNMENT',					'TXT_KEY_GOVERNMENT_JFD_REPUBLIC_TITLE_SHORT_DESPOTATE',					1),
		('GOVERNMENT_JFD_REPUBLIC',			'REFORM_JFD_LEGISLATURE_R_DEMOCRATIC',				'TXT_KEY_GOVERNMENT_JFD_REPUBLIC_TITLE_LEADER',					'TXT_KEY_GOVERNMENT_JFD_REPUBLIC_TITLE_LEADER_LATE',		'TXT_KEY_GOVERNMENT_JFD_REPUBLIC_TITLE_GOVERNMENT',					'TXT_KEY_GOVERNMENT_JFD_REPUBLIC_TITLE_SHORT_DEMOCRACY',					1),
		('GOVERNMENT_JFD_REPUBLIC',			'REFORM_JFD_LEGISLATURE_R_OLIGARCHIC',				'TXT_KEY_GOVERNMENT_JFD_REPUBLIC_TITLE_LEADER',					'TXT_KEY_GOVERNMENT_JFD_REPUBLIC_TITLE_LEADER_LATE',		'TXT_KEY_GOVERNMENT_JFD_REPUBLIC_TITLE_GOVERNMENT',					'TXT_KEY_GOVERNMENT_JFD_REPUBLIC_TITLE_SHORT_OLIGARCHY',					1),
		('GOVERNMENT_JFD_THEOCRACY',		NULL,												'TXT_KEY_GOVERNMENT_JFD_THEOCRACY_TITLE_LEADER',				NULL,														'TXT_KEY_GOVERNMENT_JFD_THEOCRACY_TITLE_GOVERNMENT',				'TXT_KEY_GOVERNMENT_JFD_THEOCRACY_TITLE_SHORT',								0);
--==========================================================================================================================
-- POLITICS
--==========================================================================================================================
-- JFD_Politics
------------------------------------------------------------
--HRE
INSERT INTO JFD_Politics
		(Type,								ReqsIdeology,	ReqsNotIdeology,	IdeologyType,				PrereqGovernment,				PrereqReform,									Description,										ShortDescription,										Help,												HelpIdeologyPreference,						Adjective,										FontIcon)
VALUES	('ELECTOR_JFD_ELECTOR',				0,				0,					NULL,						'GOVERNMENT_JFD_HOLY_ROME',		NULL,											'TXT_KEY_JFD_ELECTOR_JFD_ELECTOR_DESC',				'TXT_KEY_JFD_CLERGY_JFD_ELECTOR_SHORT_DESC',			'TXT_KEY_JFD_ELECTOR_JFD_ELECTOR_HELP',				NULL,										'TXT_KEY_JFD_ELECTOR_JFD_ELECTOR_ADJ',			'[ICON_JFD_ELECTOR]'),
		('ELECTOR_JFD_REVOLUTIONARY',		0,				0,					NULL,						'GOVERNMENT_JFD_HOLY_ROME',		NULL,											'TXT_KEY_JFD_ELECTOR_JFD_REVOLUTIONARY_DESC',		'TXT_KEY_JFD_CLERGY_JFD_REVOLUTIONARY_SHORT_DESC',		'TXT_KEY_JFD_ELECTOR_JFD_REVOLUTIONARY_HELP',		NULL,										'TXT_KEY_JFD_ELECTOR_JFD_REVOLUTIONARY_ADJ',	'[ICON_JFD_REVOLUTIONARIES]');

--Theocracy
INSERT INTO JFD_Politics
		(Type,								ReqsIdeology,	ReqsNotIdeology,	IdeologyType,				PrereqGovernment,				PrereqReform,									Description,										ShortDescription,										Help,												HelpIdeologyPreference,						Adjective,										FontIcon)
VALUES	('CLERGY_JFD_CLERGY',				0,				0,					NULL,						'GOVERNMENT_JFD_THEOCRACY',		NULL,											'TXT_KEY_JFD_CLERGY_JFD_ECUMENICAL_DESC',			'TXT_KEY_JFD_CLERGY_JFD_ECUMENICAL_SHORT_DESC',			NULL,												NULL,										NULL,											'[ICON_JFD_CLERGY]'),
		('CLERGY_JFD_REVOLUTIONARY',		0,				0,					NULL,						'GOVERNMENT_JFD_THEOCRACY',		NULL,											'TXT_KEY_JFD_CLERGY_JFD_REVOLUTIONARY_DESC',		'TXT_KEY_JFD_CLERGY_JFD_REVOLUTIONARY_SHORT_DESC',		'TXT_KEY_JFD_CLERGY_JFD_REVOLUTIONARY_HELP',		NULL,										'TXT_KEY_JFD_CLERGY_JFD_REVOLUTIONARY_ADJ',		'[ICON_JFD_REVOLUTIONARIES]');

--Monarchy
INSERT INTO JFD_Politics
		(Type,								ReqsIdeology,	ReqsNotIdeology,	IdeologyType,				PrereqGovernment,				PrereqReform,									Description,										ShortDescription,										Help,												HelpIdeologyPreference,						Adjective,										FontIcon)
VALUES	('PARTY_JFD_BURGHERS',				0,				0,					NULL,						'GOVERNMENT_JFD_MONARCHY',		'REFORM_JFD_LEGISLATURE_M_ARISTOCRATIC',		'TXT_KEY_JFD_PARTY_JFD_BURGHERS_DESC',				'TXT_KEY_JFD_PARTY_JFD_BURGHERS_SHORT_DESC',			'TXT_KEY_JFD_PARTY_JFD_BURGHERS_HELP',				NULL,										'TXT_KEY_JFD_PARTY_JFD_BURGHERS_ADJ',			'[ICON_JFD_BURGHERS]'),
		('PARTY_JFD_CLERGY',				0,				0,					NULL,						'GOVERNMENT_JFD_MONARCHY',		'REFORM_JFD_LEGISLATURE_M_ARISTOCRATIC',		'TXT_KEY_JFD_PARTY_JFD_CLERGY_DESC',				'TXT_KEY_JFD_PARTY_JFD_CLERGY_SHORT_DESC',				'TXT_KEY_JFD_PARTY_JFD_CLERGY_HELP',				NULL,										'TXT_KEY_JFD_PARTY_JFD_CLERGY_ADJ',				'[ICON_JFD_CLERGY]'),
		('PARTY_JFD_NOBILITY',				0,				0,					NULL,						'GOVERNMENT_JFD_MONARCHY',		'REFORM_JFD_LEGISLATURE_M_ARISTOCRATIC',		'TXT_KEY_JFD_PARTY_JFD_NOBILITY_DESC',				'TXT_KEY_JFD_PARTY_JFD_NOBILITY_SHORT_DESC',			'TXT_KEY_JFD_PARTY_JFD_NOBILITY_HELP',				NULL,										'TXT_KEY_JFD_PARTY_JFD_NOBILITY_ADJ',			'[ICON_JFD_NOBILITY]');

INSERT INTO JFD_Politics
		(Type,								ReqsIdeology,	ReqsNotIdeology,	IdeologyType,				PrereqGovernment,				PrereqReform,									Description,										ShortDescription,										Help,												HelpIdeologyPreference,						Adjective,										FontIcon)
VALUES	('PARTY_JFD_REVOLUTIONARY',			0,				0,					NULL,						'GOVERNMENT_JFD_MONARCHY',		NULL,											'TXT_KEY_JFD_PARTY_JFD_REVOLUTIONARY_DESC',			'TXT_KEY_JFD_PARTY_JFD_REVOLUTIONARY_SHORT_DESC',		'TXT_KEY_JFD_PARTY_JFD_REVOLUTIONARY_HELP',			NULL,										'TXT_KEY_JFD_PARTY_JFD_REVOLUTIONARY_ADJ',		'[ICON_JFD_REVOLUTIONARIES]');

INSERT INTO JFD_Politics
		(Type,								ReqsIdeology,	ReqsNotIdeology,	IdeologyType,				PrereqGovernment,				PrereqReform,									Description,										ShortDescription,										Help,												HelpIdeologyPreference,						Adjective,										FontIcon)
VALUES	('PARTY_JFD_CONSERVATIVE',			0,				0,					NULL,						'GOVERNMENT_JFD_MONARCHY',		'REFORM_JFD_LEGISLATURE_M_PARLIAMENTARY',		'TXT_KEY_JFD_PARTY_JFD_CONSERVATIVE_DESC',			'TXT_KEY_JFD_PARTY_JFD_CONSERVATIVE_SHORT_DESC',		'TXT_KEY_JFD_PARTY_JFD_CONSERVATIVE_HELP',			NULL,										'TXT_KEY_JFD_PARTY_JFD_CONSERVATIVE_ADJ',		'[ICON_TEAM_8]'),
		('PARTY_JFD_LIBERAL',				0,				0,					NULL,						'GOVERNMENT_JFD_MONARCHY',		'REFORM_JFD_LEGISLATURE_M_PARLIAMENTARY',		'TXT_KEY_JFD_PARTY_JFD_LIBERAL_DESC',				'TXT_KEY_JFD_PARTY_JFD_LIBERAL_SHORT_DESC',				'TXT_KEY_JFD_PARTY_JFD_LIBERAL_HELP',				NULL,										'TXT_KEY_JFD_PARTY_JFD_LIBERAL_ADJ',			'[ICON_TEAM_3]'),
		--('PARTY_JFD_REACTIONARY',			0,				0,					NULL,						'GOVERNMENT_JFD_MONARCHY',		'REFORM_JFD_LEGISLATURE_M_PARLIAMENTARY',		'TXT_KEY_JFD_PARTY_JFD_REACTIONARY_DESC',			'TXT_KEY_JFD_PARTY_JFD_REACTIONARY_SHORT_DESC',			'TXT_KEY_JFD_PARTY_JFD_REACTIONARY_HELP',			NULL,										'TXT_KEY_JFD_PARTY_JFD_REACTIONARY_ADJ',		'[ICON_TEAM_7]'),
		('PARTY_JFD_SOCIALIST',				0,				0,					NULL,						'GOVERNMENT_JFD_MONARCHY',		'REFORM_JFD_LEGISLATURE_M_PARLIAMENTARY',		'TXT_KEY_JFD_PARTY_JFD_SOCIALIST_DESC',				'TXT_KEY_JFD_PARTY_JFD_SOCIALIST_SHORT_DESC',			'TXT_KEY_JFD_PARTY_JFD_SOCIALIST_HELP',				NULL,										'TXT_KEY_JFD_PARTY_JFD_SOCIALIST_ADJ',			'[ICON_TEAM_2]'),
		('PARTY_JFD_COMMUNIST',				1,				0,					'POLICY_BRANCH_AUTOCRACY',	'GOVERNMENT_JFD_MONARCHY',		'REFORM_JFD_LEGISLATURE_M_PARLIAMENTARY',		'TXT_KEY_JFD_PARTY_JFD_COMMUNIST_DESC',				'TXT_KEY_JFD_PARTY_JFD_COMMUNIST_SHORT_DESC',			'TXT_KEY_JFD_PARTY_JFD_COMMUNIST_HELP',				'TXT_KEY_GO_JFD_FACTION_TT_IDEOLOGY_BONUS',	'TXT_KEY_JFD_PARTY_JFD_COMMUNIST_ADJ',			'[ICON_IDEOLOGY_ORDER]'),
		('PARTY_JFD_FASCIST',				1,				0,					'POLICY_BRANCH_FREEDOM',	'GOVERNMENT_JFD_MONARCHY',		'REFORM_JFD_LEGISLATURE_M_PARLIAMENTARY',		'TXT_KEY_JFD_PARTY_JFD_FASCIST_DESC',				'TXT_KEY_JFD_PARTY_JFD_FASCIST_SHORT_DESC',				'TXT_KEY_JFD_PARTY_JFD_FASCIST_HELP',				'TXT_KEY_GO_JFD_FACTION_TT_IDEOLOGY_BONUS',	'TXT_KEY_JFD_PARTY_JFD_FASCIST_ADJ',			'[ICON_IDEOLOGY_AUTOCRACY]'),
		('PARTY_JFD_LIBERTARIAN',			1,				0,					'POLICY_BRANCH_ORDER',		'GOVERNMENT_JFD_MONARCHY',		'REFORM_JFD_LEGISLATURE_M_PARLIAMENTARY',		'TXT_KEY_JFD_PARTY_JFD_LIBERTARIAN_DESC',			'TXT_KEY_JFD_PARTY_JFD_LIBERTARIAN_SHORT_DESC',			'TXT_KEY_JFD_PARTY_JFD_LIBERTARIAN_HELP',			'TXT_KEY_GO_JFD_FACTION_TT_IDEOLOGY_BONUS',	'TXT_KEY_JFD_PARTY_JFD_LIBERTARIAN_ADJ',		'[ICON_IDEOLOGY_FREEDOM]');

--Republic
INSERT INTO JFD_Politics
		(Type,								ReqsIdeology,	ReqsNotIdeology,	IdeologyType,				PrereqGovernment,				PrereqReform,									Description,										ShortDescription,										Help,												HelpIdeologyPreference,						Adjective,										FontIcon)
VALUES	('FACTION_JFD_REVOLUTIONARY',		0,				0,					NULL,						'GOVERNMENT_JFD_REPUBLIC',		NULL,											'TXT_KEY_JFD_FACTION_JFD_REVOLUTIONARY_DESC',		'TXT_KEY_JFD_FACTION_JFD_REVOLUTIONARY_SHORT_DESC',		'TXT_KEY_JFD_FACTION_JFD_REVOLUTIONARY_HELP',		NULL,										'TXT_KEY_JFD_FACTION_JFD_REVOLUTIONARY_ADJ',	'[ICON_JFD_REVOLUTIONARIES]');

INSERT INTO JFD_Politics
		(Type,								ReqsIdeology,	ReqsNotIdeology,	IdeologyType,				PrereqGovernment,				PrereqReform,									Description,										ShortDescription,										Help,												HelpIdeologyPreference,						Adjective,										FontIcon)
VALUES	('FACTION_JFD_CIVIC',				0,				1,					NULL,						'GOVERNMENT_JFD_REPUBLIC',		'REFORM_JFD_LEGISLATURE_R_OLIGARCHIC',			'TXT_KEY_JFD_FACTION_JFD_CIVIC_DESC',				'TXT_KEY_JFD_FACTION_JFD_CIVIC_SHORT_DESC',				'TXT_KEY_JFD_FACTION_JFD_CIVIC_HELP',				NULL,										'TXT_KEY_JFD_FACTION_JFD_CIVIC_ADJ',			'[ICON_CITIZEN]'),
		('FACTION_JFD_FANATICAL',			1,				0,					'POLICY_BRANCH_AUTOCRACY',	'GOVERNMENT_JFD_REPUBLIC',		'REFORM_JFD_LEGISLATURE_R_OLIGARCHIC',			'TXT_KEY_JFD_FACTION_JFD_FANATICAL_DESC',			'TXT_KEY_JFD_FACTION_JFD_FANATICAL_SHORT_DESC',			'TXT_KEY_JFD_FACTION_JFD_FANATICAL_HELP',			'TXT_KEY_GO_JFD_FACTION_TT_IDEOLOGY_BONUS',	'TXT_KEY_JFD_FACTION_JFD_FANATICAL_ADJ',		'[ICON_IDEOLOGY_AUTOCRACY]'),
		('FACTION_JFD_MERCANTILE',			0,				1,					NULL,						'GOVERNMENT_JFD_REPUBLIC',		'REFORM_JFD_LEGISLATURE_R_OLIGARCHIC',			'TXT_KEY_JFD_FACTION_JFD_MERCANTILE_DESC',			'TXT_KEY_JFD_FACTION_JFD_MERCANTILE_SHORT_DESC',		'TXT_KEY_JFD_FACTION_JFD_MERCANTILE_HELP',			NULL,										'TXT_KEY_JFD_FACTION_JFD_MERCANTILE_ADJ',		'[ICON_JFD_MERCANTILE]'),
		('FACTION_JFD_MILITARY',			0,				1,					NULL,						'GOVERNMENT_JFD_REPUBLIC',		'REFORM_JFD_LEGISLATURE_R_OLIGARCHIC',			'TXT_KEY_JFD_FACTION_JFD_MILITARY_DESC',			'TXT_KEY_JFD_FACTION_JFD_MILITARY_SHORT_DESC',			'TXT_KEY_JFD_FACTION_JFD_MILITARY_HELP',			NULL,										'TXT_KEY_JFD_FACTION_JFD_MILITARY_ADJ',			'[ICON_JFD_MILITARY]'),
		('FACTION_JFD_POPULIST',			0,				1,					NULL,						'GOVERNMENT_JFD_REPUBLIC',		'REFORM_JFD_LEGISLATURE_R_OLIGARCHIC',			'TXT_KEY_JFD_FACTION_JFD_POPULIST_DESC',			'TXT_KEY_JFD_FACTION_JFD_POPULIST_SHORT_DESC',			'TXT_KEY_JFD_FACTION_JFD_POPULIST_HELP',			NULL,										'TXT_KEY_JFD_FACTION_JFD_POPULIST_ADJ',			'[ICON_JFD_POPULIST]'),
		('FACTION_JFD_RELIGIOUS',			0,				1,					NULL,						'GOVERNMENT_JFD_REPUBLIC',		'REFORM_JFD_LEGISLATURE_R_OLIGARCHIC',			'TXT_KEY_JFD_FACTION_JFD_RELIGIOUS_DESC',			'TXT_KEY_JFD_FACTION_JFD_RELIGIOUS_SHORT_DESC',			'TXT_KEY_JFD_FACTION_JFD_RELIGIOUS_HELP',			NULL,										'TXT_KEY_JFD_FACTION_JFD_RELIGIOUS_ADJ',		'[ICON_JFD_RELIGIOUS]'),
		('FACTION_JFD_INDUSTRIALIST',		0,				1,					NULL,						'GOVERNMENT_JFD_REPUBLIC',		'REFORM_JFD_LEGISLATURE_R_OLIGARCHIC',			'TXT_KEY_JFD_FACTION_JFD_INDUSTRIALIST_DESC',		'TXT_KEY_JFD_FACTION_JFD_INDUSTRIALIST_SHORT_DESC',		'TXT_KEY_JFD_FACTION_JFD_INDUSTRIALIST_HELP',		NULL,										'TXT_KEY_JFD_FACTION_JFD_INDUSTRIALIST_ADJ',	'[ICON_JFD_INDUSTRIALIST]'),
		('FACTION_JFD_PROGRESSIVE',			1,				0,					'POLICY_BRANCH_FREEDOM',	'GOVERNMENT_JFD_REPUBLIC',		'REFORM_JFD_LEGISLATURE_R_OLIGARCHIC',			'TXT_KEY_JFD_FACTION_JFD_PROGRESSIVE_DESC',			'TXT_KEY_JFD_FACTION_JFD_PROGRESSIVE_SHORT_DESC',		'TXT_KEY_JFD_FACTION_JFD_PROGRESSIVE_HELP',			'TXT_KEY_GO_JFD_FACTION_TT_IDEOLOGY_BONUS',	'TXT_KEY_JFD_FACTION_JFD_PROGRESSIVE_ADJ',		'[ICON_IDEOLOGY_FREEDOM]'),
		('FACTION_JFD_RADICAL',				1,				0,					'POLICY_BRANCH_ORDER',		'GOVERNMENT_JFD_REPUBLIC',		'REFORM_JFD_LEGISLATURE_R_OLIGARCHIC',			'TXT_KEY_JFD_FACTION_JFD_RADICAL_DESC',				'TXT_KEY_JFD_FACTION_JFD_RADICAL_SHORT_DESC',			'TXT_KEY_JFD_FACTION_JFD_RADICAL_HELP',				'TXT_KEY_GO_JFD_FACTION_TT_IDEOLOGY_BONUS',	'TXT_KEY_JFD_FACTION_JFD_RADICAL_ADJ',			'[ICON_IDEOLOGY_ORDER]');
		
INSERT INTO JFD_Politics
		(Type,								ReqsIdeology,	ReqsNotIdeology,	IdeologyType,				PrereqGovernment,				PrereqReform,									Description,										ShortDescription,										Help,												HelpIdeologyPreference,						Adjective,										FontIcon)
VALUES	('FACTION_JFD_NATIONALIST',			0,				0,					NULL,						'GOVERNMENT_JFD_REPUBLIC',		'REFORM_JFD_LEGISLATURE_R_DEMOCRATIC',			'TXT_KEY_JFD_FACTION_JFD_NATIONALIST_DESC',			'TXT_KEY_JFD_FACTION_JFD_NATIONALIST_SHORT_DESC',		'TXT_KEY_JFD_FACTION_JFD_NATIONALIST_HELP',			NULL,										'TXT_KEY_JFD_FACTION_JFD_NATIONALIST_ADJ',		'[ICON_TEAM_8]'),
		('FACTION_JFD_POPULARIST',			0,				0,					NULL,						'GOVERNMENT_JFD_REPUBLIC',		'REFORM_JFD_LEGISLATURE_R_DEMOCRATIC',			'TXT_KEY_JFD_FACTION_JFD_POPULARIST_DESC',			'TXT_KEY_JFD_FACTION_JFD_POPULARIST_SHORT_DESC',		'TXT_KEY_JFD_FACTION_JFD_POPULARIST_HELP',			NULL,										'TXT_KEY_JFD_FACTION_JFD_POPULARIST_ADJ',		'[ICON_TEAM_3]');

--Dictatorship
INSERT INTO JFD_Politics
		(Type,								ReqsIdeology,	ReqsNotIdeology,	IdeologyType,				PrereqGovernment,				PrereqReform,									Description,										ShortDescription,										Help,												HelpIdeologyPreference,						Adjective,										FontIcon)
VALUES	('ASSEMBLY_JFD_COMMUNIST',			0,				0,					NULL,						'GOVERNMENT_JFD_DICTATORSHIP',	'REFORM_JFD_LEGISLATURE_D_ONE_PARTY',			'TXT_KEY_JFD_ASSEMBLY_JFD_COMMUNIST_DESC',			'TXT_KEY_JFD_ASSEMBLY_JFD_COMMUNIST_SHORT_DESC',		'TXT_KEY_JFD_ASSEMBLY_JFD_COMMUNIST_HELP',			NULL,										'TXT_KEY_JFD_ASSEMBLY_JFD_COMMUNIST_ADJ',		'[ICON_IDEOLOGY_ORDER]'),
		('ASSEMBLY_JFD_FASCIST',			0,				0,					NULL,						'GOVERNMENT_JFD_DICTATORSHIP',	'REFORM_JFD_LEGISLATURE_D_ONE_PARTY',			'TXT_KEY_JFD_ASSEMBLY_JFD_FASCIST_DESC',			'TXT_KEY_JFD_ASSEMBLY_JFD_FASCIST_SHORT_DESC',			'TXT_KEY_JFD_ASSEMBLY_JFD_FASCIST_HELP',			NULL,										'TXT_KEY_JFD_ASSEMBLY_JFD_FASCIST_ADJ',			'[ICON_IDEOLOGY_AUTOCRACY]'),
		('ASSEMBLY_JFD_LIBERTARIAN',		0,				0,					NULL,						'GOVERNMENT_JFD_DICTATORSHIP',	'REFORM_JFD_LEGISLATURE_D_ONE_PARTY',			'TXT_KEY_JFD_ASSEMBLY_JFD_LIBERTARIAN_DESC',		'TXT_KEY_JFD_ASSEMBLY_JFD_LIBERTARIAN_SHORT_DESC',		'TXT_KEY_JFD_ASSEMBLY_JFD_LIBERTARIAN_HELP',		NULL,										'TXT_KEY_JFD_ASSEMBLY_JFD_LIBERTARIAN_ADJ',		'[ICON_IDEOLOGY_FREEDOM]');

INSERT INTO JFD_Politics
		(Type,								ReqsIdeology,	ReqsNotIdeology,	IdeologyType,				PrereqGovernment,				PrereqReform,									Description,										ShortDescription,										Help,												HelpIdeologyPreference,						Adjective,										FontIcon)
VALUES	('ASSEMBLY_JFD_MILITARY',			0,				0,					NULL,						'GOVERNMENT_JFD_DICTATORSHIP',	'REFORM_JFD_LEGISLATURE_D_MILITARY',			'TXT_KEY_JFD_ASSEMBLY_JFD_MILITARY_DESC',			'TXT_KEY_JFD_ASSEMBLY_JFD_MILITARY_SHORT_DESC',			'TXT_KEY_JFD_ASSEMBLY_JFD_MILITARY_HELP',			NULL,										'TXT_KEY_JFD_ASSEMBLY_JFD_MILITARY_ADJ',		'[ICON_WAR]');
------------------------------------------------------------
-- JFD_Politics_MinorCivTraitTypes
------------------------------------------------------------
INSERT INTO JFD_Politics_MinorCivTraitTypes
		(PoliticsType,						MinorCivTraitType,				Help)
VALUES	('ELECTOR_JFD_ELECTOR',				'MINOR_TRAIT_CULTURED',			'TXT_KEY_JFD_ELECTOR_JFD_ELECTOR_CULTURAL_HELP'),
		('ELECTOR_JFD_ELECTOR',				'MINOR_TRAIT_MARITIME',			'TXT_KEY_JFD_ELECTOR_JFD_ELECTOR_MARITIME_HELP'),
		('ELECTOR_JFD_ELECTOR',				'MINOR_TRAIT_MERCANTILE',		'TXT_KEY_JFD_ELECTOR_JFD_ELECTOR_MERCANTILE_HELP'),
		('ELECTOR_JFD_ELECTOR',				'MINOR_TRAIT_MILITARISTIC',		'TXT_KEY_JFD_ELECTOR_JFD_ELECTOR_MILITARISTIC_HELP'),
		('ELECTOR_JFD_ELECTOR',				'MINOR_TRAIT_RELIGIOUS',		'TXT_KEY_JFD_ELECTOR_JFD_ELECTOR_RELIGIOUS_HELP');
------------------------------------------------------------
-- JFD_Politics_FavouredReforms
------------------------------------------------------------
--Monarchy
INSERT INTO JFD_Politics_FavouredReforms
		(PoliticsType,						ReformAlignment,				ReformBranchType)
VALUES	('PARTY_JFD_BURGHERS',				'REFORM_RIGHT',					'REFORM_BRANCH_JFD_INDUSTRY'),
		('PARTY_JFD_BURGHERS',				'REFORM_LEFT',					'REFORM_BRANCH_JFD_ECONOMY'),
		('PARTY_JFD_CLERGY',				'REFORM_RIGHT',					'REFORM_BRANCH_JFD_CULTURE'),
		('PARTY_JFD_CLERGY',				'REFORM_LEFT',					'REFORM_BRANCH_JFD_RELIGION'),
		('PARTY_JFD_NOBILITY',				'REFORM_RIGHT',					'REFORM_BRANCH_JFD_GOVERNMENT'),
		('PARTY_JFD_NOBILITY',				'REFORM_LEFT',					'REFORM_BRANCH_JFD_MILITARY');

INSERT INTO JFD_Politics_FavouredReforms
		(PoliticsType,						ReformAlignment,				ReformBranchType)
VALUES	('PARTY_JFD_COMMUNIST',				'REFORM_RIGHT',					'REFORM_BRANCH_JFD_ECONOMY'),
		('PARTY_JFD_COMMUNIST',				'REFORM_RIGHT',					'REFORM_BRANCH_JFD_INDUSTRY'),
		('PARTY_JFD_COMMUNIST',				'REFORM_RIGHT',					'REFORM_BRANCH_JFD_GOVERNMENT'),
		('PARTY_JFD_COMMUNIST',				'REFORM_LEFT',					'REFORM_BRANCH_JFD_LEGAL'),
		('PARTY_JFD_CONSERVATIVE',			'REFORM_RIGHT',					'REFORM_BRANCH_JFD_CULTURE'),
		('PARTY_JFD_CONSERVATIVE',			'REFORM_LEFT',					'REFORM_BRANCH_JFD_INDUSTRY'),
		('PARTY_JFD_CONSERVATIVE',			'REFORM_RIGHT',					'REFORM_BRANCH_JFD_RELIGION'),
		('PARTY_JFD_FASCIST',				'REFORM_RIGHT',					'REFORM_BRANCH_JFD_CULTURE'),
		('PARTY_JFD_FASCIST',				'REFORM_LEFT',					'REFORM_BRANCH_JFD_INDUSTRY'),
		('PARTY_JFD_FASCIST',				'REFORM_RIGHT',					'REFORM_BRANCH_JFD_MILITARY'),
		('PARTY_JFD_FASCIST',				'REFORM_RIGHT',					'REFORM_BRANCH_JFD_RELIGION'),
		('PARTY_JFD_LIBERAL',				'REFORM_LEFT',					'REFORM_BRANCH_JFD_CULTURE'),
		('PARTY_JFD_LIBERAL',				'REFORM_LEFT',					'REFORM_BRANCH_JFD_ECONOMY'),
		('PARTY_JFD_LIBERAL',				'REFORM_RIGHT',					'REFORM_BRANCH_JFD_RELIGION'),
		('PARTY_JFD_LIBERTARIAN',			'REFORM_LEFT',					'REFORM_BRANCH_JFD_CULTURE'),
		('PARTY_JFD_LIBERTARIAN',			'REFORM_LEFT',					'REFORM_BRANCH_JFD_ECONOMY'),
		('PARTY_JFD_LIBERTARIAN',			'REFORM_LEFT',					'REFORM_BRANCH_JFD_LEGAL'),
		('PARTY_JFD_LIBERTARIAN',			'REFORM_LEFT',					'REFORM_BRANCH_JFD_RELIGION'),
		('PARTY_JFD_SOCIALIST',				'REFORM_RIGHT',					'REFORM_BRANCH_JFD_ECONOMY'),
		('PARTY_JFD_SOCIALIST',				'REFORM_RIGHT',					'REFORM_BRANCH_JFD_INDUSTRY'),
		('PARTY_JFD_SOCIALIST',				'REFORM_LEFT',					'REFORM_BRANCH_JFD_LEGAL');

--Republic
INSERT INTO JFD_Politics_FavouredReforms	
		(PoliticsType,						ReformAlignment,				ReformBranchType)
VALUES	('FACTION_JFD_CIVIC',				NULL,							'REFORM_BRANCH_JFD_LEGAL'),
		('FACTION_JFD_FANATICAL',			NULL,							'REFORM_BRANCH_JFD_MILITARY'),
		('FACTION_JFD_FANATICAL',			NULL,							'REFORM_BRANCH_JFD_RELIGION'),
		('FACTION_JFD_INDUSTRIALIST',		NULL,							'REFORM_BRANCH_JFD_INDUSTRY'),
		('FACTION_JFD_MERCANTILE',			NULL,							'REFORM_BRANCH_JFD_ECONOMY'),
		('FACTION_JFD_MILITARY',			NULL,							'REFORM_BRANCH_JFD_MILITARY'),
		('FACTION_JFD_POPULIST',			NULL,							'REFORM_BRANCH_JFD_CULTURE'),
		('FACTION_JFD_PROGRESSIVE',			NULL,							'REFORM_BRANCH_JFD_ECONOMY'),
		('FACTION_JFD_PROGRESSIVE',			NULL,							'REFORM_BRANCH_JFD_CULTURE'),
		('FACTION_JFD_RADICAL',				NULL,							'REFORM_BRANCH_JFD_LEGAL'),
		('FACTION_JFD_RADICAL',				NULL,							'REFORM_BRANCH_JFD_INDUSTRY'),
		('FACTION_JFD_RELIGIOUS',			NULL,							'REFORM_BRANCH_JFD_RELIGION');

INSERT INTO JFD_Politics_FavouredReforms	
		(PoliticsType,						ReformAlignment,				ReformBranchType)
VALUES	('FACTION_JFD_NATIONALIST',			'REFORM_RIGHT',					'REFORM_BRANCH_JFD_GOVERNMENT'),
		('FACTION_JFD_NATIONALIST',			'REFORM_RIGHT',					'REFORM_BRANCH_JFD_LEGAL'),
		('FACTION_JFD_NATIONALIST',			'REFORM_RIGHT',					'REFORM_BRANCH_JFD_CULTURE'),
		('FACTION_JFD_NATIONALIST',			'REFORM_RIGHT',					'REFORM_BRANCH_JFD_ECONOMY'),
		('FACTION_JFD_NATIONALIST',			'REFORM_RIGHT',					'REFORM_BRANCH_JFD_FOREIGN'),
		('FACTION_JFD_NATIONALIST',			'REFORM_RIGHT',					'REFORM_BRANCH_JFD_INDUSTRY'),
		('FACTION_JFD_NATIONALIST',			'REFORM_RIGHT',					'REFORM_BRANCH_JFD_MILITARY'),
		('FACTION_JFD_NATIONALIST',			'REFORM_RIGHT',					'REFORM_BRANCH_JFD_RELIGION'),
		('FACTION_JFD_POPULARIST',			'REFORM_LEFT',					'REFORM_BRANCH_JFD_GOVERNMENT'),
		('FACTION_JFD_POPULARIST',			'REFORM_LEFT',					'REFORM_BRANCH_JFD_LEGAL'),
		('FACTION_JFD_POPULARIST',			'REFORM_LEFT',					'REFORM_BRANCH_JFD_CULTURE'),
		('FACTION_JFD_POPULARIST',			'REFORM_LEFT',					'REFORM_BRANCH_JFD_ECONOMY'),
		('FACTION_JFD_POPULARIST',			'REFORM_LEFT',					'REFORM_BRANCH_JFD_FOREIGN'),
		('FACTION_JFD_POPULARIST',			'REFORM_LEFT',					'REFORM_BRANCH_JFD_INDUSTRY'),
		('FACTION_JFD_POPULARIST',			'REFORM_LEFT',					'REFORM_BRANCH_JFD_MILITARY'),
		('FACTION_JFD_POPULARIST',			'REFORM_LEFT',					'REFORM_BRANCH_JFD_RELIGION');

--Dictatorship
INSERT INTO JFD_Politics_FavouredReforms	
		(PoliticsType,						ReformAlignment,				ReformBranchType)
VALUES	('ASSEMBLY_JFD_COMMUNIST',			'REFORM_RIGHT',					'REFORM_BRANCH_JFD_ECONOMY'),
		('ASSEMBLY_JFD_COMMUNIST',			'REFORM_RIGHT',					'REFORM_BRANCH_JFD_INDUSTRY'),
		('ASSEMBLY_JFD_FASCIST',			'REFORM_RIGHT',					'REFORM_BRANCH_JFD_GOVERNMENT'),
		('ASSEMBLY_JFD_FASCIST',			'REFORM_RIGHT',					'REFORM_BRANCH_JFD_MILITARY'),
		('ASSEMBLY_JFD_LIBERTARIAN',		'REFORM_LEFT',					'REFORM_BRANCH_JFD_CULTURE'),
		('ASSEMBLY_JFD_LIBERTARIAN',		'REFORM_LEFT',					'REFORM_BRANCH_JFD_LEGAL');

INSERT INTO JFD_Politics_FavouredReforms	
		(PoliticsType,						ReformAlignment,				ReformBranchType)
VALUES	('ASSEMBLY_JFD_MILITARY',			'REFORM_RIGHT',					'REFORM_BRANCH_JFD_GOVERNMENT'),
		('ASSEMBLY_JFD_MILITARY',			'REFORM_RIGHT',					'REFORM_BRANCH_JFD_FOREIGN'),
		('ASSEMBLY_JFD_MILITARY',			'REFORM_RIGHT',					'REFORM_BRANCH_JFD_MILITARY');

--HRE
INSERT INTO JFD_Politics_FavouredReforms	
		(PoliticsType,						MinorCivTraitType,				ReformAlignment,				ReformBranchType)
VALUES	('ELECTOR_JFD_ELECTOR',				'MINOR_TRAIT_CULTURED',			NULL,							'REFORM_BRANCH_JFD_CULTURE'),
		('ELECTOR_JFD_ELECTOR',				'MINOR_TRAIT_CULTURED',			'REFORM_LEFT',					'REFORM_BRANCH_JFD_LEGAL'),
		('ELECTOR_JFD_ELECTOR',				'MINOR_TRAIT_MARITIME',			NULL,							'REFORM_BRANCH_JFD_INDUSTRY'),
		('ELECTOR_JFD_ELECTOR',				'MINOR_TRAIT_MERCANTILE',		NULL,							'REFORM_BRANCH_JFD_ECONOMY'),
		('ELECTOR_JFD_ELECTOR',				'MINOR_TRAIT_MERCANTILE',		'REFORM_LEFT',					'REFORM_BRANCH_JFD_FOREIGN'),
		('ELECTOR_JFD_ELECTOR',				'MINOR_TRAIT_MILITARISTIC',		NULL,							'REFORM_BRANCH_JFD_MILITARY'),
		('ELECTOR_JFD_ELECTOR',				'MINOR_TRAIT_MILITARISTIC',		'REFORM_RIGHT',					'REFORM_BRANCH_JFD_FOREIGN'),
		('ELECTOR_JFD_ELECTOR',				'MINOR_TRAIT_RELIGIOUS',		NULL,							'REFORM_BRANCH_JFD_RELIGION'),
		('ELECTOR_JFD_ELECTOR',				'MINOR_TRAIT_RELIGIOUS',		'REFORM_RIGHT',					'REFORM_BRANCH_JFD_LEGAL');
------------------------------------------------------------
-- JFD_Politics_OpposedReforms
------------------------------------------------------------
--Monarchy
INSERT INTO JFD_Politics_OpposedReforms	
		(PoliticsType,						ReformAlignment,				ReformBranchType)
VALUES	('PARTY_JFD_BURGHERS',				'REFORM_LEFT',					'REFORM_BRANCH_JFD_INDUSTRY'),
		('PARTY_JFD_BURGHERS',				'REFORM_RIGHT',					'REFORM_BRANCH_JFD_ECONOMY'),
		('PARTY_JFD_CLERGY',				'REFORM_LEFT',					'REFORM_BRANCH_JFD_CULTURE'),
		('PARTY_JFD_CLERGY',				'REFORM_RIGHT',					'REFORM_BRANCH_JFD_RELIGION'),
		('PARTY_JFD_NOBILITY',				'REFORM_LEFT',					'REFORM_BRANCH_JFD_GOVERNMENT'),
		('PARTY_JFD_NOBILITY',				'REFORM_RIGHT',					'REFORM_BRANCH_JFD_MILITARY'),
		('PARTY_JFD_REVOLUTIONARY',			NULL,							'REFORM_BRANCH_JFD_GOVERNMENT'),
		('PARTY_JFD_REVOLUTIONARY',			NULL,							'REFORM_BRANCH_JFD_LEGAL'),
		('PARTY_JFD_REVOLUTIONARY',			NULL,							'REFORM_BRANCH_JFD_CULTURE'),
		('PARTY_JFD_REVOLUTIONARY',			NULL,							'REFORM_BRANCH_JFD_ECONOMY'),
		('PARTY_JFD_REVOLUTIONARY',			NULL,							'REFORM_BRANCH_JFD_FOREIGN'),
		('PARTY_JFD_REVOLUTIONARY',			NULL,							'REFORM_BRANCH_JFD_INDUSTRY'),
		('PARTY_JFD_REVOLUTIONARY',			NULL,							'REFORM_BRANCH_JFD_MILITARY'),
		('PARTY_JFD_REVOLUTIONARY',			NULL,							'REFORM_BRANCH_JFD_RELIGION');

INSERT INTO JFD_Politics_OpposedReforms
		(PoliticsType,						ReformAlignment,				ReformBranchType)
VALUES	('PARTY_JFD_COMMUNIST',				'REFORM_LEFT',					'REFORM_BRANCH_JFD_ECONOMY'),
		('PARTY_JFD_COMMUNIST',				'REFORM_LEFT',					'REFORM_BRANCH_JFD_INDUSTRY'),
		('PARTY_JFD_COMMUNIST',				'REFORM_LEFT',					'REFORM_BRANCH_JFD_GOVERNMENT'),
		('PARTY_JFD_COMMUNIST',				'REFORM_RIGHT',					'REFORM_BRANCH_JFD_LEGAL'),
		('PARTY_JFD_CONSERVATIVE',			'REFORM_LEFT',					'REFORM_BRANCH_JFD_CULTURE'),
		('PARTY_JFD_CONSERVATIVE',			'REFORM_RIGHT',					'REFORM_BRANCH_JFD_INDUSTRY'),
		('PARTY_JFD_CONSERVATIVE',			'REFORM_LEFT',					'REFORM_BRANCH_JFD_RELIGION'),
		('PARTY_JFD_FASCIST',				'REFORM_LEFT',					'REFORM_BRANCH_JFD_CULTURE'),
		('PARTY_JFD_FASCIST',				'REFORM_RIGHT',					'REFORM_BRANCH_JFD_INDUSTRY'),
		('PARTY_JFD_FASCIST',				'REFORM_LEFT',					'REFORM_BRANCH_JFD_MILITARY'),
		('PARTY_JFD_FASCIST',				'REFORM_LEFT',					'REFORM_BRANCH_JFD_RELIGION'),
		('PARTY_JFD_LIBERAL',				'REFORM_RIGHT',					'REFORM_BRANCH_JFD_CULTURE'),
		('PARTY_JFD_LIBERAL',				'REFORM_RIGHT',					'REFORM_BRANCH_JFD_ECONOMY'),
		('PARTY_JFD_LIBERAL',				'REFORM_RIGHT',					'REFORM_BRANCH_JFD_RELIGION'),
		('PARTY_JFD_LIBERTARIAN',			'REFORM_RIGHT',					'REFORM_BRANCH_JFD_CULTURE'),
		('PARTY_JFD_LIBERTARIAN',			'REFORM_RIGHT',					'REFORM_BRANCH_JFD_ECONOMY'),
		('PARTY_JFD_LIBERTARIAN',			'REFORM_RIGHT',					'REFORM_BRANCH_JFD_LEGAL'),
		('PARTY_JFD_LIBERTARIAN',			'REFORM_RIGHT',					'REFORM_BRANCH_JFD_RELIGION'),
		('PARTY_JFD_SOCIALIST',				'REFORM_LEFT',					'REFORM_BRANCH_JFD_ECONOMY'),
		('PARTY_JFD_SOCIALIST',				'REFORM_LEFT',					'REFORM_BRANCH_JFD_INDUSTRY'),
		('PARTY_JFD_SOCIALIST',				'REFORM_RIGHT',					'REFORM_BRANCH_JFD_LEGAL');
			
--Republic
INSERT INTO JFD_Politics_OpposedReforms	
		(PoliticsType,						ReformAlignment,				ReformBranchType)
VALUES	('FACTION_JFD_CIVIC',				NULL,							'REFORM_BRANCH_JFD_RELIGION'),
		('FACTION_JFD_FANATICAL',			NULL,							'REFORM_BRANCH_JFD_CULTURE'),
		('FACTION_JFD_FANATICAL',			NULL,							'REFORM_BRANCH_JFD_LEGAL'),
		('FACTION_JFD_INDUSTRIALIST',		NULL,							'REFORM_BRANCH_JFD_ECONOMY'),
		('FACTION_JFD_RADICAL',				NULL,							'REFORM_BRANCH_JFD_RELIGION'),
		('FACTION_JFD_RADICAL',				NULL,							'REFORM_BRANCH_JFD_ECONOMY'),
		('FACTION_JFD_MERCANTILE',			NULL,							'REFORM_BRANCH_JFD_INDUSTRY'),
		('FACTION_JFD_MILITARY',			NULL,							'REFORM_BRANCH_JFD_CULTURE'),
		('FACTION_JFD_PROGRESSIVE',			NULL,							'REFORM_BRANCH_JFD_INDUSTRY'),
		('FACTION_JFD_PROGRESSIVE',			NULL,							'REFORM_BRANCH_JFD_MILITARY'),
		('FACTION_JFD_POPULIST',			NULL,							'REFORM_BRANCH_JFD_MILITARY'),
		('FACTION_JFD_RELIGIOUS',			NULL,							'REFORM_BRANCH_JFD_LEGAL');

INSERT INTO JFD_Politics_OpposedReforms
		(PoliticsType,						ReformAlignment,				ReformBranchType)
VALUES	('FACTION_JFD_NATIONALIST',			'REFORM_LEFT',					'REFORM_BRANCH_JFD_GOVERNMENT'),
		('FACTION_JFD_NATIONALIST',			'REFORM_LEFT',					'REFORM_BRANCH_JFD_LEGAL'),
		('FACTION_JFD_NATIONALIST',			'REFORM_LEFT',					'REFORM_BRANCH_JFD_CULTURE'),
		('FACTION_JFD_NATIONALIST',			'REFORM_LEFT',					'REFORM_BRANCH_JFD_ECONOMY'),
		('FACTION_JFD_NATIONALIST',			'REFORM_LEFT',					'REFORM_BRANCH_JFD_FOREIGN'),
		('FACTION_JFD_NATIONALIST',			'REFORM_LEFT',					'REFORM_BRANCH_JFD_INDUSTRY'),
		('FACTION_JFD_NATIONALIST',			'REFORM_LEFT',					'REFORM_BRANCH_JFD_MILITARY'),
		('FACTION_JFD_NATIONALIST',			'REFORM_LEFT',					'REFORM_BRANCH_JFD_RELIGION'),
		('FACTION_JFD_POPULARIST',			'REFORM_RIGHT',					'REFORM_BRANCH_JFD_GOVERNMENT'),
		('FACTION_JFD_POPULARIST',			'REFORM_RIGHT',					'REFORM_BRANCH_JFD_LEGAL'),
		('FACTION_JFD_POPULARIST',			'REFORM_RIGHT',					'REFORM_BRANCH_JFD_CULTURE'),
		('FACTION_JFD_POPULARIST',			'REFORM_RIGHT',					'REFORM_BRANCH_JFD_ECONOMY'),
		('FACTION_JFD_POPULARIST',			'REFORM_RIGHT',					'REFORM_BRANCH_JFD_FOREIGN'),
		('FACTION_JFD_POPULARIST',			'REFORM_RIGHT',					'REFORM_BRANCH_JFD_INDUSTRY'),
		('FACTION_JFD_POPULARIST',			'REFORM_RIGHT',					'REFORM_BRANCH_JFD_MILITARY'),
		('FACTION_JFD_POPULARIST',			'REFORM_RIGHT',					'REFORM_BRANCH_JFD_RELIGION'),
		('FACTION_JFD_REVOLUTIONARY',		NULL,							'REFORM_BRANCH_JFD_GOVERNMENT'),
		('FACTION_JFD_REVOLUTIONARY',		NULL,							'REFORM_BRANCH_JFD_LEGAL'),
		('FACTION_JFD_REVOLUTIONARY',		NULL,							'REFORM_BRANCH_JFD_CULTURE'),
		('FACTION_JFD_REVOLUTIONARY',		NULL,							'REFORM_BRANCH_JFD_ECONOMY'),
		('FACTION_JFD_REVOLUTIONARY',		NULL,							'REFORM_BRANCH_JFD_FOREIGN'),
		('FACTION_JFD_REVOLUTIONARY',		NULL,							'REFORM_BRANCH_JFD_INDUSTRY'),
		('FACTION_JFD_REVOLUTIONARY',		NULL,							'REFORM_BRANCH_JFD_MILITARY'),
		('FACTION_JFD_REVOLUTIONARY',		NULL,							'REFORM_BRANCH_JFD_RELIGION');

--Theocracy
INSERT INTO JFD_Politics_OpposedReforms	
		(PoliticsType,						ReformAlignment,				ReformBranchType)
VALUES	('CLERGY_JFD_REVOLUTIONARY',		NULL,							'REFORM_BRANCH_JFD_GOVERNMENT'),
		('CLERGY_JFD_REVOLUTIONARY',		NULL,							'REFORM_BRANCH_JFD_LEGAL'),
		('CLERGY_JFD_REVOLUTIONARY',		NULL,							'REFORM_BRANCH_JFD_CULTURE'),
		('CLERGY_JFD_REVOLUTIONARY',		NULL,							'REFORM_BRANCH_JFD_ECONOMY'),
		('CLERGY_JFD_REVOLUTIONARY',		NULL,							'REFORM_BRANCH_JFD_FOREIGN'),
		('CLERGY_JFD_REVOLUTIONARY',		NULL,							'REFORM_BRANCH_JFD_INDUSTRY'),
		('CLERGY_JFD_REVOLUTIONARY',		NULL,							'REFORM_BRANCH_JFD_MILITARY'),
		('CLERGY_JFD_REVOLUTIONARY',		NULL,							'REFORM_BRANCH_JFD_RELIGION');

--HRE
INSERT INTO JFD_Politics_OpposedReforms	
		(PoliticsType,						MinorCivTraitType,				ReformAlignment,				ReformBranchType)
VALUES	('ELECTOR_JFD_ELECTOR',				'MINOR_TRAIT_CULTURED',			NULL,							'REFORM_BRANCH_JFD_ECONOMY'),
		('ELECTOR_JFD_ELECTOR',				'MINOR_TRAIT_CULTURED',			'REFORM_RIGHT',					'REFORM_BRANCH_JFD_LEGAL'),
		('ELECTOR_JFD_ELECTOR',				'MINOR_TRAIT_MARITIME',			NULL,							'REFORM_BRANCH_JFD_MILITARY'),
		('ELECTOR_JFD_ELECTOR',				'MINOR_TRAIT_MERCANTILE',		NULL,							'REFORM_BRANCH_JFD_RELIGION'),
		('ELECTOR_JFD_ELECTOR',				'MINOR_TRAIT_MERCANTILE',		'REFORM_RIGHT',					'REFORM_BRANCH_JFD_FOREIGN'),
		('ELECTOR_JFD_ELECTOR',				'MINOR_TRAIT_MILITARISTIC',		NULL,							'REFORM_BRANCH_JFD_CULTURE'),
		('ELECTOR_JFD_ELECTOR',				'MINOR_TRAIT_MILITARISTIC',		'REFORM_LEFT',					'REFORM_BRANCH_JFD_FOREIGN'),
		('ELECTOR_JFD_ELECTOR',				'MINOR_TRAIT_RELIGIOUS',		NULL,							'REFORM_BRANCH_JFD_INDUSTRY'),
		('ELECTOR_JFD_ELECTOR',				'MINOR_TRAIT_RELIGIOUS',		'REFORM_LEFT',					'REFORM_BRANCH_JFD_LEGAL'),
		('ELECTOR_JFD_REVOLUTIONARY',		NULL,							NULL,							'REFORM_BRANCH_JFD_GOVERNMENT'),
		('ELECTOR_JFD_REVOLUTIONARY',		NULL,							NULL,							'REFORM_BRANCH_JFD_LEGAL'),
		('ELECTOR_JFD_REVOLUTIONARY',		NULL,							NULL,							'REFORM_BRANCH_JFD_CULTURE'),
		('ELECTOR_JFD_REVOLUTIONARY',		NULL,							NULL,							'REFORM_BRANCH_JFD_ECONOMY'),
		('ELECTOR_JFD_REVOLUTIONARY',		NULL,							NULL,							'REFORM_BRANCH_JFD_FOREIGN'),
		('ELECTOR_JFD_REVOLUTIONARY',		NULL,							NULL,							'REFORM_BRANCH_JFD_INDUSTRY'),
		('ELECTOR_JFD_REVOLUTIONARY',		NULL,							NULL,							'REFORM_BRANCH_JFD_MILITARY'),
		('ELECTOR_JFD_REVOLUTIONARY',		NULL,							NULL,							'REFORM_BRANCH_JFD_RELIGION');
--==========================================================================================================================
-- PRIVY COUNCILLORS
--==========================================================================================================================
-- JFD_PrivyCouncillors
------------------------------------------------------------
INSERT INTO JFD_PrivyCouncillors
		(Type,								Description,									HelpFilled,											HelpVacant)
VALUES	('COUNCILLOR_JFD_CHANCELLOR',		'TXT_KEY_COUNCILLOR_JFD_CHANCELLOR_DESC',		'TXT_KEY_COUNCILLOR_JFD_CHANCELLOR_HELP_FILLED',	'TXT_KEY_COUNCILLOR_JFD_CHANCELLOR_HELP_VACANT'),
		('COUNCILLOR_JFD_CHAPLAIN',			'TXT_KEY_COUNCILLOR_JFD_CHAPLAIN_DESC',			'TXT_KEY_COUNCILLOR_JFD_CHAPLAIN_HELP_FILLED',		'TXT_KEY_COUNCILLOR_JFD_CHAPLAIN_HELP_VACANT'),
		('COUNCILLOR_JFD_HERALD',			'TXT_KEY_COUNCILLOR_JFD_HERALD_DESC',			'TXT_KEY_COUNCILLOR_JFD_HERALD_HELP_FILLED',		'TXT_KEY_COUNCILLOR_JFD_HERALD_HELP_VACANT'),
		('COUNCILLOR_JFD_MARSHAL',			'TXT_KEY_COUNCILLOR_JFD_MARSHAL_DESC',			'TXT_KEY_COUNCILLOR_JFD_MARSHAL_HELP_FILLED',		'TXT_KEY_COUNCILLOR_JFD_MARSHAL_HELP_VACANT'),
		('COUNCILLOR_JFD_STEWARD',			'TXT_KEY_COUNCILLOR_JFD_STEWARD_DESC',			'TXT_KEY_COUNCILLOR_JFD_STEWARD_HELP_FILLED',		'TXT_KEY_COUNCILLOR_JFD_STEWARD_HELP_VACANT');
------------------------------------------------------------
-- JFD_PrivyCouncillor_GreatPeople
------------------------------------------------------------	
INSERT INTO JFD_PrivyCouncillor_GreatPeople
		(PrivyCouncillorType,				Help,											UnitClassType,										PolicyType)
VALUES	('COUNCILLOR_JFD_CHAPLAIN',			'TXT_KEY_COUNCILLOR_GREAT_DOCTOR_HELP',			'UNITCLASS_JFD_GREAT_DOCTOR',						'POLICY_JFD_GREAT_DOCTOR'),
		('COUNCILLOR_JFD_CHAPLAIN',			'TXT_KEY_COUNCILLOR_GREAT_PROPHET_HELP',		'UNITCLASS_PROPHET',								'POLICY_JFD_GREAT_PROPHET'),
		('COUNCILLOR_JFD_CHANCELLOR',		'TXT_KEY_COUNCILLOR_GREAT_ENGINEER_HELP',		'UNITCLASS_ENGINEER',								'POLICY_JFD_GREAT_ENGINEER'),
		('COUNCILLOR_JFD_CHANCELLOR',		'TXT_KEY_COUNCILLOR_GREAT_MAGISTRATE_HELP',		'UNITCLASS_JFD_GREAT_MAGISTRATE',					'POLICY_JFD_GREAT_MAGISTRATE'),
		('COUNCILLOR_JFD_HERALD',			'TXT_KEY_COUNCILLOR_GREAT_ARTIST_HELP',			'UNITCLASS_ARTIST',									'POLICY_JFD_GREAT_ARTIST'),
		('COUNCILLOR_JFD_HERALD',			'TXT_KEY_COUNCILLOR_GREAT_MUSICIAN_HELP',		'UNITCLASS_MUSICIAN',								'POLICY_JFD_GREAT_MUSICIAN'),
		('COUNCILLOR_JFD_HERALD',			'TXT_KEY_COUNCILLOR_GREAT_WRITER_HELP',			'UNITCLASS_WRITER',									'POLICY_JFD_GREAT_WRITER'),
		('COUNCILLOR_JFD_HERALD',			'TXT_KEY_COUNCILLOR_GREAT_DIGNITARY_HELP',		'UNITCLASS_JFD_GREAT_DIGNITARY',					'POLICY_JFD_GREAT_DIGNITARY'),
		('COUNCILLOR_JFD_MARSHAL',			'TXT_KEY_COUNCILLOR_GREAT_ADMIRAL_HELP',		'UNITCLASS_GREAT_ADMIRAL',							'POLICY_JFD_GREAT_ADMIRAL'),
		('COUNCILLOR_JFD_MARSHAL',			'TXT_KEY_COUNCILLOR_GREAT_GENERAL_HELP',		'UNITCLASS_GREAT_GENERAL',							'POLICY_JFD_GREAT_GENERAL'),
		('COUNCILLOR_JFD_STEWARD',			'TXT_KEY_COUNCILLOR_GREAT_MERCHANT_HELP',		'UNITCLASS_MERCHANT',								'POLICY_JFD_GREAT_MERCHANT'),
		('COUNCILLOR_JFD_STEWARD',			'TXT_KEY_COUNCILLOR_GREAT_SCIENTIST_HELP',		'UNITCLASS_SCIENTIST',								'POLICY_JFD_GREAT_SCIENTIST');
------------------------------------------------------------
-- Policies
------------------------------------------------------------	
INSERT INTO Policies
		(Type,								ConversionModifier,	HappinessToScience,		MinorFriendshipMinimum,	ThemingBonusMultiplier,	BuildingProductionModifier,	WonderProductionModifier,	Description)
VALUES	('POLICY_JFD_GREAT_ADMIRAL',		0,					0,						0,						0,						0,							0,							'TXT_KEY_UNIT_GREAT_ADMIRAL'),
		('POLICY_JFD_GREAT_ARTIST',			0,					0,						0,						15,						0,							0,							'TXT_KEY_UNIT_GREAT_ARTIST'),
		('POLICY_JFD_GREAT_DIGNITARY',		0,					0,						10,						0,						0,							0,							'TXT_KEY_UNIT_JFD_GREAT_DIGNITARY'),
		('POLICY_JFD_GREAT_DOCTOR',			0,					0,						0,						0,						0,							0,							'TXT_KEY_UNIT_JFD_GREAT_DOCTOR'),
		('POLICY_JFD_GREAT_ENGINEER',		0,					0,						0,						0,						0,							10,							'TXT_KEY_UNIT_GREAT_ENGINEER'),
		('POLICY_JFD_GREAT_GENERAL',		0,					0,						0,						0,						0,							0,							'TXT_KEY_UNIT_GREAT_GENERAL'),
		('POLICY_JFD_GREAT_MAGISTRATE',		0,					0,						0,						0,						10,							0,							'TXT_KEY_UNIT_JFD_GREAT_MAGISTRATE'),
		('POLICY_JFD_GREAT_MERCHANT',		0,					0,						0,						0,						0,							0,							'TXT_KEY_UNIT_GREAT_MERCHANT'),
		('POLICY_JFD_GREAT_MUSICIAN',		0,					0,						0,						15,						0,							0,							'TXT_KEY_UNIT_GREAT_MUSICIAN'),
		('POLICY_JFD_GREAT_PROPHET',		-20,				0,						0,						0,						0,							0,							'TXT_KEY_UNIT_PROPHET'),
		('POLICY_JFD_GREAT_SCIENTIST',		0,					5,						0,						0,						0,							0,							'TXT_KEY_UNIT_GREAT_SCIENTIST'),
		('POLICY_JFD_GREAT_WRITER',			0,					0,						0,						15,						0,							0,							'TXT_KEY_UNIT_GREAT_WRITER');
-----------------------------------------------------------
-- Policy_JFD_PlagueMods
------------------------------------------------------------	
INSERT INTO Policy_JFD_PlagueMods
		(PolicyType,						PlagueMod)
VALUES	('POLICY_JFD_GREAT_DOCTOR',			20);
-----------------------------------------------------------
-- Policy_HurryModifiers
------------------------------------------------------------	
INSERT INTO Policy_HurryModifiers
		(PolicyType,						HurryType,			HurryCostModifier)
VALUES	('POLICY_JFD_GREAT_MERCHANT',		'HURRY_GOLD',		-10);
-----------------------------------------------------------
-- Policy_UnitCombatProductionModifiers
------------------------------------------------------------	
INSERT INTO Policy_UnitCombatProductionModifiers
		(PolicyType,						ProductionModifier,	UnitCombatType)
SELECT	'POLICY_JFD_GREAT_ADMIRAL',			10,					Type
FROM UnitCombatInfos WHERE Type IN ('UNITCOMBAT_NAVALMELEE', 'UNITCOMBAT_NAVALRANGED', 'UNITCOMBAT_SUBMARINE', 'UNITCOMBAT_CARRIER');

INSERT INTO Policy_UnitCombatProductionModifiers
		(PolicyType,						ProductionModifier,	UnitCombatType)
SELECT	'POLICY_JFD_GREAT_GENERAL',			10,					Type
FROM UnitCombatInfos WHERE Type IN ('UNITCOMBAT_MELEE', 'UNITCOMBAT_GUN', 'UNITCOMBAT_ARMOR', 'UNITCOMBAT_ARCHER', 'UNITCOMBAT_SIEGE', 'UNITCOMBAT_RECON', 'UNITCOMBAT_MOUNTED');
-----------------------------------------------------------
-- JFD_PrivyCouncillor_UniqueNames
------------------------------------------------------------		
INSERT INTO JFD_PrivyCouncillor_UniqueNames
		(PrivyCouncillorType,				GovernmentType,					CivilizationType,			CultureType,					ReligionType,				UniqueName)
VALUES	('COUNCILLOR_JFD_CHANCELLOR',		'GOVERNMENT_JFD_REPUBLIC',		NULL,						NULL,							NULL,						'TXT_KEY_COUNCILLOR_JFD_SECRETARY_OF_INTERIOR_DESC'),
		('COUNCILLOR_JFD_CHANCELLOR',		NULL,							'CIVILIZATION_AZTEC',		NULL,							NULL,						'TXT_KEY_COUNCILLOR_JFD_CIHUACOATL_DESC'),
		('COUNCILLOR_JFD_CHANCELLOR',		NULL,							'CIVILIZATION_ENGLAND',		NULL,							NULL,						'TXT_KEY_COUNCILLOR_JFD_LORD_HIGH_CHANCELLOR_DESC'),
		('COUNCILLOR_JFD_CHANCELLOR',		NULL,							'CIVILIZATION_ETHIOPIA',	NULL,							NULL,						'TXT_KEY_COUNCILLOR_JFD_ENDERASE_DESC'),
		('COUNCILLOR_JFD_CHANCELLOR',		NULL,							NULL,						'CULTURE_JFD_ABORIGINAL',		NULL,						'TXT_KEY_COUNCILLOR_JFD_ELDER_DESC'),
		('COUNCILLOR_JFD_CHANCELLOR',		NULL,							NULL,						'CULTURE_JFD_ANDEAN',			NULL,						'TXT_KEY_COUNCILLOR_JFD_ELDER_DESC'),
		('COUNCILLOR_JFD_CHANCELLOR',		NULL,							NULL,						'CULTURE_JFD_BANTU',			NULL,						'TXT_KEY_COUNCILLOR_JFD_ELDER_DESC'),
		('COUNCILLOR_JFD_CHANCELLOR',		NULL,							NULL,						'CULTURE_JFD_BHARATA',			NULL,						'TXT_KEY_COUNCILLOR_JFD_ELDER_DESC'),
		('COUNCILLOR_JFD_CHANCELLOR',		NULL,							'CIVILIZATION_BYZANTIUM',	'CULTURE_JFD_CLASSICAL',		NULL,						'TXT_KEY_COUNCILLOR_JFD_MAGISTROS_DESC'),
		('COUNCILLOR_JFD_CHANCELLOR',		NULL,							'CIVILIZATION_ROME',		NULL,							NULL,						'TXT_KEY_COUNCILLOR_JFD_PRAETOR_DESC'),
		('COUNCILLOR_JFD_CHANCELLOR',		NULL,							'CIVILIZATION_EGYPT',		NULL,							NULL,						'TXT_KEY_COUNCILLOR_JFD_VIZIER_DESC'),
		('COUNCILLOR_JFD_CHANCELLOR',		NULL,							'CIVILIZATION_OTTOMAN',		NULL,							NULL,						'TXT_KEY_COUNCILLOR_JFD_VIZIER_DESC'),
		('COUNCILLOR_JFD_CHANCELLOR',		NULL,							NULL,						'CULTURE_JFD_GREAT_PLAINS',		NULL,						'TXT_KEY_COUNCILLOR_JFD_ELDER_DESC'),
		('COUNCILLOR_JFD_CHANCELLOR',		NULL,							NULL,						'CULTURE_JFD_HIMALAYAN',		NULL,						'TXT_KEY_COUNCILLOR_JFD_ELDER_DESC'),
		('COUNCILLOR_JFD_CHANCELLOR',		NULL,							'CIVILIZATION_OTTOMAN',		'CULTURE_JFD_IRANIAN',			NULL,						'TXT_KEY_COUNCILLOR_JFD_VUZURG_DESC'),
		('COUNCILLOR_JFD_CHANCELLOR',		NULL,							'CIVILIZATION_OTTOMAN',		'CULTURE_JFD_ISLAMIC',			NULL,						'TXT_KEY_COUNCILLOR_JFD_AL_DAWLA_DESC'),
		('COUNCILLOR_JFD_CHANCELLOR',		NULL,							NULL,						'CULTURE_JFD_KATUJE',			NULL,						'TXT_KEY_COUNCILLOR_JFD_ELDER_DESC'),
		('COUNCILLOR_JFD_CHANCELLOR',		NULL,							NULL,						'CULTURE_JFD_MESOAMERICAN',		NULL,						'TXT_KEY_COUNCILLOR_JFD_ELDER_DESC'),
		('COUNCILLOR_JFD_CHANCELLOR',		NULL,							NULL,						'CULTURE_JFD_MESOPOTAMIC',		NULL,						'TXT_KEY_COUNCILLOR_JFD_VIZIER_DESC'),
		('COUNCILLOR_JFD_CHANCELLOR',		NULL,							NULL,						'CULTURE_JFD_OCEANIC',			NULL,						'TXT_KEY_COUNCILLOR_JFD_ELDER_DESC'),
		('COUNCILLOR_JFD_CHANCELLOR',		NULL,							NULL,						'CULTURE_JFD_PACIFIC',			NULL,						'TXT_KEY_COUNCILLOR_JFD_ELDER_DESC'),
		('COUNCILLOR_JFD_CHANCELLOR',		NULL,							NULL,						'CULTURE_JFD_POLAR',			NULL,						'TXT_KEY_COUNCILLOR_JFD_ELDER_DESC'),
		('COUNCILLOR_JFD_CHANCELLOR',		NULL,							NULL,						'CULTURE_JFD_SEMITIC',			NULL,						'TXT_KEY_COUNCILLOR_JFD_ELDER_DESC'),
		('COUNCILLOR_JFD_CHANCELLOR',		NULL,							NULL,						'CULTURE_JFD_STEPPE',			NULL,						'TXT_KEY_COUNCILLOR_JFD_ELDER_DESC'),
		('COUNCILLOR_JFD_CHANCELLOR',		NULL,							NULL,						'CULTURE_JFD_WOODLANDS',		NULL,						'TXT_KEY_COUNCILLOR_JFD_ELDER_DESC'),
		('COUNCILLOR_JFD_CHAPLAIN',			'GOVERNMENT_JFD_REPUBLIC',		NULL,						NULL,							NULL,						'TXT_KEY_COUNCILLOR_JFD_SECRETARY_OF_FAITH_DESC'),
		('COUNCILLOR_JFD_CHAPLAIN',			NULL,							'CIVILIZATION_FRANCE',		NULL,							NULL,						'TXT_KEY_COUNCILLOR_JFD_GRAND_ALMONER_DESC'),
		('COUNCILLOR_JFD_CHAPLAIN',			NULL,							'CIVILIZATION_ETHIOPIA',	NULL,							NULL,						'TXT_KEY_COUNCILLOR_JFD_ENDERASE_DESC'),
		('COUNCILLOR_JFD_CHAPLAIN',			NULL,							NULL,						'CULTURE_JFD_ABORIGINAL',		NULL,						'TXT_KEY_COUNCILLOR_JFD_SEER_DESC'),
		('COUNCILLOR_JFD_CHAPLAIN',			NULL,							NULL,						'CULTURE_JFD_ANDEAN',			NULL,						'TXT_KEY_COUNCILLOR_JFD_AQABE_DESC'),
		('COUNCILLOR_JFD_CHAPLAIN',			NULL,							NULL,						'CULTURE_JFD_BANTU',			NULL,						'TXT_KEY_COUNCILLOR_JFD_SHAMAN_DESC'),
		('COUNCILLOR_JFD_CHAPLAIN',			NULL,							NULL,						'CULTURE_JFD_BHARATA',			NULL,						'TXT_KEY_COUNCILLOR_JFD_UPADHYAYA_DESC'),
		('COUNCILLOR_JFD_CHAPLAIN',			NULL,							'CIVILIZATION_BYZANTIUM',	'CULTURE_JFD_CLASSICAL',		NULL,						'TXT_KEY_COUNCILLOR_JFD_ARKHERIOS_DESC'),
		('COUNCILLOR_JFD_CHAPLAIN',			NULL,							'CIVILIZATION_ROME',		NULL,							NULL,						'TXT_KEY_COUNCILLOR_JFD_PONTIFF_DESC'),
		('COUNCILLOR_JFD_CHAPLAIN',			NULL,							NULL,						'CULTURE_JFD_EAST_INDIES',		NULL,						'TXT_KEY_COUNCILLOR_JFD_HIGH_PRIEST_DESC'),
		('COUNCILLOR_JFD_CHAPLAIN',			NULL,							NULL,						'CULTURE_JFD_GREAT_PLAINS',		NULL,						'TXT_KEY_COUNCILLOR_JFD_MEDICINE_MAN_DESC'),
		('COUNCILLOR_JFD_CHAPLAIN',			NULL,							NULL,						'CULTURE_JFD_HIMALAYAN',		NULL,						'TXT_KEY_COUNCILLOR_JFD_JE_KHENPO_DESC'),
		('COUNCILLOR_JFD_CHAPLAIN',			NULL,							NULL,						'CULTURE_JFD_IRANIAN',			NULL,						'TXT_KEY_COUNCILLOR_JFD_HIGH_PRIEST_DESC'),
		('COUNCILLOR_JFD_CHAPLAIN',			NULL,							NULL,						'CULTURE_JFD_ISLAMIC',			NULL,						'TXT_KEY_COUNCILLOR_JFD_CHIEF_CLERIC_DESC'),
		('COUNCILLOR_JFD_CHAPLAIN',			NULL,							NULL,						'CULTURE_JFD_KATUJE',			NULL,						'TXT_KEY_COUNCILLOR_JFD_SEER_DESC'),
		('COUNCILLOR_JFD_CHAPLAIN',			NULL,							NULL,						'CULTURE_JFD_MANDALA',			NULL,						'TXT_KEY_COUNCILLOR_JFD_CHIEF_MONK_DESC'),
		('COUNCILLOR_JFD_CHAPLAIN',			NULL,							NULL,						'CULTURE_JFD_MESOAMERICAN',		NULL,						'TXT_KEY_COUNCILLOR_JFD_HIGH_PRIEST_DESC'),
		('COUNCILLOR_JFD_CHAPLAIN',			NULL,							NULL,						'CULTURE_JFD_MESOPOTAMIC',		NULL,						'TXT_KEY_COUNCILLOR_JFD_HIGH_PRIEST_DESC'),
		('COUNCILLOR_JFD_CHAPLAIN',			NULL,							NULL,						'CULTURE_JFD_NORTHERN',			NULL,						'TXT_KEY_COUNCILLOR_JFD_SEER_DESC'),
		('COUNCILLOR_JFD_CHAPLAIN',			NULL,							NULL,						'CULTURE_JFD_OCEANIC',			NULL,						'TXT_KEY_COUNCILLOR_JFD_HIGH_PRIEST_DESC'),
		('COUNCILLOR_JFD_CHAPLAIN',			NULL,							NULL,						'CULTURE_JFD_ORIENTAL',			NULL,						'TXT_KEY_COUNCILLOR_JFD_EUNUCH_CHAMBERLAIN_DESC'),
		('COUNCILLOR_JFD_CHAPLAIN',			NULL,							NULL,						'CULTURE_JFD_PACIFIC',			NULL,						'TXT_KEY_COUNCILLOR_JFD_MEDICINE_MAN_DESC'),
		('COUNCILLOR_JFD_CHAPLAIN',			NULL,							NULL,						'CULTURE_JFD_POLAR',			NULL,						'TXT_KEY_COUNCILLOR_JFD_SEER_DESC'),
		('COUNCILLOR_JFD_CHAPLAIN',			NULL,							NULL,						'CULTURE_JFD_SEMITIC',			NULL,						'TXT_KEY_COUNCILLOR_JFD_HIGH_PRIEST_DESC'),
		('COUNCILLOR_JFD_CHAPLAIN',			NULL,							NULL,						'CULTURE_JFD_STEPPE',			NULL,						'TXT_KEY_COUNCILLOR_JFD_SHAMAN_DESC'),
		('COUNCILLOR_JFD_CHAPLAIN',			NULL,							NULL,						'CULTURE_JFD_WOODLANDS',		NULL,						'TXT_KEY_COUNCILLOR_JFD_MEDICINE_MAN_DESC'),
		('COUNCILLOR_JFD_CHAPLAIN',			NULL,							NULL,						NULL,							'RELIGION_BUDDHISM',		'TXT_KEY_COUNCILLOR_JFD_SAGE_DESC'),
		('COUNCILLOR_JFD_CHAPLAIN',			NULL,							NULL,						NULL,							'RELIGION_JUDAISM',			'TXT_KEY_COUNCILLOR_JFD_RABBI_DESC'),
		('COUNCILLOR_JFD_CHAPLAIN',			NULL,							NULL,						NULL,							'RELIGION_HINDUISM',		'TXT_KEY_COUNCILLOR_JFD_RISHI_DESC'),
		('COUNCILLOR_JFD_CHAPLAIN',			NULL,							NULL,						NULL,							'RELIGION_ISLAM',			'TXT_KEY_COUNCILLOR_JFD_ALLAMAH_DESC'),
		('COUNCILLOR_JFD_CHAPLAIN',			NULL,							NULL,						NULL,							'RELIGION_SHINTO',			'TXT_KEY_COUNCILLOR_JFD_GUJI_DESC'),
		('COUNCILLOR_JFD_CHAPLAIN',			NULL,							NULL,						NULL,							'RELIGION_SIKHISM',			'TXT_KEY_COUNCILLOR_JFD_GURU_DESC'),
		('COUNCILLOR_JFD_CHAPLAIN',			NULL,							NULL,						NULL,							'RELIGION_ORTHODOXY',		'TXT_KEY_COUNCILLOR_JFD_ECCLESIARCH_DESC'),
		('COUNCILLOR_JFD_CHAPLAIN',			NULL,							NULL,						NULL,							'RELIGION_TENGRIISM',		'TXT_KEY_COUNCILLOR_JFD_SHAMAN_DESC'),
		('COUNCILLOR_JFD_CHAPLAIN',			NULL,							NULL,						NULL,							'RELIGION_ZOROASTRIANISM',	'TXT_KEY_COUNCILLOR_JFD_MOBAD_DESC'),
		('COUNCILLOR_JFD_HERALD',			'GOVERNMENT_JFD_REPUBLIC',		NULL,						NULL,							NULL,						'TXT_KEY_COUNCILLOR_JFD_SECRETARY_OF_STATE_DESC'),
		('COUNCILLOR_JFD_MARSHAL',			'GOVERNMENT_JFD_REPUBLIC',		NULL,						NULL,							NULL,						'TXT_KEY_COUNCILLOR_JFD_SECRETARY_OF_WAR_DESC'),
		('COUNCILLOR_JFD_MARSHAL',			NULL,							'CIVILIZATION_AZTEC',		NULL,							NULL,						'TXT_KEY_COUNCILLOR_JFD_TLACATECCLATL_DESC'),
		('COUNCILLOR_JFD_MARSHAL',			NULL,							'CIVILIZATION_FRANCE',		NULL,							NULL,						'TXT_KEY_COUNCILLOR_JFD_CONSTABLE_DESC'),
		('COUNCILLOR_JFD_MARSHAL',			NULL,							NULL,						'CULTURE_JFD_ABORIGINAL',		NULL,						'TXT_KEY_COUNCILLOR_JFD_WAR_ELDER_DESC'),
		('COUNCILLOR_JFD_MARSHAL',			NULL,							NULL,						'CULTURE_JFD_ANDEAN',			NULL,						'TXT_KEY_COUNCILLOR_JFD_WAR_ELDER_DESC'),
		('COUNCILLOR_JFD_MARSHAL',			NULL,							NULL,						'CULTURE_JFD_BANTU',			NULL,						'TXT_KEY_COUNCILLOR_JFD_WAR_ELDER_DESC'),
		('COUNCILLOR_JFD_MARSHAL',			NULL,							'CIVILIZATION_BYZANTIUM',	'CULTURE_JFD_CLASSICAL',		NULL,						'TXT_KEY_COUNCILLOR_JFD_PROTOSTRATER_DESC'),
		('COUNCILLOR_JFD_MARSHAL',			NULL,							'CIVILIZATION_ROME',		NULL,							NULL,						'TXT_KEY_COUNCILLOR_JFD_TRIBUNE_DESC'),
		('COUNCILLOR_JFD_MARSHAL',			NULL,							NULL,						'CULTURE_JFD_GREAT_PLAINS',		NULL,						'TXT_KEY_COUNCILLOR_JFD_WAR_ELDER_DESC'),
		('COUNCILLOR_JFD_MARSHAL',			NULL,							NULL,						'CULTURE_JFD_KATUJE',			NULL,						'TXT_KEY_COUNCILLOR_JFD_WAR_ELDER_DESC'),
		('COUNCILLOR_JFD_MARSHAL',			NULL,							NULL,						'CULTURE_JFD_IRANIAN',			NULL,						'TXT_KEY_COUNCILLOR_JFD_SPAHBED_DESC'),
		('COUNCILLOR_JFD_MARSHAL',			NULL,							NULL,						'CULTURE_JFD_MESOAMERICAN',		NULL,						'TXT_KEY_COUNCILLOR_JFD_WAR_ELDER_DESC'),
		('COUNCILLOR_JFD_MARSHAL',			NULL,							NULL,						'CULTURE_JFD_MESOPOTAMIC',		NULL,						'TXT_KEY_COUNCILLOR_JFD_WAR_ELDER_DESC'),
		('COUNCILLOR_JFD_MARSHAL',			NULL,							NULL,						'CULTURE_JFD_OCEANIC',			NULL,						'TXT_KEY_COUNCILLOR_JFD_WAR_ELDER_DESC'),
		('COUNCILLOR_JFD_MARSHAL',			NULL,							NULL,						'CULTURE_JFD_PACIFIC',			NULL,						'TXT_KEY_COUNCILLOR_JFD_WAR_ELDER_DESC'),
		('COUNCILLOR_JFD_MARSHAL',			NULL,							NULL,						'CULTURE_JFD_POLAR',			NULL,						'TXT_KEY_COUNCILLOR_JFD_WAR_ELDER_DESC'),
		('COUNCILLOR_JFD_MARSHAL',			NULL,							NULL,						'CULTURE_JFD_SEMITIC',			NULL,						'TXT_KEY_COUNCILLOR_JFD_WAR_ELDER_DESC'),
		('COUNCILLOR_JFD_MARSHAL',			NULL,							NULL,						'CULTURE_JFD_STEPPE',			NULL,						'TXT_KEY_COUNCILLOR_JFD_WAR_ELDER_DESC'),
		('COUNCILLOR_JFD_MARSHAL',			NULL,							NULL,						'CULTURE_JFD_WOODLANDS',		NULL,						'TXT_KEY_COUNCILLOR_JFD_WAR_ELDER_DESC'),
		('COUNCILLOR_JFD_STEWARD',			'GOVERNMENT_JFD_REPUBLIC',		NULL,						NULL,							NULL,						'TXT_KEY_COUNCILLOR_JFD_SECRETARY_OF_TREASURY_DESC'),
		('COUNCILLOR_JFD_STEWARD',			NULL,							'CIVILIZATION_AZTEC',		NULL,							NULL,						'TXT_KEY_COUNCILLOR_JFD_PETLACALCATL_DESC'),
		('COUNCILLOR_JFD_STEWARD',			NULL,							'CIVILIZATION_FRANCE',		NULL,							NULL,						'TXT_KEY_COUNCILLOR_JFD_GRAND_MASTER_DESC'),
		('COUNCILLOR_JFD_STEWARD',			NULL,							'CIVILIZATION_ENGLAND',		NULL,							NULL,						'TXT_KEY_COUNCILLOR_JFD_EXCHEQUER_DESC'),
		('COUNCILLOR_JFD_STEWARD',			NULL,							'CIVILIZATION_ETHIOPIA',	NULL,							NULL,						'TXT_KEY_COUNCILLOR_JFD_NEGRADAS_DESC'),
		('COUNCILLOR_JFD_STEWARD',			NULL,							NULL,						'CULTURE_JFD_ABORIGINAL',		NULL,						'TXT_KEY_COUNCILLOR_JFD_TREASURER_DESC'),
		('COUNCILLOR_JFD_STEWARD',			NULL,							NULL,						'CULTURE_JFD_ANDEAN',			NULL,						'TXT_KEY_COUNCILLOR_JFD_TREASURER_DESC'),
		('COUNCILLOR_JFD_STEWARD',			NULL,							NULL,						'CULTURE_JFD_BANTU',			NULL,						'TXT_KEY_COUNCILLOR_JFD_TREASURER_DESC'),
		('COUNCILLOR_JFD_STEWARD',			NULL,							NULL,						'CULTURE_JFD_BHARATA',			NULL,						'TXT_KEY_COUNCILLOR_JFD_TREASURER_DESC'),
		('COUNCILLOR_JFD_STEWARD',			NULL,							'CIVILIZATION_BYZANTIUM',	'CULTURE_JFD_CLASSICAL',		NULL,						'TXT_KEY_COUNCILLOR_JFD_GRAND_LOGOTHETE_DESC'),
		('COUNCILLOR_JFD_STEWARD',			NULL,							'CIVILIZATION_ROME',		NULL,							NULL,						'TXT_KEY_COUNCILLOR_JFD_LEGATE_DESC'),
		('COUNCILLOR_JFD_STEWARD',			NULL,							NULL,						'CULTURE_JFD_GREAT_PLAINS',		NULL,						'TXT_KEY_COUNCILLOR_JFD_TREASURER_DESC'),
		('COUNCILLOR_JFD_STEWARD',			NULL,							NULL,						'CULTURE_JFD_IRANIAN',			NULL,						'TXT_KEY_COUNCILLOR_JFD_TREASURER_DESC'),
		('COUNCILLOR_JFD_STEWARD',			NULL,							NULL,						'CULTURE_JFD_ISLAMIC',			NULL,						'TXT_KEY_COUNCILLOR_JFD_TREASURER_DESC'),
		('COUNCILLOR_JFD_STEWARD',			NULL,							NULL,						'CULTURE_JFD_KATUJE',			NULL,						'TXT_KEY_COUNCILLOR_JFD_TREASURER_DESC'),
		('COUNCILLOR_JFD_STEWARD',			NULL,							NULL,						'CULTURE_JFD_MANDALA',			NULL,						'TXT_KEY_COUNCILLOR_JFD_TREASURER_DESC'),
		('COUNCILLOR_JFD_STEWARD',			NULL,							NULL,						'CULTURE_JFD_MESOAMERICAN',		NULL,						'TXT_KEY_COUNCILLOR_JFD_TREASURER_DESC'),
		('COUNCILLOR_JFD_STEWARD',			NULL,							NULL,						'CULTURE_JFD_MESOPOTAMIC',		NULL,						'TXT_KEY_COUNCILLOR_JFD_TREASURER_DESC'),
		('COUNCILLOR_JFD_STEWARD',			NULL,							NULL,						'CULTURE_JFD_OCEANIC',			NULL,						'TXT_KEY_COUNCILLOR_JFD_TREASURER_DESC'),
		('COUNCILLOR_JFD_STEWARD',			NULL,							NULL,						'CULTURE_JFD_ORIENTAL',			NULL,						'TXT_KEY_COUNCILLOR_JFD_GRAND_SECRETARY_DESC'),
		('COUNCILLOR_JFD_STEWARD',			NULL,							NULL,						'CULTURE_JFD_PACIFIC',			NULL,						'TXT_KEY_COUNCILLOR_JFD_TREASURER_DESC'),
		('COUNCILLOR_JFD_STEWARD',			NULL,							NULL,						'CULTURE_JFD_POLAR',			NULL,						'TXT_KEY_COUNCILLOR_JFD_TREASURER_DESC'),
		('COUNCILLOR_JFD_STEWARD',			NULL,							NULL,						'CULTURE_JFD_SAHARAN',			NULL,						'TXT_KEY_COUNCILLOR_JFD_TREASURER_DESC'),
		('COUNCILLOR_JFD_STEWARD',			NULL,							NULL,						'CULTURE_JFD_SEMITIC',			NULL,						'TXT_KEY_COUNCILLOR_JFD_TREASURER_DESC'),
		('COUNCILLOR_JFD_STEWARD',			NULL,							NULL,						'CULTURE_JFD_STEPPE',			NULL,						'TXT_KEY_COUNCILLOR_JFD_TREASURER_DESC'),
		('COUNCILLOR_JFD_STEWARD',			NULL,							NULL,						'CULTURE_JFD_WESTAFRICAN',		NULL,						'TXT_KEY_COUNCILLOR_JFD_TREASURER_DESC'),
		('COUNCILLOR_JFD_STEWARD',			NULL,							NULL,						'CULTURE_JFD_WOODLANDS',		NULL,						'TXT_KEY_COUNCILLOR_JFD_TREASURER_DESC');
--==========================================================================================================================
--==========================================================================================================================