--==========================================================================================================================
-- CIVILIZATIONS
--==========================================================================================================================
-- Civilization_JFD_Titles
--------------------------------------------------------------------------------------------------------------------------
INSERT INTO Civilization_JFD_Titles
		(CivilizationType,							DefaultTitle,														UniqueTitle, 													UseAdjective)
VALUES	('CIVILIZATION_EGYPT',						'TXT_KEY_GOVERNMENT_JFD_THEOCRACY_TITLE_LEADER',					'TXT_KEY_GOVERNMENT_JFD_THEOCRACY_TITLE_LEADER_EGYPT',			0),	
		('CIVILIZATION_INCA',						'TXT_KEY_GOVERNMENT_JFD_THEOCRACY_TITLE_LEADER',					'TXT_KEY_GOVERNMENT_JFD_THEOCRACY_TITLE_LEADER_INCA',			0),	
		('CIVILIZATION_ROME',						'TXT_KEY_GOVERNMENT_JFD_THEOCRACY_TITLE_LEADER',					'TXT_KEY_GOVERNMENT_JFD_THEOCRACY_TITLE_LEADER_ROME',			0);	
--==========================================================================================================================
-- RELIGIONS
--==========================================================================================================================
-- Religion_JFD_Governments
--------------------------------------------------------------------------------------------------------------------------
INSERT INTO Religion_JFD_Governments
		(ReligionType,								LegislatureName,													OfficeTitle,													FactionName)
VALUES	('RELIGION_BUDDHISM',						'TXT_KEY_JFD_LEGISLATURE_NAME_RELIGION_BUDDHISM',					'TXT_KEY_JFD_HEAD_OF_GOVERNMENT_TITLE_SANGHARAJA',				'TXT_KEY_JFD_FACTION_NAME_RELIGION_BUDDHISM'),			
		('RELIGION_CHRISTIANITY',					'TXT_KEY_JFD_LEGISLATURE_NAME_RELIGION_CHRISTIANITY',				'TXT_KEY_JFD_HEAD_OF_GOVERNMENT_TITLE_CARDINAL_SECRETARY',		'TXT_KEY_JFD_FACTION_NAME_RELIGION_CHRISTIANITY'),	
		('RELIGION_CONFUCIANISM',					'TXT_KEY_JFD_LEGISLATURE_NAME_RELIGION_CONFUCIANISM',				'TXT_KEY_JFD_HEAD_OF_GOVERNMENT_TITLE_GRAND_MASTER',			'TXT_KEY_JFD_FACTION_NAME_RELIGION_CONFUCIANISM'),	
		('RELIGION_HERMETICISM',					'TXT_KEY_JFD_LEGISLATURE_NAME_RELIGION_HERMETICISM',				'TXT_KEY_JFD_HEAD_OF_GOVERNMENT_TITLE_MASTER',					'TXT_KEY_JFD_FACTION_NAME_RELIGION_HERMETICISM'),	
		('RELIGION_HINDUISM',						'TXT_KEY_JFD_LEGISLATURE_NAME_RELIGION_HINDUISM',					'TXT_KEY_JFD_HEAD_OF_GOVERNMENT_TITLE_PANDITRAO',				'TXT_KEY_JFD_FACTION_NAME_RELIGION_HINDUISM'),		
		('RELIGION_ISLAM',							'TXT_KEY_JFD_LEGISLATURE_NAME_RELIGION_ISLAM',						'TXT_KEY_JFD_HEAD_OF_GOVERNMENT_TITLE_GRAND_MUFTI',				'TXT_KEY_JFD_FACTION_NAME_RELIGION_ISLAM'),			
		('RELIGION_JUDAISM',						'TXT_KEY_JFD_LEGISLATURE_NAME_RELIGION_JUDAISM',					'TXT_KEY_JFD_HEAD_OF_GOVERNMENT_TITLE_GRAND_RABBI',				'TXT_KEY_JFD_FACTION_NAME_RELIGION_JUDAISM'),		
		('RELIGION_ORTHODOXY',						'TXT_KEY_JFD_LEGISLATURE_NAME_RELIGION_ORTHODOXY',					'TXT_KEY_JFD_HEAD_OF_GOVERNMENT_TITLE_ARCHBISHOP',				'TXT_KEY_JFD_FACTION_NAME_RELIGION_ORTHODOXY'),	
		('RELIGION_PROTESTANTISM',					'TXT_KEY_JFD_LEGISLATURE_NAME_RELIGION_PROTESTANTISM',				'TXT_KEY_JFD_HEAD_OF_GOVERNMENT_TITLE_ARCHBISHOP',				'TXT_KEY_JFD_FACTION_NAME_RELIGION_PROTESTANTISM'),
		('RELIGION_SHINTO',							'TXT_KEY_JFD_LEGISLATURE_NAME_RELIGION_SHINTO',						'TXT_KEY_JFD_HEAD_OF_GOVERNMENT_TITLE_KANNUSHI',				'TXT_KEY_JFD_FACTION_NAME_RELIGION_SHINTO'),			
		('RELIGION_SIKHISM',						'TXT_KEY_JFD_LEGISLATURE_NAME_RELIGION_SIKHISM',					'TXT_KEY_JFD_HEAD_OF_GOVERNMENT_TITLE_GRAND_JATHEDAR',			'TXT_KEY_JFD_FACTION_NAME_RELIGION_SIKHISM'),			
		('RELIGION_TENGRIISM',						'TXT_KEY_JFD_LEGISLATURE_NAME_RELIGION_TENGRIISM',					'TXT_KEY_JFD_HEAD_OF_GOVERNMENT_TITLE_HIGH_SHAMAN',				'TXT_KEY_JFD_FACTION_NAME_RELIGION_TENGRIISM'),		
		('RELIGION_TAOISM',							'TXT_KEY_JFD_LEGISLATURE_NAME_RELIGION_TAOISM',						'TXT_KEY_JFD_HEAD_OF_GOVERNMENT_TITLE_GRAND_MASTER',			'TXT_KEY_JFD_FACTION_NAME_RELIGION_TAOISM'),		
		('RELIGION_ZOROASTRIANISM',					'TXT_KEY_JFD_LEGISLATURE_NAME_RELIGION_ZOROASTRIANISM',				'TXT_KEY_JFD_HEAD_OF_GOVERNMENT_TITLE_GRAND_DASTUR',			'TXT_KEY_JFD_FACTION_NAME_RELIGION_ZOROASTRIANISM'),
		--Historical Religions
		('RELIGION_BOGOMILISM',						'TXT_KEY_JFD_LEGISLATURE_NAME_RELIGION_ORTHODOXY',					'TXT_KEY_JFD_HEAD_OF_GOVERNMENT_TITLE_ARCHBISHOP',				'TXT_KEY_JFD_FACTION_NAME_RELIGION_ORTHODOXY'),	
		('RELIGION_CATHARISM',						'TXT_KEY_JFD_LEGISLATURE_NAME_RELIGION_CHRISTIANITY',				'TXT_KEY_JFD_HEAD_OF_GOVERNMENT_TITLE_CARDINAL_SECRETARY',		'TXT_KEY_JFD_FACTION_NAME_RELIGION_CHRISTIANITY'),	
		('RELIGION_CHRISTIAN_ANGLICANISM',			'TXT_KEY_JFD_LEGISLATURE_NAME_RELIGION_PROTESTANTISM',				'TXT_KEY_JFD_HEAD_OF_GOVERNMENT_TITLE_ARCHBISHOP',				'TXT_KEY_JFD_FACTION_NAME_RELIGION_PROTESTANTISM'),
		('RELIGION_CHRISTIAN_ORIENTAL_ORTHODOX',	'TXT_KEY_JFD_LEGISLATURE_NAME_RELIGION_CHRISTIANITY',				'TXT_KEY_JFD_HEAD_OF_GOVERNMENT_TITLE_CARDINAL_SECRETARY',		'TXT_KEY_JFD_FACTION_NAME_RELIGION_CHRISTIANITY'),	
		('RELIGION_CHALDEANISM',					'TXT_KEY_JFD_LEGISLATURE_NAME_RELIGION_ORTHODOXY',					'TXT_KEY_JFD_HEAD_OF_GOVERNMENT_TITLE_ARCHBISHOP',				'TXT_KEY_JFD_FACTION_NAME_RELIGION_ORTHODOXY'),	
		('RELIGION_HUSSITISM',						'TXT_KEY_JFD_LEGISLATURE_NAME_RELIGION_CHRISTIANITY',				'TXT_KEY_JFD_HEAD_OF_GOVERNMENT_TITLE_CARDINAL_SECRETARY',		'TXT_KEY_JFD_FACTION_NAME_RELIGION_CHRISTIANITY'),	
		('RELIGION_ISLAM_IBADI',					'TXT_KEY_JFD_LEGISLATURE_NAME_RELIGION_ISLAM',						'TXT_KEY_JFD_HEAD_OF_GOVERNMENT_TITLE_GRAND_MUFTI',				'TXT_KEY_JFD_FACTION_NAME_RELIGION_ISLAM'),			
		('RELIGION_ISLAM_SHIA',						'TXT_KEY_JFD_LEGISLATURE_NAME_RELIGION_ISLAM',						'TXT_KEY_JFD_HEAD_OF_GOVERNMENT_TITLE_GRAND_MUFTI',				'TXT_KEY_JFD_FACTION_NAME_RELIGION_ISLAM'),			
		('RELIGION_MAHAYANA',						'TXT_KEY_JFD_LEGISLATURE_NAME_RELIGION_BUDDHISM',					'TXT_KEY_JFD_HEAD_OF_GOVERNMENT_TITLE_SANGHARAJA',				'TXT_KEY_JFD_FACTION_NAME_RELIGION_BUDDHISM'),			
		('RELIGION_MUTAZILA',						'TXT_KEY_JFD_LEGISLATURE_NAME_RELIGION_ISLAM',						'TXT_KEY_JFD_HEAD_OF_GOVERNMENT_TITLE_GRAND_MUFTI',				'TXT_KEY_JFD_FACTION_NAME_RELIGION_ISLAM'),			
		('RELIGION_PROTESTANT_BAPTIST',				'TXT_KEY_JFD_LEGISLATURE_NAME_RELIGION_PROTESTANTISM',				'TXT_KEY_JFD_HEAD_OF_GOVERNMENT_TITLE_ARCHBISHOP',				'TXT_KEY_JFD_FACTION_NAME_RELIGION_PROTESTANTISM'),
		('RELIGION_PROTESTANT_CALVINISM',			'TXT_KEY_JFD_LEGISLATURE_NAME_RELIGION_PROTESTANTISM',				'TXT_KEY_JFD_HEAD_OF_GOVERNMENT_TITLE_ARCHBISHOP',				'TXT_KEY_JFD_FACTION_NAME_RELIGION_PROTESTANTISM'),
		('RELIGION_PROTESTANT_METHODISM',			'TXT_KEY_JFD_LEGISLATURE_NAME_RELIGION_PROTESTANTISM',				'TXT_KEY_JFD_HEAD_OF_GOVERNMENT_TITLE_ARCHBISHOP',				'TXT_KEY_JFD_FACTION_NAME_RELIGION_PROTESTANTISM'),
		('RELIGION_ROMUVA',							'TXT_KEY_JFD_LEGISLATURE_NAME_RELIGION_ROMUVA',						'TXT_KEY_JFD_HEAD_OF_GOVERNMENT_TITLE_KRIWE',					'TXT_KEY_JFD_FACTION_NAME_RELIGION_ROMUVA'),
		('RELIGION_SHAKTI',							'TXT_KEY_JFD_LEGISLATURE_NAME_RELIGION_HINDUISM',					'TXT_KEY_JFD_HEAD_OF_GOVERNMENT_TITLE_PANDITRAO',				'TXT_KEY_JFD_FACTION_NAME_RELIGION_HINDUISM'),		
		('RELIGION_SHIVA',							'TXT_KEY_JFD_LEGISLATURE_NAME_RELIGION_HINDUISM',					'TXT_KEY_JFD_HEAD_OF_GOVERNMENT_TITLE_PANDITRAO',				'TXT_KEY_JFD_FACTION_NAME_RELIGION_HINDUISM'),		
		('RELIGION_VAJRAYANA',						'TXT_KEY_JFD_LEGISLATURE_NAME_RELIGION_BUDDHISM',					'TXT_KEY_JFD_HEAD_OF_GOVERNMENT_TITLE_SANGHARAJA',				'TXT_KEY_JFD_FACTION_NAME_RELIGION_BUDDHISM'),			
		('RELIGION_VEDIC',							'TXT_KEY_JFD_LEGISLATURE_NAME_RELIGION_HINDUISM',					'TXT_KEY_JFD_HEAD_OF_GOVERNMENT_TITLE_PANDITRAO',				'TXT_KEY_JFD_FACTION_NAME_RELIGION_HINDUISM'),		
		('RELIGION_VISHNU',							'TXT_KEY_JFD_LEGISLATURE_NAME_RELIGION_HINDUISM',					'TXT_KEY_JFD_HEAD_OF_GOVERNMENT_TITLE_PANDITRAO',				'TXT_KEY_JFD_FACTION_NAME_RELIGION_HINDUISM');	
--------------------------------------------------------------------------------------------------------------------------
-- Religion_JFD_Titles
--------------------------------------------------------------------------------------------------------------------------
INSERT INTO Religion_JFD_Titles
		(ReligionType,								DefaultTitle,														UniqueTitle, 																	UseCapitalName,	UseAdjective)
VALUES	('RELIGION_BUDDHISM',						'TXT_KEY_GOVERNMENT_JFD_THEOCRACY_TITLE_GOVERNMENT',				'TXT_KEY_GOVERNMENT_JFD_THEOCRACY_TITLE_GOVERNMENT_BUDDHISM',					0,				0),	
		('RELIGION_BUDDHISM',						'TXT_KEY_GOVERNMENT_JFD_THEOCRACY_TITLE_LEADER',					'TXT_KEY_GOVERNMENT_JFD_THEOCRACY_TITLE_LEADER_BUDDHISM',						0,				0),	
		('RELIGION_CHRISTIANITY',					'TXT_KEY_GOVERNMENT_JFD_THEOCRACY_TITLE_GOVERNMENT',				'TXT_KEY_GOVERNMENT_JFD_THEOCRACY_TITLE_GOVERNMENT_CATHOLICISM',				0,				0),	
		('RELIGION_CHRISTIANITY',					'TXT_KEY_GOVERNMENT_JFD_THEOCRACY_TITLE_LEADER',					'TXT_KEY_GOVERNMENT_JFD_THEOCRACY_TITLE_LEADER_CATHOLICISM',					0,				0),	
		('RELIGION_CONFUCIANISM',					'TXT_KEY_GOVERNMENT_JFD_THEOCRACY_TITLE_GOVERNMENT',				'TXT_KEY_GOVERNMENT_JFD_THEOCRACY_TITLE_GOVERNMENT_CONFUCIANISM',				0,				0),	
		('RELIGION_CONFUCIANISM',					'TXT_KEY_GOVERNMENT_JFD_THEOCRACY_TITLE_LEADER',					'TXT_KEY_GOVERNMENT_JFD_THEOCRACY_TITLE_LEADER_CONFUCIANISM',					0,				0),	
		('RELIGION_HERMETICISM',					'TXT_KEY_GOVERNMENT_JFD_THEOCRACY_TITLE_GOVERNMENT',				'TXT_KEY_GOVERNMENT_JFD_THEOCRACY_TITLE_GOVERNMENT_HERMETICISM',				0,				0),	
		('RELIGION_HERMETICISM',					'TXT_KEY_GOVERNMENT_JFD_THEOCRACY_TITLE_LEADER',					'TXT_KEY_GOVERNMENT_JFD_THEOCRACY_TITLE_LEADER_HERMETICISM',					0,				0),	
		('RELIGION_HINDUISM',						'TXT_KEY_GOVERNMENT_JFD_THEOCRACY_TITLE_GOVERNMENT',				'TXT_KEY_GOVERNMENT_JFD_THEOCRACY_TITLE_GOVERNMENT_HINDUISM',					0,				0),	
		('RELIGION_HINDUISM',						'TXT_KEY_GOVERNMENT_JFD_THEOCRACY_TITLE_LEADER',					'TXT_KEY_GOVERNMENT_JFD_THEOCRACY_TITLE_LEADER_HINDUISM',						0,				0),	
		('RELIGION_ISLAM',							'TXT_KEY_GOVERNMENT_JFD_THEOCRACY_TITLE_GOVERNMENT',				'TXT_KEY_GOVERNMENT_JFD_THEOCRACY_TITLE_GOVERNMENT_ISLAM',						0,				0),	
		('RELIGION_ISLAM',							'TXT_KEY_GOVERNMENT_JFD_THEOCRACY_TITLE_LEADER',					'TXT_KEY_GOVERNMENT_JFD_THEOCRACY_TITLE_LEADER_ISLAM',							0,				0),	
		('RELIGION_JUDAISM',						'TXT_KEY_GOVERNMENT_JFD_THEOCRACY_TITLE_GOVERNMENT',				'TXT_KEY_GOVERNMENT_JFD_THEOCRACY_TITLE_GOVERNMENT_JUDAISM',					0,				0),	
		('RELIGION_JUDAISM',						'TXT_KEY_GOVERNMENT_JFD_THEOCRACY_TITLE_LEADER',					'TXT_KEY_GOVERNMENT_JFD_THEOCRACY_TITLE_LEADER_JUDAISM',						0,				0),	
		('RELIGION_ORTHODOXY',						'TXT_KEY_GOVERNMENT_JFD_THEOCRACY_TITLE_GOVERNMENT',				'TXT_KEY_GOVERNMENT_JFD_THEOCRACY_TITLE_GOVERNMENT_ORTHODOXY',					1,				0),	
		('RELIGION_ORTHODOXY',						'TXT_KEY_GOVERNMENT_JFD_THEOCRACY_TITLE_LEADER',					'TXT_KEY_GOVERNMENT_JFD_THEOCRACY_TITLE_LEADER_ORTHODOXY',						0,				0),	
		('RELIGION_PROTESTANTISM',					'TXT_KEY_GOVERNMENT_JFD_THEOCRACY_TITLE_GOVERNMENT',				'TXT_KEY_GOVERNMENT_JFD_THEOCRACY_TITLE_GOVERNMENT_PROTESTANTISM',				0,				0),	
		('RELIGION_PROTESTANTISM',					'TXT_KEY_GOVERNMENT_JFD_THEOCRACY_TITLE_LEADER',					'TXT_KEY_GOVERNMENT_JFD_THEOCRACY_TITLE_LEADER_PROTESTANTISM',					0,				0),	
		('RELIGION_SHINTO',							'TXT_KEY_GOVERNMENT_JFD_THEOCRACY_TITLE_GOVERNMENT',				'TXT_KEY_GOVERNMENT_JFD_THEOCRACY_TITLE_GOVERNMENT_SHINTO',						0,				0),	
		('RELIGION_SHINTO',							'TXT_KEY_GOVERNMENT_JFD_THEOCRACY_TITLE_LEADER',					'TXT_KEY_GOVERNMENT_JFD_THEOCRACY_TITLE_LEADER_SHINTO',							0,				0),	
		('RELIGION_SIKHISM',						'TXT_KEY_GOVERNMENT_JFD_THEOCRACY_TITLE_GOVERNMENT',				'TXT_KEY_GOVERNMENT_JFD_THEOCRACY_TITLE_GOVERNMENT_SIKHISM',					0,				0),	
		('RELIGION_SIKHISM',						'TXT_KEY_GOVERNMENT_JFD_THEOCRACY_TITLE_LEADER',					'TXT_KEY_GOVERNMENT_JFD_THEOCRACY_TITLE_LEADER_SIKHISM',						0,				0),	
		('RELIGION_TENGRIISM',						'TXT_KEY_GOVERNMENT_JFD_THEOCRACY_TITLE_GOVERNMENT',				'TXT_KEY_GOVERNMENT_JFD_THEOCRACY_TITLE_GOVERNMENT_TENGRIISM',					0,				0),	
		('RELIGION_TENGRIISM',						'TXT_KEY_GOVERNMENT_JFD_THEOCRACY_TITLE_LEADER',					'TXT_KEY_GOVERNMENT_JFD_THEOCRACY_TITLE_LEADER_TENGRIISM',						0,				0),	
		('RELIGION_TAOISM',							'TXT_KEY_GOVERNMENT_JFD_THEOCRACY_TITLE_GOVERNMENT',				'TXT_KEY_GOVERNMENT_JFD_THEOCRACY_TITLE_GOVERNMENT_TAOISM',						0,				0),	
		('RELIGION_TAOISM',							'TXT_KEY_GOVERNMENT_JFD_THEOCRACY_TITLE_LEADER',					'TXT_KEY_GOVERNMENT_JFD_THEOCRACY_TITLE_LEADER_TAOISM',							0,				0),	
		('RELIGION_ZOROASTRIANISM',					'TXT_KEY_GOVERNMENT_JFD_THEOCRACY_TITLE_GOVERNMENT',				'TXT_KEY_GOVERNMENT_JFD_THEOCRACY_TITLE_GOVERNMENT_ZOROASTRIANISM',				0,				0),	
		('RELIGION_ZOROASTRIANISM',					'TXT_KEY_GOVERNMENT_JFD_THEOCRACY_TITLE_LEADER',					'TXT_KEY_GOVERNMENT_JFD_THEOCRACY_TITLE_LEADER_ZOROASTRIANISM',					0,				0),
		--Historical Religions
		('RELIGION_BOGOMILISM',						'TXT_KEY_GOVERNMENT_JFD_THEOCRACY_TITLE_GOVERNMENT',				'TXT_KEY_GOVERNMENT_JFD_THEOCRACY_TITLE_GOVERNMENT_ORTHODOXY',					1,				0),	
		('RELIGION_BOGOMILISM',						'TXT_KEY_GOVERNMENT_JFD_THEOCRACY_TITLE_LEADER',					'TXT_KEY_GOVERNMENT_JFD_THEOCRACY_TITLE_LEADER_ORTHODOXY',						0,				0),	
		('RELIGION_CATHARISM',						'TXT_KEY_GOVERNMENT_JFD_THEOCRACY_TITLE_GOVERNMENT',				'TXT_KEY_GOVERNMENT_JFD_THEOCRACY_TITLE_GOVERNMENT_CATHOLICISM',				0,				0),	
		('RELIGION_CATHARISM',						'TXT_KEY_GOVERNMENT_JFD_THEOCRACY_TITLE_LEADER',					'TXT_KEY_GOVERNMENT_JFD_THEOCRACY_TITLE_LEADER_CATHOLICISM_ANTI',				0,				0),	
		('RELIGION_CHRISTIAN_ANGLICANISM',			'TXT_KEY_GOVERNMENT_JFD_THEOCRACY_TITLE_GOVERNMENT',				'TXT_KEY_GOVERNMENT_JFD_THEOCRACY_TITLE_GOVERNMENT_PROTESTANTISM',				0,				0),	
		('RELIGION_CHRISTIAN_ANGLICANISM',			'TXT_KEY_GOVERNMENT_JFD_THEOCRACY_TITLE_LEADER',					'TXT_KEY_GOVERNMENT_JFD_THEOCRACY_TITLE_LEADER_PROTESTANTISM',					0,				0),	
		('RELIGION_CHRISTIAN_ORIENTAL_ORTHODOX',	'TXT_KEY_GOVERNMENT_JFD_THEOCRACY_TITLE_GOVERNMENT',				'TXT_KEY_GOVERNMENT_JFD_THEOCRACY_TITLE_GOVERNMENT_CATHOLICISM',				0,				0),	
		('RELIGION_CHRISTIAN_ORIENTAL_ORTHODOX',	'TXT_KEY_GOVERNMENT_JFD_THEOCRACY_TITLE_LEADER',					'TXT_KEY_GOVERNMENT_JFD_THEOCRACY_TITLE_LEADER_CATHOLICISM',					0,				0),	
		('RELIGION_CHALDEANISM',					'TXT_KEY_GOVERNMENT_JFD_THEOCRACY_TITLE_GOVERNMENT',				'TXT_KEY_GOVERNMENT_JFD_THEOCRACY_TITLE_GOVERNMENT_ORTHODOXY',					1,				0),	
		('RELIGION_CHALDEANISM',					'TXT_KEY_GOVERNMENT_JFD_THEOCRACY_TITLE_LEADER',					'TXT_KEY_GOVERNMENT_JFD_THEOCRACY_TITLE_LEADER_ORTHODOXY',						0,				0),	
		('RELIGION_HUSSITISM',						'TXT_KEY_GOVERNMENT_JFD_THEOCRACY_TITLE_GOVERNMENT',				'TXT_KEY_GOVERNMENT_JFD_THEOCRACY_TITLE_GOVERNMENT_CATHOLICISM',				0,				0),	
		('RELIGION_HUSSITISM',						'TXT_KEY_GOVERNMENT_JFD_THEOCRACY_TITLE_LEADER',					'TXT_KEY_GOVERNMENT_JFD_THEOCRACY_TITLE_LEADER_CATHOLICISM',					0,				0),	
		('RELIGION_ISLAM_IBADI',					'TXT_KEY_GOVERNMENT_JFD_THEOCRACY_TITLE_GOVERNMENT',				'TXT_KEY_GOVERNMENT_JFD_THEOCRACY_TITLE_GOVERNMENT_ISLAM',						0,				0),	
		('RELIGION_ISLAM_IBADI',					'TXT_KEY_GOVERNMENT_JFD_THEOCRACY_TITLE_LEADER',					'TXT_KEY_GOVERNMENT_JFD_THEOCRACY_TITLE_LEADER_ISLAM',							0,				0),	
		('RELIGION_ISLAM_SHIA',						'TXT_KEY_GOVERNMENT_JFD_THEOCRACY_TITLE_GOVERNMENT',				'TXT_KEY_GOVERNMENT_JFD_THEOCRACY_TITLE_GOVERNMENT_ISLAM',						0,				0),	
		('RELIGION_ISLAM_SHIA',						'TXT_KEY_GOVERNMENT_JFD_THEOCRACY_TITLE_LEADER',					'TXT_KEY_GOVERNMENT_JFD_THEOCRACY_TITLE_LEADER_ISLAM',							0,				0),	
		('RELIGION_MAHAYANA',						'TXT_KEY_GOVERNMENT_JFD_THEOCRACY_TITLE_GOVERNMENT',				'TXT_KEY_GOVERNMENT_JFD_THEOCRACY_TITLE_GOVERNMENT_BUDDHISM',					0,				0),	
		('RELIGION_MAHAYANA',						'TXT_KEY_GOVERNMENT_JFD_THEOCRACY_TITLE_LEADER',					'TXT_KEY_GOVERNMENT_JFD_THEOCRACY_TITLE_LEADER_BUDDHISM',						0,				0),	
		('RELIGION_MUTAZILA',						'TXT_KEY_GOVERNMENT_JFD_THEOCRACY_TITLE_GOVERNMENT',				'TXT_KEY_GOVERNMENT_JFD_THEOCRACY_TITLE_GOVERNMENT_ISLAM',						0,				0),	
		('RELIGION_MUTAZILA',						'TXT_KEY_GOVERNMENT_JFD_THEOCRACY_TITLE_LEADER',					'TXT_KEY_GOVERNMENT_JFD_THEOCRACY_TITLE_LEADER_ISLAM',							0,				0),	
		('RELIGION_PROTESTANT_BAPTIST',				'TXT_KEY_GOVERNMENT_JFD_THEOCRACY_TITLE_GOVERNMENT',				'TXT_KEY_GOVERNMENT_JFD_THEOCRACY_TITLE_GOVERNMENT_PROTESTANTISM',				0,				0),	
		('RELIGION_PROTESTANT_BAPTIST',				'TXT_KEY_GOVERNMENT_JFD_THEOCRACY_TITLE_LEADER',					'TXT_KEY_GOVERNMENT_JFD_THEOCRACY_TITLE_LEADER_PROTESTANTISM',					0,				0),	
		('RELIGION_PROTESTANT_CALVINISM',			'TXT_KEY_GOVERNMENT_JFD_THEOCRACY_TITLE_GOVERNMENT',				'TXT_KEY_GOVERNMENT_JFD_THEOCRACY_TITLE_GOVERNMENT_PROTESTANTISM',				0,				0),	
		('RELIGION_PROTESTANT_CALVINISM',			'TXT_KEY_GOVERNMENT_JFD_THEOCRACY_TITLE_LEADER',					'TXT_KEY_GOVERNMENT_JFD_THEOCRACY_TITLE_LEADER_PROTESTANTISM',					0,				0),	
		('RELIGION_PROTESTANT_METHODISM',			'TXT_KEY_GOVERNMENT_JFD_THEOCRACY_TITLE_GOVERNMENT',				'TXT_KEY_GOVERNMENT_JFD_THEOCRACY_TITLE_GOVERNMENT_PROTESTANTISM',				0,				0),	
		('RELIGION_PROTESTANT_METHODISM',			'TXT_KEY_GOVERNMENT_JFD_THEOCRACY_TITLE_LEADER',					'TXT_KEY_GOVERNMENT_JFD_THEOCRACY_TITLE_LEADER_PROTESTANTISM',					0,				0),	
		('RELIGION_ROMUVA',							'TXT_KEY_GOVERNMENT_JFD_THEOCRACY_TITLE_LEADER',					'TXT_KEY_GOVERNMENT_JFD_THEOCRACY_TITLE_LEADER_ROMUVA',							0,				0),	
		('RELIGION_SHAKTI',							'TXT_KEY_GOVERNMENT_JFD_THEOCRACY_TITLE_GOVERNMENT',				'TXT_KEY_GOVERNMENT_JFD_THEOCRACY_TITLE_GOVERNMENT_HINDUISM',					0,				0),	
		('RELIGION_SHAKTI',							'TXT_KEY_GOVERNMENT_JFD_THEOCRACY_TITLE_LEADER',					'TXT_KEY_GOVERNMENT_JFD_THEOCRACY_TITLE_LEADER_HINDUISM',						0,				0),	
		('RELIGION_SHIVA',							'TXT_KEY_GOVERNMENT_JFD_THEOCRACY_TITLE_GOVERNMENT',				'TXT_KEY_GOVERNMENT_JFD_THEOCRACY_TITLE_GOVERNMENT_HINDUISM',					0,				0),	
		('RELIGION_SHIVA',							'TXT_KEY_GOVERNMENT_JFD_THEOCRACY_TITLE_LEADER',					'TXT_KEY_GOVERNMENT_JFD_THEOCRACY_TITLE_LEADER_HINDUISM',						0,				0),	
		('RELIGION_VAJRAYANA',						'TXT_KEY_GOVERNMENT_JFD_THEOCRACY_TITLE_GOVERNMENT',				'TXT_KEY_GOVERNMENT_JFD_THEOCRACY_TITLE_GOVERNMENT_BUDDHISM',					0,				0),	
		('RELIGION_VAJRAYANA',						'TXT_KEY_GOVERNMENT_JFD_THEOCRACY_TITLE_LEADER',					'TXT_KEY_GOVERNMENT_JFD_THEOCRACY_TITLE_LEADER_BUDDHISM',						0,				0),	
		('RELIGION_VEDIC',							'TXT_KEY_GOVERNMENT_JFD_THEOCRACY_TITLE_GOVERNMENT',				'TXT_KEY_GOVERNMENT_JFD_THEOCRACY_TITLE_GOVERNMENT_HINDUISM',					0,				0),	
		('RELIGION_VEDIC',							'TXT_KEY_GOVERNMENT_JFD_THEOCRACY_TITLE_LEADER',					'TXT_KEY_GOVERNMENT_JFD_THEOCRACY_TITLE_LEADER_HINDUISM',						0,				0),	
		('RELIGION_VISHNU',							'TXT_KEY_GOVERNMENT_JFD_THEOCRACY_TITLE_GOVERNMENT',				'TXT_KEY_GOVERNMENT_JFD_THEOCRACY_TITLE_GOVERNMENT_HINDUISM',					0,				0),	
		('RELIGION_VISHNU',							'TXT_KEY_GOVERNMENT_JFD_THEOCRACY_TITLE_LEADER',					'TXT_KEY_GOVERNMENT_JFD_THEOCRACY_TITLE_LEADER_HINDUISM',						0,				0);	
--==========================================================================================================================
--==========================================================================================================================